ugc,fips,cwa,zone_name,county,vintages
AKZ317,02282,AJK,City and Borough of Yakutat,Yakutat,bp16ap26 bp18mr25
AKZ318,02230,AJK,Municipality of Skagway,Skagway,bp16ap26 bp18mr25
AKZ319,02100,AJK,Haines Borough and Klukwan,Haines,bp16ap26 bp18mr25
AKZ320,02105,AJK,Glacier Bay,Hoonah-Angoon,bp16ap26 bp18mr25
AKZ321,02105,AJK,Eastern Chichagof Island,Hoonah-Angoon,bp16ap26 bp18mr25
AKZ322,02105,AJK,Cape Fairweather to Lisianski Strait,Hoonah-Angoon,bp16ap26 bp18mr25
AKZ323,02220,AJK,City and Borough of Sitka,Sitka,bp16ap26 bp18mr25
AKZ324,02105,AJK,Admiralty Island,Hoonah-Angoon,bp16ap26 bp18mr25
AKZ325,02110,AJK,City and Borough of Juneau,Juneau,bp16ap26 bp18mr25
AKZ326,02195,AJK,Petersburg Borough,Petersburg Borough,bp16ap26 bp18mr25
AKZ327,02198,AJK,Western Kupreanof and Kuiu Island,Prince of Wales-Hyder,bp16ap26 bp18mr25
AKZ328,02198,AJK,Prince of Wales Island,Prince of Wales-Hyder,bp16ap26 bp18mr25
AKZ329,02275,AJK,City and Borough of Wrangell,Wrangell,bp16ap26 bp18mr25
AKZ330,02130,AJK,Ketchikan Gateway Borough,Ketchikan,bp16ap26 bp18mr25
AKZ331,02198,AJK,City of Hyder,Prince of Wales-Hyder,bp16ap26 bp18mr25
AKZ332,02198,AJK,Annette Island,Prince of Wales-Hyder,bp16ap26 bp18mr25
AKZ701,02020,AFC,Anchorage / Eagle River (lower elevations),Anchorage Municipality,bp16ap26 bp18mr25
AKZ702,02020,AFC,Anchorage Hillside / Upper Eagle River,Anchorage Municipality,bp16ap26 bp18mr25
AKZ703,02020,AFC,East Turnagain Arm,Anchorage Municipality,bp16ap26 bp18mr25
AKZ704,02020,AFC,Portage,Anchorage Municipality,bp16ap26 bp18mr25
AKZ711,02170,AFC,Lower Matanuska Valley,Matanuska-Susitna Borough,bp16ap26 bp18mr25
AKZ712,02170,AFC,Hatcher Pass,Matanuska-Susitna Borough,bp16ap26 bp18mr25
AKZ713,02170,AFC,Sutton / Upper Matanuska Valley,Matanuska-Susitna Borough,bp16ap26 bp18mr25
AKZ714,02170,AFC,Eureka / Tahneta Pass,Matanuska-Susitna Borough,bp16ap26 bp18mr25
AKZ721,02122,AFC,Southern Kachemak Bay,Kenai Peninsula Borough,bp16ap26 bp18mr25
AKZ722,02122,AFC,Southwest Kenai Peninsula,Kenai Peninsula Borough,bp16ap26 bp18mr25
AKZ723,02122,AFC,Northwest Kenai Peninsula,Kenai Peninsula Borough,bp16ap26 bp18mr25
AKZ724,02122,AFC,Skilak Lake/Eastern Sterling Highway,Kenai Peninsula Borough,bp16ap26 bp18mr25
AKZ725,02122,AFC,Southern Kenai Mtns/Seward,Kenai Peninsula Borough,bp16ap26 bp18mr25
AKZ726,02122,AFC,Interior Kenai Peninsula,Kenai Peninsula Borough,bp16ap26 bp18mr25
AKZ727,02122,AFC,Turnagain Pass,Kenai Peninsula Borough,bp16ap26 bp18mr25
AKZ728,02063,AFC,West Prince William Sound and Whittier,Chugach Census Area,bp16ap26 bp18mr25
AKZ729,02122,AFC,Tyonek,Kenai Peninsula Borough,bp16ap26 bp18mr25
AKZ731,02063,AFC,Valdez,Chugach Census Area,bp16ap26 bp18mr25
AKZ732,02063,AFC,Thompson Pass,Chugach Census Area,bp16ap26 bp18mr25
AKZ735,02063,AFC,Cordova,Chugach Census Area,bp16ap26 bp18mr25
AKZ741,02066,AFC,Northern Copper Valley,Copper River Census Area,bp16ap26 bp18mr25
AKZ742,02066,AFC,Western Copper Valley,Copper River Census Area,bp16ap26 bp18mr25
AKZ743,02066,AFC,Central Copper Valley,Copper River Census Area,bp16ap26 bp18mr25
AKZ744,02066,AFC,Ernestine,Copper River Census Area,bp16ap26 bp18mr25
AKZ745,02170,AFC,Western,Matanuska-Susitna Borough,bp16ap26 bp18mr25
AKZ746,02170,AFC,Southern,Matanuska-Susitna Borough,bp16ap26 bp18mr25
AKZ747,02170,AFC,Central,Matanuska-Susitna Borough,bp16ap26 bp18mr25
AKZ748,02170,AFC,Northern ,Matanuska-Susitna Borough,bp16ap26 bp18mr25
AKZ749,02066,AFC,Southern Copper Valley,Copper River Census Area,bp16ap26 bp18mr25
AKZ750,02066,AFC,Tok Cutoff,Copper River Census Area,bp16ap26 bp18mr25
AKZ751,02066,AFC,McCarthy,Copper River Census Area,bp16ap26 bp18mr25
AKZ752,02050,AFC,Kuskokwim Valley West,Bethel Census Area,bp16ap26 bp18mr25
AKZ753,02050,AFC,Kuskokwim Valley East,Bethel Census Area,bp16ap26 bp18mr25
AKZ754,02050,AFC,Lime Village,Bethel Census Area,bp16ap26 bp18mr25
AKZ755,02050,AFC,Kuskokwim Delta Coast and Nunivak Island ,Bethel Census Area,bp16ap26 bp18mr25
AKZ756,02050,AFC,Inland Kuskokwim Delta,Bethel Census Area,bp16ap26 bp18mr25
AKZ757,02050,AFC,Western Capes,Bethel Census Area,bp16ap26 bp18mr25
AKZ761,02164,AFC,Central Alaska Peninsula,Lake and Peninsula Borough,bp16ap26 bp18mr25
AKZ762,02164,AFC,Northern Alaska Peninsula,Lake and Peninsula Borough,bp16ap26 bp18mr25
AKZ763,02060,AFC,Bristol Bay Borough (Naknek and King Salmon),Bristol Bay Borough,bp16ap26 bp18mr25
AKZ764,02070,AFC,Northern Bristol Bay Coast,Dillingham Census Area,bp16ap26 bp18mr25
AKZ765,02070,AFC,Inland Bristol Bay,Dillingham Census Area,bp16ap26 bp18mr25
AKZ766,02164,AFC,Lake Iliamna / Nanvarpak / Nila Vena,Lake and Peninsula Borough,bp16ap26 bp18mr25
AKZ771,02150,AFC,Kodiak Island Northeast,Kodiak Island Borough,bp16ap26 bp18mr25
AKZ772,02150,AFC,Kodiak Island Southwest,Kodiak Island Borough,bp16ap26 bp18mr25
AKZ773,02164,AFC,Chignik,Lake and Peninsula Borough,bp16ap26 bp18mr25
AKZ781,02013,AFC,Southern Alaska Peninsula,Aleutians East Borough,bp16ap26 bp18mr25
AKZ785,02016,AFC,Eastern Aleutians,Aleutians West Census Area,bp16ap26 bp18mr25
AKZ787,02016,AFC,Central Aleutians,Aleutians West Census Area,bp16ap26 bp18mr25
AKZ791,02016,AFC,Western Aleutians,Aleutians West Census Area,bp16ap26 bp18mr25
AKZ795,02016,AFC,Pribilof Islands,Aleutians West Census Area,bp16ap26 bp18mr25
AKZ801,02185,AFG,Western Arctic Coast,North Slope,bp16ap26 bp18mr25
AKZ802,02185,AFG,Northwest Arctic Coast,North Slope,bp16ap26 bp18mr25
AKZ803,02185,AFG,Northern Arctic Coast,North Slope,bp16ap26 bp18mr25
AKZ804,02185,AFG,Central Beaufort Sea Coast,North Slope,bp16ap26 bp18mr25
AKZ805,02185,AFG,Eastern Beaufort Sea Coast,North Slope,bp16ap26 bp18mr25
AKZ806,02185,AFG,Western Arctic Plains,North Slope,bp16ap26 bp18mr25
AKZ807,02185,AFG,Howard Pass and the Delong Mountains,North Slope,bp16ap26 bp18mr25
AKZ808,02185,AFG,Central Arctic Plains,North Slope,bp16ap26 bp18mr25
AKZ809,02185,AFG,Central Brooks Range,North Slope,bp16ap26 bp18mr25
AKZ810,02185,AFG,Romanzof Mountains,North Slope,bp16ap26 bp18mr25
AKZ811,02290,AFG,South Slopes of the Eastern Brooks Range,Yukon-Koyukuk,bp16ap26 bp18mr25
AKZ812,02290,AFG,South Slopes of the Central Brooks Range,Yukon-Koyukuk,bp16ap26 bp18mr25
AKZ813,02188,AFG,South Slopes of the Western Brooks Range,Northwest Arctic,bp16ap26 bp18mr25
AKZ814,02188,AFG,Noatak Valley,Northwest Arctic,bp16ap26 bp18mr25
AKZ815,02188,AFG,Kivalina and Red Dog Dock,Northwest Arctic,bp16ap26 bp18mr25
AKZ816,02188,AFG,Lower Kobuk Valley,Northwest Arctic,bp16ap26 bp18mr25
AKZ817,02188,AFG,Baldwin Peninsula,Northwest Arctic,bp16ap26 bp18mr25
AKZ818,02188,AFG,Northern Seward Peninsula,Northwest Arctic,bp16ap26 bp18mr25
AKZ819,02188,AFG,Upper Kobuk Valleys,Northwest Arctic,bp16ap26 bp18mr25
AKZ820,02180,AFG,Shishmaref,Nome,bp16ap26 bp18mr25
AKZ821,02180,AFG,Bering Strait Coast,Nome,bp16ap26 bp18mr25
AKZ822,02180,AFG,Southern Seward Peninsula Coast,Nome,bp16ap26 bp18mr25
AKZ823,02180,AFG,Interior Seward Peninsula,Nome,bp16ap26 bp18mr25
AKZ824,02180,AFG,Eastern Norton Sound and Nulato Hills,Nome,bp16ap26 bp18mr25
AKZ825,02158,AFG,Yukon Delta Coast,Kusilvak,bp16ap26 bp18mr25
AKZ826,02158,AFG,Lower Yukon River,Kusilvak,bp16ap26 bp18mr25
AKZ827,02180,AFG,St. Lawrence Island,Nome,bp16ap26 bp18mr25
AKZ828,02290,AFG,Lower Koyukuk Valley,Yukon-Koyukuk,bp16ap26 bp18mr25
AKZ829,02290,AFG,Middle Yukon Valley,Yukon-Koyukuk,bp16ap26 bp18mr25
AKZ830,02290,AFG,Lower Yukon and Innoko Valleys,Yukon-Koyukuk,bp16ap26 bp18mr25
AKZ831,02290,AFG,Upper Koyukuk Valley,Yukon-Koyukuk,bp16ap26 bp18mr25
AKZ832,02290,AFG,Dalton Highway Summits,Yukon-Koyukuk,bp16ap26 bp18mr25
AKZ833,02290,AFG,Yukon Flats,Yukon-Koyukuk,bp16ap26 bp18mr25
AKZ834,02290,AFG,White Mountains and High Terrain South of the Yukon River,Yukon-Koyukuk,bp16ap26 bp18mr25
AKZ835,02240,AFG,Fortymile Country,Southeast Fairbanks,bp16ap26 bp18mr25
AKZ836,02240,AFG,Upper Tanana Valley,Southeast Fairbanks,bp16ap26 bp18mr25
AKZ837,02240,AFG,Delta Junction,Southeast Fairbanks,bp16ap26 bp18mr25
AKZ838,02090,AFG,Upper Chena River Valley,Fairbanks North Star,bp16ap26 bp18mr25
AKZ839,02090,AFG,Tanana Flats,Fairbanks North Star,bp16ap26 bp18mr25
AKZ840,02090,AFG,Eielson Air Force Base and Salcha,Fairbanks North Star,bp16ap26 bp18mr25
AKZ841,02090,AFG,Goldstream Valley and Nenana Hills,Fairbanks North Star,bp16ap26 bp18mr25
AKZ842,02090,AFG,Chatanika River Valley,Fairbanks North Star,bp16ap26 bp18mr25
AKZ843,02090,AFG,Two Rivers,Fairbanks North Star,bp16ap26 bp18mr25
AKZ844,02090,AFG,Fairbanks Metro Area,Fairbanks North Star,bp16ap26 bp18mr25
AKZ845,02290,AFG,Nenana,Yukon-Koyukuk,bp16ap26 bp18mr25
AKZ846,02290,AFG,Central Interior,Yukon-Koyukuk,bp16ap26 bp18mr25
AKZ847,02068,AFG,Northern Denali Borough,Denali,bp16ap26 bp18mr25
AKZ848,02068,AFG,Southern Denali Borough,Denali,bp16ap26 bp18mr25
AKZ849,02240,AFG,Eastern Alaska Range North of Trims Camp,Southeast Fairbanks,bp16ap26 bp18mr25
AKZ850,02240,AFG,Eastern Alaska Range South of Trims Camp,Southeast Fairbanks,bp16ap26 bp18mr25
AKZ851,02290,AFG,North Slopes of the Western Alaska Range,Yukon-Koyukuk,bp16ap26 bp18mr25
AKZ852,02290,AFG,Upper Kuskokwim Valley,Yukon-Koyukuk,bp16ap26 bp18mr25
ALZ001,01077,HUN,Lauderdale,Lauderdale,bp16ap26 bp18mr25
ALZ002,01033,HUN,Colbert,Colbert,bp16ap26 bp18mr25
ALZ003,01059,HUN,Franklin,Franklin,bp16ap26 bp18mr25
ALZ004,01079,HUN,Lawrence,Lawrence,bp16ap26 bp18mr25
ALZ005,01083,HUN,Limestone,Limestone,bp16ap26 bp18mr25
ALZ006,01089,HUN,Madison,Madison,bp16ap26 bp18mr25
ALZ007,01103,HUN,Morgan,Morgan,bp16ap26 bp18mr25
ALZ008,01095,HUN,Marshall,Marshall,bp16ap26 bp18mr25
ALZ009,01071,HUN,Jackson,Jackson,bp16ap26 bp18mr25
ALZ010,01049,HUN,DefireKalb,DeKalb,bp16ap26 bp18mr25
ALZ011,01093,BMX,Marion,Marion,bp16ap26 bp18mr25
ALZ012,01075,BMX,Lamar,Lamar,bp16ap26 bp18mr25
ALZ013,01057,BMX,Fayette,Fayette,bp16ap26 bp18mr25
ALZ014,01133,BMX,Winston,Winston,bp16ap26 bp18mr25
ALZ015,01127,BMX,Walker,Walker,bp16ap26 bp18mr25
ALZ016,01043,HUN,Cullman,Cullman,bp16ap26 bp18mr25
ALZ017,01009,BMX,Blount,Blount,bp16ap26 bp18mr25
ALZ018,01055,BMX,Etowah,Etowah,bp16ap26 bp18mr25
ALZ019,01015,BMX,Calhoun,Calhoun,bp16ap26 bp18mr25
ALZ020,01019,BMX,Cherokee,Cherokee,bp16ap26 bp18mr25
ALZ021,01029,BMX,Cleburne,Cleburne,bp16ap26 bp18mr25
ALZ022,01107,BMX,Pickens,Pickens,bp16ap26 bp18mr25
ALZ023,01125,BMX,Tuscaloosa,Tuscaloosa,bp16ap26 bp18mr25
ALZ024,01073,BMX,Jefferson,Jefferson,bp16ap26 bp18mr25
ALZ025,01117,BMX,Shelby,Shelby,bp16ap26 bp18mr25
ALZ026,01115,BMX,St. Clair,St. Clair,bp16ap26 bp18mr25
ALZ027,01121,BMX,Talladega,Talladega,bp16ap26 bp18mr25
ALZ028,01027,BMX,Clay,Clay,bp16ap26 bp18mr25
ALZ029,01111,BMX,Randolph,Randolph,bp16ap26 bp18mr25
ALZ030,01119,BMX,Sumter,Sumter,bp16ap26 bp18mr25
ALZ031,01063,BMX,Greene,Greene,bp16ap26 bp18mr25
ALZ032,01065,BMX,Hale,Hale,bp16ap26 bp18mr25
ALZ033,01105,BMX,Perry,Perry,bp16ap26 bp18mr25
ALZ034,01007,BMX,Bibb,Bibb,bp16ap26 bp18mr25
ALZ035,01021,BMX,Chilton,Chilton,bp16ap26 bp18mr25
ALZ036,01037,BMX,Coosa,Coosa,bp16ap26 bp18mr25
ALZ037,01123,BMX,Tallapoosa,Tallapoosa,bp16ap26 bp18mr25
ALZ038,01017,BMX,Chambers,Chambers,bp16ap26 bp18mr25
ALZ039,01091,BMX,Marengo,Marengo,bp16ap26 bp18mr25
ALZ040,01047,BMX,Dallas,Dallas,bp16ap26 bp18mr25
ALZ041,01001,BMX,Autauga,Autauga,bp16ap26 bp18mr25
ALZ042,01085,BMX,Lowndes,Lowndes,bp16ap26 bp18mr25
ALZ043,01051,BMX,Elmore,Elmore,bp16ap26 bp18mr25
ALZ044,01101,BMX,Montgomery,Montgomery,bp16ap26 bp18mr25
ALZ045,01087,BMX,Macon,Macon,bp16ap26 bp18mr25
ALZ046,01011,BMX,Bullock,Bullock,bp16ap26 bp18mr25
ALZ047,01081,BMX,Lee,Lee,bp16ap26 bp18mr25
ALZ048,01113,BMX,Russell,Russell,bp16ap26 bp18mr25
ALZ049,01109,BMX,Pike,Pike,bp16ap26 bp18mr25
ALZ050,01005,BMX,Barbour,Barbour,bp16ap26 bp18mr25
ALZ051,01023,MOB,Choctaw,Choctaw,bp16ap26 bp18mr25
ALZ052,01129,MOB,Washington,Washington,bp16ap26 bp18mr25
ALZ053,01025,MOB,Clarke,Clarke,bp16ap26 bp18mr25
ALZ054,01131,MOB,Wilcox,Wilcox,bp16ap26 bp18mr25
ALZ055,01099,MOB,Monroe,Monroe,bp16ap26 bp18mr25
ALZ056,01035,MOB,Conecuh,Conecuh,bp16ap26 bp18mr25
ALZ057,01013,MOB,Butler,Butler,bp16ap26 bp18mr25
ALZ058,01041,MOB,Crenshaw,Crenshaw,bp16ap26 bp18mr25
ALZ059,01053,MOB,Escambia,Escambia,bp16ap26 bp18mr25
ALZ060,01039,MOB,Covington,Covington,bp16ap26 bp18mr25
ALZ065,01031,TAE,Coffee,Coffee,bp16ap26 bp18mr25
ALZ066,01045,TAE,Dale,Dale,bp16ap26 bp18mr25
ALZ067,01067,TAE,Henry,Henry,bp16ap26 bp18mr25
ALZ068,01061,TAE,Geneva,Geneva,bp16ap26 bp18mr25
ALZ069,01069,TAE,Houston,Houston,bp16ap26 bp18mr25
ALZ261,01097,MOB,Mobile Inland,Mobile,bp16ap26 bp18mr25
ALZ262,01003,MOB,Baldwin Inland,Baldwin,bp16ap26 bp18mr25
ALZ263,01097,MOB,Mobile Central,Mobile,bp16ap26 bp18mr25
ALZ264,01003,MOB,Baldwin Central,Baldwin,bp16ap26 bp18mr25
ALZ265,01097,MOB,Mobile Coastal,Mobile,bp16ap26 bp18mr25
ALZ266,01003,MOB,Baldwin Coastal,Baldwin,bp16ap26 bp18mr25
ARZ001,05007,TSA,Benton,Benton,bp16ap26 bp18mr25
ARZ002,05015,TSA,Carroll,Carroll,bp16ap26 bp18mr25
ARZ004,05089,LZK,Marion,Marion,bp16ap26 bp18mr25
ARZ005,05005,LZK,Baxter,Baxter,bp16ap26 bp18mr25
ARZ006,05049,LZK,Fulton,Fulton,bp16ap26 bp18mr25
ARZ007,05135,LZK,Sharp,Sharp,bp16ap26 bp18mr25
ARZ008,05121,LZK,Randolph,Randolph,bp16ap26 bp18mr25
ARZ009,05021,MEG,Clay,Clay,bp16ap26 bp18mr25
ARZ010,05143,TSA,Washington,Washington,bp16ap26 bp18mr25
ARZ011,05087,TSA,Madison,Madison,bp16ap26 bp18mr25
ARZ014,05137,LZK,Stone,Stone,bp16ap26 bp18mr25
ARZ015,05065,LZK,Izard,Izard,bp16ap26 bp18mr25
ARZ016,05063,LZK,Independence,Independence,bp16ap26 bp18mr25
ARZ017,05075,LZK,Lawrence,Lawrence,bp16ap26 bp18mr25
ARZ018,05055,MEG,Greene,Greene,bp16ap26 bp18mr25
ARZ019,05033,TSA,Crawford,Crawford,bp18mr25
ARZ020,05047,TSA,Franklin,Franklin,bp18mr25
ARZ024,05023,LZK,Cleburne,Cleburne,bp16ap26 bp18mr25
ARZ025,05067,LZK,Jackson,Jackson,bp16ap26 bp18mr25
ARZ026,05031,MEG,Craighead,Craighead,bp16ap26 bp18mr25
ARZ027,05111,MEG,Poinsett,Poinsett,bp16ap26 bp18mr25
ARZ028,05093,MEG,Mississippi,Mississippi,bp16ap26 bp18mr25
ARZ029,05131,TSA,Sebastian,Sebastian,bp18mr25
ARZ031,05029,LZK,Conway,Conway,bp16ap26 bp18mr25
ARZ032,05045,LZK,Faulkner,Faulkner,bp16ap26 bp18mr25
ARZ033,05145,LZK,White,White,bp16ap26 bp18mr25
ARZ034,05147,LZK,Woodruff,Woodruff,bp16ap26 bp18mr25
ARZ035,05037,MEG,Cross,Cross,bp16ap26 bp18mr25
ARZ036,05035,MEG,Crittenden,Crittenden,bp16ap26 bp18mr25
ARZ039,05105,LZK,Perry,Perry,bp16ap26 bp18mr25
ARZ042,05051,LZK,Garland,Garland,bp16ap26 bp18mr25
ARZ043,05125,LZK,Saline,Saline,bp16ap26 bp18mr25
ARZ044,05119,LZK,Pulaski,Pulaski,bp16ap26 bp18mr25
ARZ045,05085,LZK,Lonoke,Lonoke,bp16ap26 bp18mr25
ARZ046,05117,LZK,Prairie,Prairie,bp16ap26 bp18mr25
ARZ047,05095,LZK,Monroe,Monroe,bp16ap26 bp18mr25
ARZ048,05123,MEG,St. Francis,St. Francis,bp16ap26 bp18mr25
ARZ049,05077,MEG,Lee,Lee,bp16ap26 bp18mr25
ARZ050,05133,SHV,Sevier,Sevier,bp16ap26 bp18mr25
ARZ051,05061,SHV,Howard,Howard,bp16ap26 bp18mr25
ARZ052,05109,LZK,Pike,Pike,bp16ap26 bp18mr25
ARZ053,05019,LZK,Clark,Clark,bp16ap26 bp18mr25
ARZ054,05059,LZK,Hot Spring,Hot Spring,bp16ap26 bp18mr25
ARZ055,05053,LZK,Grant,Grant,bp16ap26 bp18mr25
ARZ056,05069,LZK,Jefferson,Jefferson,bp16ap26 bp18mr25
ARZ057,05001,LZK,Arkansas,Arkansas,bp16ap26 bp18mr25
ARZ058,05107,MEG,Phillips,Phillips,bp16ap26 bp18mr25
ARZ059,05081,SHV,Little River,Little River,bp16ap26 bp18mr25
ARZ060,05057,SHV,Hempstead,Hempstead,bp16ap26 bp18mr25
ARZ061,05099,SHV,Nevada,Nevada,bp16ap26 bp18mr25
ARZ062,05039,LZK,Dallas,Dallas,bp16ap26 bp18mr25
ARZ063,05025,LZK,Cleveland,Cleveland,bp16ap26 bp18mr25
ARZ064,05079,LZK,Lincoln,Lincoln,bp16ap26 bp18mr25
ARZ065,05041,LZK,Desha,Desha,bp16ap26 bp18mr25
ARZ066,05103,LZK,Ouachita,Ouachita,bp16ap26 bp18mr25
ARZ067,05013,LZK,Calhoun,Calhoun,bp16ap26 bp18mr25
ARZ068,05011,LZK,Bradley,Bradley,bp16ap26 bp18mr25
ARZ069,05043,LZK,Drew,Drew,bp16ap26 bp18mr25
ARZ070,05091,SHV,Miller,Miller,bp16ap26 bp18mr25
ARZ071,05073,SHV,Lafayette,Lafayette,bp16ap26 bp18mr25
ARZ072,05027,SHV,Columbia,Columbia,bp16ap26 bp18mr25
ARZ073,05139,SHV,Union,Union,bp16ap26 bp18mr25
ARZ074,05003,JAN,Ashley,Ashley,bp16ap26 bp18mr25
ARZ075,05017,JAN,Chicot,Chicot,bp16ap26 bp18mr25
ARZ103,05009,LZK,Boone County Except Southwest,Boone,bp16ap26 bp18mr25
ARZ112,05101,LZK,Newton County Higher Elevations,Newton,bp16ap26 bp18mr25
ARZ113,05129,LZK,Searcy County Lower Elevations,Searcy,bp16ap26 bp18mr25
ARZ119,05033,TSA,Northern Crawford,Crawford,bp16ap26
ARZ120,05047,TSA,Northern Franklin,Franklin,bp16ap26
ARZ121,05071,LZK,Southern Johnson County,Johnson,bp16ap26 bp18mr25
ARZ122,05115,LZK,Southern Pope County,Pope,bp16ap26 bp18mr25
ARZ123,05141,LZK,Southeast Van Buren County,Van Buren,bp16ap26 bp18mr25
ARZ129,05131,TSA,North and Central Sebastian,Sebastian,bp16ap26
ARZ130,05083,LZK,Western and Northern Logan County,Logan,bp16ap26 bp18mr25
ARZ137,05127,LZK,Northern Scott County,Scott,bp16ap26 bp18mr25
ARZ138,05149,LZK,Northwest Yell County,Yell,bp16ap26 bp18mr25
ARZ140,05113,LZK,Polk County Lower Elevations,Polk,bp16ap26 bp18mr25
ARZ141,05097,LZK,Central and Eastern Montgomery County,Montgomery,bp16ap26 bp18mr25
ARZ203,05009,LZK,Boone County Higher Elevations,Boone,bp16ap26 bp18mr25
ARZ212,05101,LZK,Newton County Lower Elevations,Newton,bp16ap26 bp18mr25
ARZ213,05129,LZK,Northwest Searcy County Higher Elevations,Searcy,bp16ap26 bp18mr25
ARZ219,05033,TSA,Southern Crawford,Crawford,bp16ap26
ARZ220,05047,TSA,Central and Southern Franklin,Franklin,bp16ap26
ARZ221,05071,LZK,Johnson County Higher Elevations,Johnson,bp16ap26 bp18mr25
ARZ222,05115,LZK,Pope County Higher Elevations,Pope,bp16ap26 bp18mr25
ARZ223,05141,LZK,Van Buren County Higher Elevations,Van Buren,bp16ap26 bp18mr25
ARZ229,05131,TSA,Southern Sebastian,Sebastian,bp16ap26
ARZ230,05083,LZK,Southern and Eastern Logan County,Logan,bp16ap26 bp18mr25
ARZ237,05127,LZK,Central and Southern Scott County,Scott,bp16ap26 bp18mr25
ARZ238,05149,LZK,Yell Excluding Northwest,Yell,bp16ap26 bp18mr25
ARZ240,05113,LZK,Northern Polk County Higher Elevations,Polk,bp16ap26 bp18mr25
ARZ241,05097,LZK,Northern Montgomery County Higher Elevations,Montgomery,bp16ap26 bp18mr25
ARZ313,05129,LZK,"Eastern, Central, and Southern Searcy County Higher Elevations",Searcy,bp16ap26 bp18mr25
ARZ340,05113,LZK,Southeast Polk County Higher Elevations,Polk,bp16ap26 bp18mr25
ARZ341,05097,LZK,Southwest Montgomery County Higher Elevations,Montgomery,bp16ap26 bp18mr25
ASZ001,60010,PPG,Tutuila and Aunuu,Eastern,bp16ap26 bp18mr25
ASZ001,60050,PPG,Tutuila and Aunuu,Western,bp16ap26 bp18mr25
ASZ002,60020,PPG,Manua,Manu'a,bp16ap26 bp18mr25
ASZ003,60040,PPG,Swains Island,Swains Island,bp16ap26 bp18mr25
ASZ004,60030,PPG,Rose Atoll,Rose Atoll,bp16ap26 bp18mr25
AZZ001,04015,VEF,Northwest Plateau,Mohave,bp16ap26 bp18mr25
AZZ002,04015,VEF,Lake Havasu and Fort Mohave,Mohave,bp16ap26 bp18mr25
AZZ003,04015,VEF,Northwest Deserts,Mohave,bp18mr25
AZZ004,04005,FGZ,Kaibab Plateau,Coconino,bp16ap26 bp18mr25
AZZ005,04005,FGZ,Marble and Glen Canyons,Coconino,bp16ap26 bp18mr25
AZZ006,04005,FGZ,Grand Canyon Country,Coconino,bp16ap26 bp18mr25
AZZ007,04005,FGZ,Coconino Plateau,Coconino,bp16ap26 bp18mr25
AZZ008,04025,FGZ,Yavapai County  Mountains,Yavapai,bp16ap26 bp18mr25
AZZ009,04001,FGZ,Northeast Plateaus and Mesas Hwy 264 Northward,Apache,bp16ap26 bp18mr25
AZZ009,04005,FGZ,Northeast Plateaus and Mesas Hwy 264 Northward,Coconino,bp16ap26 bp18mr25
AZZ009,04017,FGZ,Northeast Plateaus and Mesas Hwy 264 Northward,Navajo,bp16ap26 bp18mr25
AZZ010,04001,FGZ,Chinle Valley,Apache,bp16ap26 bp18mr25
AZZ010,04017,FGZ,Chinle Valley,Navajo,bp16ap26 bp18mr25
AZZ011,04001,FGZ,Chuska Mountains and Defiance Plateau,Apache,bp16ap26 bp18mr25
AZZ012,04005,FGZ,Little Colorado River Valley in Coconino County,Coconino,bp16ap26 bp18mr25
AZZ012,04017,FGZ,Little Colorado River Valley in Coconino County,Navajo,bp16ap26 bp18mr25
AZZ013,04017,FGZ,Little Colorado River Valley in Navajo County,Navajo,bp16ap26 bp18mr25
AZZ014,04001,FGZ,Little Colorado River Valley in Apache County,Apache,bp16ap26 bp18mr25
AZZ015,04005,FGZ,Western Mogollon Rim,Coconino,bp16ap26 bp18mr25
AZZ016,04005,FGZ,Eastern Mogollon Rim,Coconino,bp16ap26 bp18mr25
AZZ016,04017,FGZ,Eastern Mogollon Rim,Navajo,bp16ap26 bp18mr25
AZZ017,04001,FGZ,White Mountains,Apache,bp16ap26 bp18mr25
AZZ017,04017,FGZ,White Mountains,Navajo,bp16ap26 bp18mr25
AZZ018,04007,FGZ,Northern Gila County,Gila,bp16ap26 bp18mr25
AZZ036,04015,VEF,Lake Mead National Recreation Area,Mohave,bp18mr25
AZZ037,04025,FGZ,Yavapai County Valleys and Basins,Yavapai,bp16ap26 bp18mr25
AZZ038,04005,FGZ,Oak Creek and Sycamore Canyons,Coconino,bp16ap26 bp18mr25
AZZ038,04025,FGZ,Oak Creek and Sycamore Canyons,Yavapai,bp16ap26 bp18mr25
AZZ039,04001,FGZ,Black Mesa Area,Apache,bp16ap26 bp18mr25
AZZ039,04005,FGZ,Black Mesa Area,Coconino,bp16ap26 bp18mr25
AZZ039,04017,FGZ,Black Mesa Area,Navajo,bp16ap26 bp18mr25
AZZ040,04001,FGZ,Northeast Plateaus and Mesas South of Hwy 264,Apache,bp16ap26 bp18mr25
AZZ040,04005,FGZ,Northeast Plateaus and Mesas South of Hwy 264,Coconino,bp16ap26 bp18mr25
AZZ040,04017,FGZ,Northeast Plateaus and Mesas South of Hwy 264,Navajo,bp16ap26 bp18mr25
AZZ501,04019,TWC,Western Pima County Including Ajo/Organ Pipe Cactus National Monument,Pima,bp16ap26 bp18mr25
AZZ502,04019,TWC,Tohono O'odham Nation including Sells,Pima,bp16ap26 bp18mr25
AZZ502,04021,TWC,Tohono O'odham Nation including Sells,Pinal,bp16ap26 bp18mr25
AZZ503,04019,TWC,Upper Santa Cruz River and Altar Valleys including Nogales,Pima,bp16ap26 bp18mr25
AZZ503,04023,TWC,Upper Santa Cruz River and Altar Valleys including Nogales,Santa Cruz,bp16ap26 bp18mr25
AZZ504,04019,TWC,Tucson Metro Area including Tucson/Green Valley/Marana/Vail,Pima,bp16ap26 bp18mr25
AZZ505,04021,TWC,South Central Pinal County including Eloy/Picacho Peak State Park,Pinal,bp16ap26 bp18mr25
AZZ506,04021,TWC,Southeast Pinal County including Kearny/Mammoth/Oracle,Pinal,bp16ap26 bp18mr25
AZZ507,04003,TWC,Upper San Pedro River Valley including Sierra Vista/Benson,Cochise,bp16ap26 bp18mr25
AZZ507,04009,TWC,Upper San Pedro River Valley including Sierra Vista/Benson,Graham,bp16ap26 bp18mr25
AZZ507,04019,TWC,Upper San Pedro River Valley including Sierra Vista/Benson,Pima,bp16ap26 bp18mr25
AZZ507,04023,TWC,Upper San Pedro River Valley including Sierra Vista/Benson,Santa Cruz,bp16ap26 bp18mr25
AZZ508,04003,TWC,Eastern Cochise County Below 5000 Feet including Douglas/Willcox,Cochise,bp16ap26 bp18mr25
AZZ509,04009,TWC,Upper Gila River and Aravaipa Valleys including Clifton/Safford,Graham,bp16ap26 bp18mr25
AZZ509,04011,TWC,Upper Gila River and Aravaipa Valleys including Clifton/Safford,Greenlee,bp16ap26 bp18mr25
AZZ510,04009,TWC,White Mountains of Graham and Greenlee Counties including Hannagan Meadow,Graham,bp16ap26 bp18mr25
AZZ510,04011,TWC,White Mountains of Graham and Greenlee Counties including Hannagan Meadow,Greenlee,bp16ap26 bp18mr25
AZZ511,04003,TWC,Galiuro and Pinaleno Mountains including Mount Graham,Cochise,bp16ap26 bp18mr25
AZZ511,04009,TWC,Galiuro and Pinaleno Mountains including Mount Graham,Graham,bp16ap26 bp18mr25
AZZ511,04021,TWC,Galiuro and Pinaleno Mountains including Mount Graham,Pinal,bp16ap26 bp18mr25
AZZ512,04003,TWC,Chiricahua Mountains including Chiricahua National Monument,Cochise,bp16ap26 bp18mr25
AZZ513,04003,TWC,Dragoon/Mule/Huachuca and Santa Rita Mountains including Bisbee/Canelo Hills/Madera Canyon,Cochise,bp16ap26 bp18mr25
AZZ513,04019,TWC,Dragoon/Mule/Huachuca and Santa Rita Mountains including Bisbee/Canelo Hills/Madera Canyon,Pima,bp16ap26 bp18mr25
AZZ513,04023,TWC,Dragoon/Mule/Huachuca and Santa Rita Mountains including Bisbee/Canelo Hills/Madera Canyon,Santa Cruz,bp16ap26 bp18mr25
AZZ514,04019,TWC,Santa Catalina and Rincon Mountains including Mount Lemmon/Summerhaven,Pima,bp16ap26 bp18mr25
AZZ514,04021,TWC,Santa Catalina and Rincon Mountains including Mount Lemmon/Summerhaven,Pinal,bp16ap26 bp18mr25
AZZ515,04019,TWC,Baboquivari Mountains including Kitt Peak,Pima,bp16ap26 bp18mr25
AZZ530,04012,PSR,Parker Valley,La Paz,bp16ap26 bp18mr25
AZZ531,04012,PSR,Kofa,La Paz,bp16ap26 bp18mr25
AZZ531,04027,PSR,Kofa,Yuma,bp16ap26 bp18mr25
AZZ532,04027,PSR,Yuma,Yuma,bp16ap26 bp18mr25
AZZ533,04012,PSR,Central La Paz,La Paz,bp16ap26 bp18mr25
AZZ534,04013,PSR,Aguila Valley,Maricopa,bp16ap26 bp18mr25
AZZ535,04027,PSR,Southeast Yuma County,Yuma,bp16ap26 bp18mr25
AZZ536,04027,PSR,Gila River Valley,Yuma,bp16ap26 bp18mr25
AZZ537,04013,PSR,Northwest Valley,Maricopa,bp16ap26 bp18mr25
AZZ538,04013,PSR,Tonopah Desert,Maricopa,bp16ap26 bp18mr25
AZZ539,04013,PSR,Gila Bend,Maricopa,bp16ap26 bp18mr25
AZZ540,04013,PSR,Buckeye/Avondale,Maricopa,bp16ap26 bp18mr25
AZZ541,04013,PSR,Cave Creek/New River,Maricopa,bp16ap26 bp18mr25
AZZ542,04013,PSR,Deer Valley,Maricopa,bp16ap26 bp18mr25
AZZ543,04013,PSR,Central Phoenix,Maricopa,bp16ap26 bp18mr25
AZZ544,04013,PSR,North Phoenix/Glendale,Maricopa,bp16ap26 bp18mr25
AZZ545,04013,PSR,New River Mesa,Maricopa,bp16ap26 bp18mr25
AZZ546,04013,PSR,Scottsdale/Paradise Valley,Maricopa,bp16ap26 bp18mr25
AZZ547,04013,PSR,Rio Verde/Salt River,Maricopa,bp16ap26 bp18mr25
AZZ548,04013,PSR,East Valley,Maricopa,bp16ap26 bp18mr25
AZZ549,04013,PSR,Fountain Hills/East Mesa,Maricopa,bp16ap26 bp18mr25
AZZ550,04013,PSR,South Mountain/Ahwatukee,Maricopa,bp16ap26 bp18mr25
AZZ551,04013,PSR,Southeast Valley/Queen Creek,Maricopa,bp16ap26 bp18mr25
AZZ552,04021,PSR,Superior,Pinal,bp16ap26 bp18mr25
AZZ553,04021,PSR,Northwest Pinal County,Pinal,bp16ap26 bp18mr25
AZZ554,04021,PSR,West Pinal County,Pinal,bp16ap26 bp18mr25
AZZ555,04021,PSR,Apache Junction/Gold Canyon,Pinal,bp16ap26 bp18mr25
AZZ556,04007,PSR,Tonto Basin,Gila,bp16ap26 bp18mr25
AZZ557,04007,PSR,Mazatzal Mountains,Gila,bp16ap26 bp18mr25
AZZ557,04013,PSR,Mazatzal Mountains,Maricopa,bp16ap26 bp18mr25
AZZ558,04007,PSR,Pinal/Superstition Mountains,Gila,bp16ap26 bp18mr25
AZZ558,04013,PSR,Pinal/Superstition Mountains,Maricopa,bp16ap26 bp18mr25
AZZ558,04021,PSR,Pinal/Superstition Mountains,Pinal,bp16ap26 bp18mr25
AZZ559,04013,PSR,Sonoran Desert Natl Monument,Maricopa,bp16ap26 bp18mr25
AZZ560,04007,PSR,San Carlos,Gila,bp16ap26 bp18mr25
AZZ561,04007,PSR,Dripping Springs,Gila,bp16ap26 bp18mr25
AZZ562,04007,PSR,Globe/Miami,Gila,bp16ap26 bp18mr25
AZZ563,04007,PSR,Southeast Gila County,Gila,bp16ap26 bp18mr25
AZZ570,04015,VEF,Lake Mead - AZ side,Mohave,bp16ap26
AZZ571,04015,VEF,Lake Mohave - AZ side,Mohave,bp16ap26
AZZ575,04015,VEF,Hualapai Mountains,Mohave,bp16ap26
AZZ576,04015,VEF,Northwest Deserts,Mohave,bp16ap26
CAZ006,06075,MTR,San Francisco,San Francisco,bp16ap26 bp18mr25
CAZ013,06089,STO,Shasta Lake Area / Northern Shasta County,Shasta,bp18mr25
CAZ014,06089,STO,Burney Basin / Eastern Shasta County,Shasta,bp18mr25
CAZ015,06089,STO,Northern Sacramento Valley,Shasta,bp18mr25
CAZ015,06103,STO,Northern Sacramento Valley,Tehama,bp18mr25
CAZ016,06007,STO,Central Sacramento Valley,Butte,bp18mr25
CAZ016,06011,STO,Central Sacramento Valley,Colusa,bp18mr25
CAZ016,06021,STO,Central Sacramento Valley,Glenn,bp18mr25
CAZ016,06057,STO,Central Sacramento Valley,Nevada,bp18mr25
CAZ016,06101,STO,Central Sacramento Valley,Sutter,bp18mr25
CAZ016,06115,STO,Central Sacramento Valley,Yuba,bp18mr25
CAZ017,06005,STO,Southern Sacramento Valley,Amador,bp18mr25
CAZ017,06017,STO,Southern Sacramento Valley,El Dorado,bp18mr25
CAZ017,06061,STO,Southern Sacramento Valley,Placer,bp18mr25
CAZ017,06067,STO,Southern Sacramento Valley,Sacramento,bp18mr25
CAZ017,06095,STO,Southern Sacramento Valley,Solano,bp18mr25
CAZ017,06101,STO,Southern Sacramento Valley,Sutter,bp18mr25
CAZ017,06113,STO,Southern Sacramento Valley,Yolo,bp18mr25
CAZ018,06067,STO,Carquinez Strait and Delta,Sacramento,bp18mr25
CAZ018,06077,STO,Carquinez Strait and Delta,San Joaquin,bp18mr25
CAZ018,06095,STO,Carquinez Strait and Delta,Solano,bp18mr25
CAZ019,06005,STO,Northern San Joaquin Valley,Amador,bp18mr25
CAZ019,06009,STO,Northern San Joaquin Valley,Calaveras,bp18mr25
CAZ019,06077,STO,Northern San Joaquin Valley,San Joaquin,bp18mr25
CAZ019,06099,STO,Northern San Joaquin Valley,Stanislaus,bp18mr25
CAZ019,06109,STO,Northern San Joaquin Valley,Tuolumne,bp18mr25
CAZ038,06083,LOX,Cuyama Valley,Santa Barbara,bp16ap26 bp18mr25
CAZ043,06073,SGX,San Diego County Coastal Areas,San Diego,bp16ap26 bp18mr25
CAZ048,06065,SGX,San Bernardino and Riverside County Valleys -The Inland Empire,Riverside,bp16ap26 bp18mr25
CAZ048,06071,SGX,San Bernardino and Riverside County Valleys -The Inland Empire,San Bernardino,bp16ap26 bp18mr25
CAZ050,06073,SGX,San Diego County Valleys,San Diego,bp16ap26 bp18mr25
CAZ055,06071,SGX,San Bernardino County Mountains,San Bernardino,bp16ap26 bp18mr25
CAZ056,06065,SGX,Riverside County Mountains,Riverside,bp16ap26 bp18mr25
CAZ057,06059,SGX,Santa Ana Mountains and Foothills,Orange,bp16ap26 bp18mr25
CAZ057,06065,SGX,Santa Ana Mountains and Foothills,Riverside,bp16ap26 bp18mr25
CAZ057,06073,SGX,Santa Ana Mountains and Foothills,San Diego,bp16ap26 bp18mr25
CAZ058,06073,SGX,San Diego County Mountains,San Diego,bp16ap26 bp18mr25
CAZ060,06071,SGX,Apple and Lucerne Valleys,San Bernardino,bp16ap26 bp18mr25
CAZ061,06065,SGX,Coachella Valley,Riverside,bp16ap26 bp18mr25
CAZ062,06073,SGX,San Diego County Deserts,San Diego,bp16ap26 bp18mr25
CAZ063,06011,STO,Mountains Southwestern Shasta County to Western Colusa County,Colusa,bp18mr25
CAZ063,06021,STO,Mountains Southwestern Shasta County to Western Colusa County,Glenn,bp18mr25
CAZ063,06089,STO,Mountains Southwestern Shasta County to Western Colusa County,Shasta,bp18mr25
CAZ063,06103,STO,Mountains Southwestern Shasta County to Western Colusa County,Tehama,bp18mr25
CAZ065,06065,SGX,San Gorgonio Pass Near Banning,Riverside,bp16ap26 bp18mr25
CAZ066,06007,STO,Northeast Foothills/Sacramento Valley,Butte,bp18mr25
CAZ066,06089,STO,Northeast Foothills/Sacramento Valley,Shasta,bp18mr25
CAZ066,06103,STO,Northeast Foothills/Sacramento Valley,Tehama,bp18mr25
CAZ067,06005,STO,Motherlode,Amador,bp18mr25
CAZ067,06009,STO,Motherlode,Calaveras,bp18mr25
CAZ067,06017,STO,Motherlode,El Dorado,bp18mr25
CAZ067,06057,STO,Motherlode,Nevada,bp18mr25
CAZ067,06061,STO,Motherlode,Placer,bp18mr25
CAZ067,06109,STO,Motherlode,Tuolumne,bp18mr25
CAZ067,06115,STO,Motherlode,Yuba,bp18mr25
CAZ068,06007,STO,Western Plumas County/Lassen Park,Butte,bp18mr25
CAZ068,06035,STO,Western Plumas County/Lassen Park,Lassen,bp18mr25
CAZ068,06063,STO,Western Plumas County/Lassen Park,Plumas,bp18mr25
CAZ068,06089,STO,Western Plumas County/Lassen Park,Shasta,bp18mr25
CAZ068,06103,STO,Western Plumas County/Lassen Park,Tehama,bp18mr25
CAZ069,06003,STO,West Slope Northern Sierra Nevada,Alpine,bp18mr25
CAZ069,06005,STO,West Slope Northern Sierra Nevada,Amador,bp18mr25
CAZ069,06009,STO,West Slope Northern Sierra Nevada,Calaveras,bp18mr25
CAZ069,06017,STO,West Slope Northern Sierra Nevada,El Dorado,bp18mr25
CAZ069,06057,STO,West Slope Northern Sierra Nevada,Nevada,bp18mr25
CAZ069,06061,STO,West Slope Northern Sierra Nevada,Placer,bp18mr25
CAZ069,06091,STO,West Slope Northern Sierra Nevada,Sierra,bp18mr25
CAZ069,06109,STO,West Slope Northern Sierra Nevada,Tuolumne,bp18mr25
CAZ069,06115,STO,West Slope Northern Sierra Nevada,Yuba,bp18mr25
CAZ070,06049,REV,Surprise Valley California,Modoc,bp16ap26 bp18mr25
CAZ071,06035,REV,Lassen-Eastern Plumas-Eastern Sierra Counties,Lassen,bp16ap26 bp18mr25
CAZ071,06063,REV,Lassen-Eastern Plumas-Eastern Sierra Counties,Plumas,bp16ap26 bp18mr25
CAZ071,06091,REV,Lassen-Eastern Plumas-Eastern Sierra Counties,Sierra,bp16ap26 bp18mr25
CAZ072,06003,REV,Greater Lake Tahoe Area,Alpine,bp16ap26 bp18mr25
CAZ072,06017,REV,Greater Lake Tahoe Area,El Dorado,bp16ap26 bp18mr25
CAZ072,06057,REV,Greater Lake Tahoe Area,Nevada,bp16ap26 bp18mr25
CAZ072,06061,REV,Greater Lake Tahoe Area,Placer,bp16ap26 bp18mr25
CAZ073,06051,REV,Mono,Mono,bp16ap26 bp18mr25
CAZ080,06093,MFR,Western Siskiyou County,Siskiyou,bp16ap26 bp18mr25
CAZ081,06093,MFR,Central Siskiyou County,Siskiyou,bp16ap26 bp18mr25
CAZ082,06093,MFR,South Central Siskiyou County,Siskiyou,bp16ap26 bp18mr25
CAZ083,06093,MFR,North Central and Southeast Siskiyou County,Siskiyou,bp16ap26 bp18mr25
CAZ084,06049,MFR,Northeast Siskiyou and Northwest Modoc Counties,Modoc,bp16ap26 bp18mr25
CAZ084,06093,MFR,Northeast Siskiyou and Northwest Modoc Counties,Siskiyou,bp16ap26 bp18mr25
CAZ085,06049,MFR,Modoc County,Modoc,bp16ap26 bp18mr25
CAZ087,06037,LOX,Catalina Island,Los Angeles,bp16ap26 bp18mr25
CAZ088,06037,LOX,Santa Clarita Valley,Los Angeles,bp16ap26 bp18mr25
CAZ101,06015,EKA,Coastal Del Norte,Del Norte,bp16ap26 bp18mr25
CAZ102,06015,EKA,Del Norte Interior,Del Norte,bp16ap26 bp18mr25
CAZ103,06023,EKA,Northern Humboldt Coast,Humboldt,bp16ap26 bp18mr25
CAZ104,06023,EKA,Southwestern Humboldt,Humboldt,bp16ap26 bp18mr25
CAZ105,06023,EKA,Northern Humboldt Interior,Humboldt,bp16ap26 bp18mr25
CAZ106,06023,EKA,Southern Humboldt Interior,Humboldt,bp16ap26 bp18mr25
CAZ107,06105,EKA,Northern Trinity,Trinity,bp18mr25
CAZ108,06105,EKA,Southern Trinity,Trinity,bp16ap26 bp18mr25
CAZ109,06045,EKA,Mendocino Coast,Mendocino,bp16ap26 bp18mr25
CAZ110,06045,EKA,Northwestern Mendocino Interior,Mendocino,bp16ap26 bp18mr25
CAZ111,06045,EKA,Northeastern Mendocino Interior,Mendocino,bp16ap26 bp18mr25
CAZ112,06045,EKA,Southwestern Mendocino Interior,Mendocino,bp16ap26 bp18mr25
CAZ113,06045,EKA,Southeastern Mendocino Interior,Mendocino,bp16ap26 bp18mr25
CAZ114,06033,EKA,Northern Lake County,Lake,bp16ap26 bp18mr25
CAZ115,06033,EKA,Southern Lake County,Lake,bp18mr25
CAZ116,06105,EKA,Northwestern and Central Trinity,Trinity,bp16ap26
CAZ117,06105,EKA,Northeastern Trinity,Trinity,bp16ap26
CAZ118,06033,EKA,Western Lake,Lake,bp16ap26
CAZ119,06033,EKA,Southwestern Lake,Lake,bp16ap26
CAZ120,06033,EKA,Eastern Lake,Lake,bp16ap26
CAZ121,06089,STO,Western Shasta County Mountains Above 3000 ft,Shasta,bp16ap26
CAZ122,06089,STO,Western Shasta County Foothills Between 1000-3000 ft,Shasta,bp16ap26
CAZ123,06089,STO,Shasta Lake Area and Interstate 5 Between 1000-3000 ft,Shasta,bp16ap26
CAZ124,06089,STO,South-Central Shasta County Including Redding Metro,Shasta,bp16ap26
CAZ125,06089,STO,Eastern Shasta County Foothills Between 1000-3000 ft,Shasta,bp16ap26
CAZ126,06089,STO,Eastern Shasta County Mountains and Southern Cascades Above 3000 ft,Shasta,bp16ap26
CAZ127,06089,STO,Burney Basin,Shasta,bp16ap26
CAZ128,06035,STO,Lassen Volcanic National Park,Lassen,bp16ap26
CAZ128,06063,STO,Lassen Volcanic National Park,Plumas,bp16ap26
CAZ128,06089,STO,Lassen Volcanic National Park,Shasta,bp16ap26
CAZ128,06103,STO,Lassen Volcanic National Park,Tehama,bp16ap26
CAZ129,06007,STO,Sierra Nevada of Tehama-Butte-Plumas Counties Between 1000-3000 ft,Butte,bp16ap26
CAZ129,06063,STO,Sierra Nevada of Tehama-Butte-Plumas Counties Between 1000-3000 ft,Plumas,bp16ap26
CAZ129,06103,STO,Sierra Nevada of Tehama-Butte-Plumas Counties Between 1000-3000 ft,Tehama,bp16ap26
CAZ130,06007,STO,Sierra Nevada of Tehama-Butte-Plumas Counties Above 3000 ft,Butte,bp16ap26
CAZ130,06063,STO,Sierra Nevada of Tehama-Butte-Plumas Counties Above 3000 ft,Plumas,bp16ap26
CAZ130,06103,STO,Sierra Nevada of Tehama-Butte-Plumas Counties Above 3000 ft,Tehama,bp16ap26
CAZ131,06057,STO,Northern Motherlode Between 1000-3000 ft,Nevada,bp16ap26
CAZ131,06061,STO,Northern Motherlode Between 1000-3000 ft,Placer,bp16ap26
CAZ131,06115,STO,Northern Motherlode Between 1000-3000 ft,Yuba,bp16ap26
CAZ132,06057,STO,Sierra Nevada of Yuba-Sierra-Nevada-Placer Counties Between 3000-5000 ft Including Interstate 80,Nevada,bp16ap26
CAZ132,06061,STO,Sierra Nevada of Yuba-Sierra-Nevada-Placer Counties Between 3000-5000 ft Including Interstate 80,Placer,bp16ap26
CAZ132,06091,STO,Sierra Nevada of Yuba-Sierra-Nevada-Placer Counties Between 3000-5000 ft Including Interstate 80,Sierra,bp16ap26
CAZ133,06057,STO,Sierra Nevada of Sierra-Nevada-Placer Counties Above 5000 ft Including Interstate 80,Nevada,bp16ap26
CAZ133,06061,STO,Sierra Nevada of Sierra-Nevada-Placer Counties Above 5000 ft Including Interstate 80,Placer,bp16ap26
CAZ133,06091,STO,Sierra Nevada of Sierra-Nevada-Placer Counties Above 5000 ft Including Interstate 80,Sierra,bp16ap26
CAZ134,06005,STO,Central Motherlode Between 1000-3000 ft,Amador,bp16ap26
CAZ134,06017,STO,Central Motherlode Between 1000-3000 ft,El Dorado,bp16ap26
CAZ135,06005,STO,Sierra Nevada of El Dorado and Amador Counties Between 3000-5000 ft Including Highway 50,Amador,bp16ap26
CAZ135,06017,STO,Sierra Nevada of El Dorado and Amador Counties Between 3000-5000 ft Including Highway 50,El Dorado,bp16ap26
CAZ136,06003,STO,Sierra Nevada of El Dorado-Amador-Northern Alpine Counties Above 5000 ft Including Highway 50,Alpine,bp16ap26
CAZ136,06005,STO,Sierra Nevada of El Dorado-Amador-Northern Alpine Counties Above 5000 ft Including Highway 50,Amador,bp16ap26
CAZ136,06017,STO,Sierra Nevada of El Dorado-Amador-Northern Alpine Counties Above 5000 ft Including Highway 50,El Dorado,bp16ap26
CAZ137,06009,STO,Southern Motherlode Between 1000-3000 ft,Calaveras,bp16ap26
CAZ137,06109,STO,Southern Motherlode Between 1000-3000 ft,Tuolumne,bp16ap26
CAZ138,06009,STO,Sierra Nevada of Calaveras and Tuolumne Counties Between 3000-5000 ft,Calaveras,bp16ap26
CAZ138,06109,STO,Sierra Nevada of Calaveras and Tuolumne Counties Between 3000-5000 ft,Tuolumne,bp16ap26
CAZ139,06003,STO,Sierra Nevada of Calaveras-Tuolumne-Southern Alpine Counties Above 5000 ft,Alpine,bp16ap26
CAZ139,06009,STO,Sierra Nevada of Calaveras-Tuolumne-Southern Alpine Counties Above 5000 ft,Calaveras,bp16ap26
CAZ139,06109,STO,Sierra Nevada of Calaveras-Tuolumne-Southern Alpine Counties Above 5000 ft,Tuolumne,bp16ap26
CAZ140,06103,STO,Tehama County Coast Range Above 3000 ft,Tehama,bp16ap26
CAZ141,06103,STO,Western Tehama County Foothills Between 1000-3000 ft,Tehama,bp16ap26
CAZ142,06103,STO,Northern Sacramento Valley in Tehama County,Tehama,bp16ap26
CAZ143,06011,STO,Glenn and Colusa County Coast Range Above 3000 ft,Colusa,bp16ap26
CAZ143,06021,STO,Glenn and Colusa County Coast Range Above 3000 ft,Glenn,bp16ap26
CAZ144,06021,STO,Central Glenn County Including Interstate 5,Glenn,bp16ap26
CAZ145,06021,STO,Eastern Glenn County,Glenn,bp16ap26
CAZ146,06007,STO,Butte County Below 1000 ft,Butte,bp16ap26
CAZ147,06011,STO,Western Glenn and Colusa County Foothills Between 1000-3000 ft,Colusa,bp16ap26
CAZ147,06021,STO,Western Glenn and Colusa County Foothills Between 1000-3000 ft,Glenn,bp16ap26
CAZ148,06011,STO,Central Colusa County Including Interstate 5,Colusa,bp16ap26
CAZ149,06011,STO,Eastern Colusa County,Colusa,bp16ap26
CAZ150,06057,STO,Sutter and Yuba Counties Below 1000 ft,Nevada,bp16ap26
CAZ150,06061,STO,Sutter and Yuba Counties Below 1000 ft,Placer,bp16ap26
CAZ150,06101,STO,Sutter and Yuba Counties Below 1000 ft,Sutter,bp16ap26
CAZ150,06115,STO,Sutter and Yuba Counties Below 1000 ft,Yuba,bp16ap26
CAZ151,06095,STO,Capay Hills of Yolo County and Vaca Hills of Solano County,Solano,bp16ap26
CAZ151,06113,STO,Capay Hills of Yolo County and Vaca Hills of Solano County,Yolo,bp16ap26
CAZ152,06095,STO,Western Yolo County Including Capay Valley and Interstate 505,Solano,bp16ap26
CAZ152,06113,STO,Western Yolo County Including Capay Valley and Interstate 505,Yolo,bp16ap26
CAZ153,06095,STO,Central Yolo and Northeast Solano Counties Including Woodland and Davis,Solano,bp16ap26
CAZ153,06113,STO,Central Yolo and Northeast Solano Counties Including Woodland and Davis,Yolo,bp16ap26
CAZ154,06005,STO,Sacramento Metro and Western El Dorado and Amador Counties,Amador,bp16ap26
CAZ154,06017,STO,Sacramento Metro and Western El Dorado and Amador Counties,El Dorado,bp16ap26
CAZ154,06061,STO,Sacramento Metro and Western El Dorado and Amador Counties,Placer,bp16ap26
CAZ154,06067,STO,Sacramento Metro and Western El Dorado and Amador Counties,Sacramento,bp16ap26
CAZ154,06113,STO,Sacramento Metro and Western El Dorado and Amador Counties,Yolo,bp16ap26
CAZ155,06095,STO,Central Solano County Including Fairfield and Vacaville,Solano,bp16ap26
CAZ156,06095,STO,Southwestern Solano County Including Vallejo,Solano,bp16ap26
CAZ157,06067,STO,Sacramento County Delta,Sacramento,bp16ap26
CAZ158,06077,STO,San Joaquin County Delta,San Joaquin,bp16ap26
CAZ159,06077,STO,Central San Joaquin County Including Stockton Metro,San Joaquin,bp16ap26
CAZ160,06077,STO,Tracy Triangle Below 1000 ft,San Joaquin,bp16ap26
CAZ161,06009,STO,Northeastern San Joaquin Valley Below 1000 ft,Calaveras,bp16ap26
CAZ161,06099,STO,Northeastern San Joaquin Valley Below 1000 ft,Stanislaus,bp16ap26
CAZ161,06109,STO,Northeastern San Joaquin Valley Below 1000 ft,Tuolumne,bp16ap26
CAZ162,06099,STO,Eastern Diablo Range Above 1000 ft,Stanislaus,bp16ap26
CAZ163,06099,STO,Western Stanislaus County Below 1000 ft Including Interstate 5,Stanislaus,bp16ap26
CAZ164,06099,STO,Central Stanislaus County Including Modesto Metro,Stanislaus,bp16ap26
CAZ300,06019,HNX,West Side Mountains north of 198,Fresno,bp16ap26 bp18mr25
CAZ300,06047,HNX,West Side Mountains north of 198,Merced,bp16ap26 bp18mr25
CAZ301,06019,HNX,Los Banos - Dos Palos,Fresno,bp16ap26 bp18mr25
CAZ301,06047,HNX,Los Banos - Dos Palos,Merced,bp16ap26 bp18mr25
CAZ302,06019,HNX,Merced - Madera - Mendota,Fresno,bp16ap26 bp18mr25
CAZ302,06039,HNX,Merced - Madera - Mendota,Madera,bp16ap26 bp18mr25
CAZ302,06047,HNX,Merced - Madera - Mendota,Merced,bp16ap26 bp18mr25
CAZ303,06039,HNX,Planada - Le Grand - Snelling,Madera,bp16ap26 bp18mr25
CAZ303,06043,HNX,Planada - Le Grand - Snelling,Mariposa,bp16ap26 bp18mr25
CAZ303,06047,HNX,Planada - Le Grand - Snelling,Merced,bp16ap26 bp18mr25
CAZ304,06019,HNX,Coalinga - Avenal,Fresno,bp16ap26 bp18mr25
CAZ304,06031,HNX,Coalinga - Avenal,Kings,bp16ap26 bp18mr25
CAZ305,06019,HNX,West Side of Fresno and Kings Counties,Fresno,bp16ap26 bp18mr25
CAZ305,06031,HNX,West Side of Fresno and Kings Counties,Kings,bp16ap26 bp18mr25
CAZ306,06019,HNX,Caruthers - San Joaquin - Selma,Fresno,bp16ap26 bp18mr25
CAZ306,06107,HNX,Caruthers - San Joaquin - Selma,Tulare,bp16ap26 bp18mr25
CAZ307,06019,HNX,Fresno-Clovis,Fresno,bp16ap26 bp18mr25
CAZ308,06019,HNX,West Side Mountains South of 198,Fresno,bp16ap26 bp18mr25
CAZ308,06029,HNX,West Side Mountains South of 198,Kern,bp16ap26 bp18mr25
CAZ308,06031,HNX,West Side Mountains South of 198,Kings,bp16ap26 bp18mr25
CAZ309,06029,HNX,Buttonwillow - Lost Hills - I5,Kern,bp16ap26 bp18mr25
CAZ309,06031,HNX,Buttonwillow - Lost Hills - I5,Kings,bp16ap26 bp18mr25
CAZ310,06029,HNX,Delano-Wasco-Shafter,Kern,bp16ap26 bp18mr25
CAZ310,06031,HNX,Delano-Wasco-Shafter,Kings,bp16ap26 bp18mr25
CAZ310,06107,HNX,Delano-Wasco-Shafter,Tulare,bp16ap26 bp18mr25
CAZ311,06019,HNX,Hanford - Corcoran - Lemoore,Fresno,bp16ap26 bp18mr25
CAZ311,06031,HNX,Hanford - Corcoran - Lemoore,Kings,bp16ap26 bp18mr25
CAZ311,06107,HNX,Hanford - Corcoran - Lemoore,Tulare,bp16ap26 bp18mr25
CAZ312,06019,HNX,Visalia - Porterville - Reedley,Fresno,bp16ap26 bp18mr25
CAZ312,06107,HNX,Visalia - Porterville - Reedley,Tulare,bp16ap26 bp18mr25
CAZ313,06029,HNX,Buena Vista,Kern,bp16ap26 bp18mr25
CAZ314,06029,HNX,Bakersfield,Kern,bp16ap26 bp18mr25
CAZ315,06029,HNX,Southeast San Joaquin Valley,Kern,bp16ap26 bp18mr25
CAZ315,06107,HNX,Southeast San Joaquin Valley,Tulare,bp16ap26 bp18mr25
CAZ316,06029,HNX,South End San Joaquin Valley,Kern,bp16ap26 bp18mr25
CAZ317,06039,HNX,Mariposa Madera Foothills,Madera,bp16ap26 bp18mr25
CAZ317,06043,HNX,Mariposa Madera Foothills,Mariposa,bp16ap26 bp18mr25
CAZ317,06047,HNX,Mariposa Madera Foothills,Merced,bp16ap26 bp18mr25
CAZ318,06039,HNX,Mariposa-Madera Lower Sierra,Madera,bp16ap26 bp18mr25
CAZ318,06043,HNX,Mariposa-Madera Lower Sierra,Mariposa,bp16ap26 bp18mr25
CAZ319,06019,HNX,Fresno-Tulare Foothills,Fresno,bp16ap26 bp18mr25
CAZ319,06107,HNX,Fresno-Tulare Foothills,Tulare,bp16ap26 bp18mr25
CAZ320,06019,HNX,Fresno-Tulare Lower Sierra,Fresno,bp16ap26 bp18mr25
CAZ320,06107,HNX,Fresno-Tulare Lower Sierra,Tulare,bp16ap26 bp18mr25
CAZ321,06029,HNX,South End Sierra Foothills,Kern,bp16ap26 bp18mr25
CAZ321,06107,HNX,South End Sierra Foothills,Tulare,bp16ap26 bp18mr25
CAZ322,06029,HNX,South End of the Lower Sierra,Kern,bp16ap26 bp18mr25
CAZ322,06107,HNX,South End of the Lower Sierra,Tulare,bp16ap26 bp18mr25
CAZ323,06039,HNX,Yosemite NP outside of the valley,Madera,bp16ap26 bp18mr25
CAZ323,06043,HNX,Yosemite NP outside of the valley,Mariposa,bp16ap26 bp18mr25
CAZ323,06109,HNX,Yosemite NP outside of the valley,Tuolumne,bp16ap26 bp18mr25
CAZ324,06043,HNX,Yosemite Valley,Mariposa,bp16ap26 bp18mr25
CAZ325,06019,HNX,San Joaquin River Canyon,Fresno,bp16ap26 bp18mr25
CAZ325,06039,HNX,San Joaquin River Canyon,Madera,bp16ap26 bp18mr25
CAZ326,06019,HNX,Upper San Joaquin River,Fresno,bp16ap26 bp18mr25
CAZ326,06039,HNX,Upper San Joaquin River,Madera,bp16ap26 bp18mr25
CAZ327,06019,HNX,Kaiser to Rodgers Ridge,Fresno,bp16ap26 bp18mr25
CAZ328,06019,HNX,Kings Canyon NP,Fresno,bp16ap26 bp18mr25
CAZ328,06107,HNX,Kings Canyon NP,Tulare,bp16ap26 bp18mr25
CAZ329,06019,HNX,Grant Grove Area,Fresno,bp16ap26 bp18mr25
CAZ329,06107,HNX,Grant Grove Area,Tulare,bp16ap26 bp18mr25
CAZ330,06107,HNX,Sequoia NP,Tulare,bp16ap26 bp18mr25
CAZ331,06029,HNX,South End of the Upper Sierra,Kern,bp16ap26 bp18mr25
CAZ331,06107,HNX,South End of the Upper Sierra,Tulare,bp16ap26 bp18mr25
CAZ332,06029,HNX,Kern River Valley,Kern,bp16ap26 bp18mr25
CAZ332,06107,HNX,Kern River Valley,Tulare,bp16ap26 bp18mr25
CAZ333,06029,HNX,Piute Walker Basin,Kern,bp16ap26 bp18mr25
CAZ334,06029,HNX,Tehachapi,Kern,bp16ap26 bp18mr25
CAZ335,06029,HNX,Grapevine,Kern,bp16ap26 bp18mr25
CAZ336,06029,HNX,Frazier Mountain Communities,Kern,bp16ap26 bp18mr25
CAZ337,06029,HNX,Indian Wells Valley,Kern,bp16ap26 bp18mr25
CAZ338,06029,HNX,Mojave Desert Slopes,Kern,bp16ap26 bp18mr25
CAZ339,06029,HNX,Mojave Desert,Kern,bp16ap26 bp18mr25
CAZ340,06079,LOX,San Luis Obispo County Beaches,San Luis Obispo,bp16ap26 bp18mr25
CAZ341,06079,LOX,San Luis Obispo County Inland Central Coast,San Luis Obispo,bp16ap26 bp18mr25
CAZ342,06079,LOX,Santa Lucia Mountains,San Luis Obispo,bp16ap26 bp18mr25
CAZ343,06079,LOX,Southern Salinas Valley,San Luis Obispo,bp16ap26 bp18mr25
CAZ344,06079,LOX,San Luis Obispo County Interior Valleys,San Luis Obispo,bp16ap26 bp18mr25
CAZ345,06079,LOX,San Luis Obispo County Mountains,San Luis Obispo,bp16ap26 bp18mr25
CAZ346,06083,LOX,Santa Barbara County Central Coast Beaches,Santa Barbara,bp16ap26 bp18mr25
CAZ347,06083,LOX,Santa Barbara County Inland Central Coast,Santa Barbara,bp16ap26 bp18mr25
CAZ348,06083,LOX,Santa Ynez Valley,Santa Barbara,bp16ap26 bp18mr25
CAZ349,06083,LOX,Santa Barbara County Southwestern Coast,Santa Barbara,bp16ap26 bp18mr25
CAZ350,06083,LOX,Santa Barbara County Southeastern Coast,Santa Barbara,bp16ap26 bp18mr25
CAZ351,06083,LOX,Santa Ynez Mountains Western Range,Santa Barbara,bp16ap26 bp18mr25
CAZ352,06083,LOX,Santa Ynez Mountains Eastern Range,Santa Barbara,bp16ap26 bp18mr25
CAZ352,06111,LOX,Santa Ynez Mountains Eastern Range,Ventura,bp16ap26 bp18mr25
CAZ353,06083,LOX,Santa Barbara County Interior Mountains,Santa Barbara,bp16ap26 bp18mr25
CAZ354,06111,LOX,Ventura County Beaches,Ventura,bp16ap26 bp18mr25
CAZ355,06111,LOX,Ventura County Inland Coast,Ventura,bp16ap26 bp18mr25
CAZ356,06111,LOX,Lake Casitas,Ventura,bp16ap26 bp18mr25
CAZ357,06111,LOX,Ojai Valley,Ventura,bp16ap26 bp18mr25
CAZ358,06111,LOX,Central Ventura County Valleys,Ventura,bp16ap26 bp18mr25
CAZ362,06037,LOX,Malibu Coast,Los Angeles,bp16ap26 bp18mr25
CAZ366,06037,LOX,Los Angeles County Beaches,Los Angeles,bp16ap26 bp18mr25
CAZ367,06037,LOX,Palos Verdes Hills,Los Angeles,bp16ap26 bp18mr25
CAZ368,06037,LOX,Los Angeles County Inland Coast including Downtown Los Angeles,Los Angeles,bp16ap26 bp18mr25
CAZ369,06037,LOX,Western Santa Monica Mountains,Los Angeles,bp16ap26 bp18mr25
CAZ369,06111,LOX,Western Santa Monica Mountains,Ventura,bp16ap26 bp18mr25
CAZ370,06037,LOX,Eastern Santa Monica Mountains,Los Angeles,bp16ap26 bp18mr25
CAZ371,06037,LOX,Calabasas and Agoura Hills,Los Angeles,bp16ap26 bp18mr25
CAZ372,06037,LOX,Western San Fernando Valley,Los Angeles,bp16ap26 bp18mr25
CAZ373,06037,LOX,Eastern San Fernando Valley,Los Angeles,bp16ap26 bp18mr25
CAZ374,06111,LOX,Southeastern Ventura County Valleys,Ventura,bp16ap26 bp18mr25
CAZ375,06037,LOX,Santa Susana Mountains,Los Angeles,bp16ap26 bp18mr25
CAZ375,06111,LOX,Santa Susana Mountains,Ventura,bp16ap26 bp18mr25
CAZ376,06111,LOX,Southern Ventura County Mountains,Ventura,bp16ap26 bp18mr25
CAZ377,06111,LOX,Northern Ventura County Mountains,Ventura,bp16ap26 bp18mr25
CAZ378,06037,LOX,Northwestern Los Angeles County Mountains including the Interstate 5 Corridor,Los Angeles,bp16ap26 bp18mr25
CAZ379,06037,LOX,Western San Gabriel Mountains including the Highway 14 Corridor,Los Angeles,bp16ap26 bp18mr25
CAZ380,06037,LOX,Eastern San Gabriel Mountains,Los Angeles,bp16ap26 bp18mr25
CAZ381,06037,LOX,Western Antelope Valley Foothills,Los Angeles,bp16ap26 bp18mr25
CAZ382,06037,LOX,Eastern Antelope Valley Foothills,Los Angeles,bp16ap26 bp18mr25
CAZ383,06037,LOX,Antelope Valley ,Los Angeles,bp16ap26 bp18mr25
CAZ502,06041,MTR,Marin Coastal Range,Marin,bp16ap26 bp18mr25
CAZ503,06097,MTR,Sonoma Coastal Range,Sonoma,bp16ap26 bp18mr25
CAZ504,06055,MTR,North Bay Interior Mountains,Napa,bp16ap26 bp18mr25
CAZ504,06097,MTR,North Bay Interior Mountains,Sonoma,bp16ap26 bp18mr25
CAZ505,06041,MTR,Coastal North Bay Including Point Reyes National Seashore,Marin,bp16ap26 bp18mr25
CAZ505,06097,MTR,Coastal North Bay Including Point Reyes National Seashore,Sonoma,bp16ap26 bp18mr25
CAZ506,06041,MTR,North Bay Interior Valleys,Marin,bp16ap26 bp18mr25
CAZ506,06055,MTR,North Bay Interior Valleys,Napa,bp16ap26 bp18mr25
CAZ506,06097,MTR,North Bay Interior Valleys,Sonoma,bp16ap26 bp18mr25
CAZ508,06001,MTR,San Francisco Bay Shoreline,Alameda,bp16ap26 bp18mr25
CAZ508,06013,MTR,San Francisco Bay Shoreline,Contra Costa,bp16ap26 bp18mr25
CAZ508,06081,MTR,San Francisco Bay Shoreline,San Mateo,bp16ap26 bp18mr25
CAZ508,06085,MTR,San Francisco Bay Shoreline,Santa Clara,bp16ap26 bp18mr25
CAZ509,06081,MTR,San Fransisco Peninsula Coast,San Mateo,bp16ap26 bp18mr25
CAZ509,06087,MTR,San Fransisco Peninsula Coast,Santa Cruz,bp16ap26 bp18mr25
CAZ510,06001,MTR,East Bay Interior Valleys,Alameda,bp16ap26 bp18mr25
CAZ510,06013,MTR,East Bay Interior Valleys,Contra Costa,bp16ap26 bp18mr25
CAZ512,06081,MTR,Santa Cruz Mountains,San Mateo,bp16ap26 bp18mr25
CAZ512,06085,MTR,Santa Cruz Mountains,Santa Clara,bp16ap26 bp18mr25
CAZ512,06087,MTR,Santa Cruz Mountains,Santa Cruz,bp16ap26 bp18mr25
CAZ513,06085,MTR,Santa Clara Valley Including San Jose,Santa Clara,bp16ap26 bp18mr25
CAZ514,06085,MTR,Eastern Santa Clara Hills,Santa Clara,bp16ap26 bp18mr25
CAZ515,06001,MTR,East Bay Hills,Alameda,bp16ap26 bp18mr25
CAZ515,06013,MTR,East Bay Hills,Contra Costa,bp16ap26 bp18mr25
CAZ516,06053,MTR,Southern Salinas Valley/Arroyo Seco and Lake San Antonio,Monterey,bp16ap26 bp18mr25
CAZ517,06053,MTR,Santa Lucia Mountains and Los Padres National Forest,Monterey,bp16ap26 bp18mr25
CAZ518,06053,MTR,Mountains Of San Benito County And Interior Monterey County Including Pinnacles National Monument,Monterey,bp16ap26 bp18mr25
CAZ518,06069,MTR,Mountains Of San Benito County And Interior Monterey County Including Pinnacles National Monument,San Benito,bp16ap26 bp18mr25
CAZ519,06027,VEF,Eastern Sierra Slopes of Inyo County,Inyo,bp16ap26 bp18mr25
CAZ520,06027,VEF,Owens Valley,Inyo,bp18mr25
CAZ521,06027,VEF,White Mountains of Inyo County,Inyo,bp16ap26 bp18mr25
CAZ522,06027,VEF,Death Valley National Park,Inyo,bp16ap26 bp18mr25
CAZ523,06071,VEF,Western Mojave Desert,San Bernardino,bp16ap26 bp18mr25
CAZ524,06071,VEF,Eastern Mojave Desert Including the Mojave National Preserve,San Bernardino,bp16ap26 bp18mr25
CAZ525,06071,VEF,Morongo Basin,San Bernardino,bp16ap26 bp18mr25
CAZ526,06071,VEF,Cadiz Basin,San Bernardino,bp16ap26 bp18mr25
CAZ527,06071,VEF,San Bernadino County-Upper Colorado River Valley,San Bernardino,bp16ap26 bp18mr25
CAZ528,06053,MTR,Northern Salinas Valley/Hollister Valley and Carmel Valley,Monterey,bp16ap26 bp18mr25
CAZ528,06069,MTR,Northern Salinas Valley/Hollister Valley and Carmel Valley,San Benito,bp16ap26 bp18mr25
CAZ529,06087,MTR,Northern Monterey Bay,Santa Cruz,bp16ap26 bp18mr25
CAZ530,06053,MTR,Southern Monterey Bay and Big Sur Coast,Monterey,bp16ap26 bp18mr25
CAZ548,06037,LOX,Los Angeles County San Gabriel Valley,Los Angeles,bp16ap26 bp18mr25
CAZ549,06083,LOX,San Miguel and Santa Rosa Islands,Santa Barbara,bp16ap26 bp18mr25
CAZ550,06083,LOX,Santa Cruz and Anacapa Islands,Santa Barbara,bp16ap26 bp18mr25
CAZ552,06059,SGX,Orange County Coastal,Orange,bp16ap26 bp18mr25
CAZ554,06059,SGX,Orange County Inland,Orange,bp16ap26 bp18mr25
CAZ560,06071,PSR,Joshua Tree NP West,San Bernardino,bp16ap26 bp18mr25
CAZ561,06071,PSR,Joshua Tree NP East,San Bernardino,bp16ap26 bp18mr25
CAZ562,06025,PSR,Imperial County Southwest,Imperial,bp16ap26 bp18mr25
CAZ563,06025,PSR,Salton Sea,Imperial,bp16ap26 bp18mr25
CAZ563,06065,PSR,Salton Sea,Riverside,bp16ap26 bp18mr25
CAZ564,06025,PSR,Chuckwalla Mountains,Imperial,bp16ap26 bp18mr25
CAZ564,06065,PSR,Chuckwalla Mountains,Riverside,bp16ap26 bp18mr25
CAZ565,06025,PSR,Imperial County Southeast,Imperial,bp16ap26 bp18mr25
CAZ566,06025,PSR,Imperial County West,Imperial,bp16ap26 bp18mr25
CAZ567,06025,PSR,Imperial Valley,Imperial,bp16ap26 bp18mr25
CAZ568,06065,PSR,Chiriaco Summit,Riverside,bp16ap26 bp18mr25
CAZ569,06025,PSR,Palo Verde Valley,Imperial,bp16ap26 bp18mr25
CAZ569,06065,PSR,Palo Verde Valley,Riverside,bp16ap26 bp18mr25
CAZ570,06065,PSR,Chuckwalla Valley,Riverside,bp16ap26 bp18mr25
CAZ581,06027,VEF,Owens Valley South,Inyo,bp16ap26
CAZ582,06027,VEF,Owens Valley North,Inyo,bp16ap26
COZ001,08045,GJT,Lower Yampa River Basin,Garfield,bp16ap26 bp18mr25
COZ001,08081,GJT,Lower Yampa River Basin,Moffat,bp16ap26 bp18mr25
COZ001,08103,GJT,Lower Yampa River Basin,Rio Blanco,bp16ap26 bp18mr25
COZ002,08081,GJT,Central Yampa River Basin,Moffat,bp16ap26 bp18mr25
COZ002,08103,GJT,Central Yampa River Basin,Rio Blanco,bp16ap26 bp18mr25
COZ002,08107,GJT,Central Yampa River Basin,Routt,bp16ap26 bp18mr25
COZ003,08045,GJT,Roan and Tavaputs Plateaus,Garfield,bp16ap26 bp18mr25
COZ003,08077,GJT,Roan and Tavaputs Plateaus,Mesa,bp16ap26 bp18mr25
COZ003,08103,GJT,Roan and Tavaputs Plateaus,Rio Blanco,bp16ap26 bp18mr25
COZ004,08081,GJT,Elkhead and Park Mountains,Moffat,bp16ap26 bp18mr25
COZ004,08107,GJT,Elkhead and Park Mountains,Routt,bp16ap26 bp18mr25
COZ005,08107,GJT,Upper Yampa River Basin,Routt,bp16ap26 bp18mr25
COZ006,08045,GJT,Grand Valley,Garfield,bp16ap26 bp18mr25
COZ006,08077,GJT,Grand Valley,Mesa,bp16ap26 bp18mr25
COZ007,08045,GJT,Debeque to Silt Corridor,Garfield,bp16ap26 bp18mr25
COZ007,08077,GJT,Debeque to Silt Corridor,Mesa,bp16ap26 bp18mr25
COZ008,08037,GJT,Central Colorado River Basin,Eagle,bp16ap26 bp18mr25
COZ008,08045,GJT,Central Colorado River Basin,Garfield,bp16ap26 bp18mr25
COZ008,08097,GJT,Central Colorado River Basin,Pitkin,bp16ap26 bp18mr25
COZ009,08029,GJT,Grand and Battlement Mesas,Delta,bp16ap26 bp18mr25
COZ009,08045,GJT,Grand and Battlement Mesas,Garfield,bp16ap26 bp18mr25
COZ009,08077,GJT,Grand and Battlement Mesas,Mesa,bp16ap26 bp18mr25
COZ010,08037,GJT,Gore and Elk Mountains/Central Mountain Valleys,Eagle,bp16ap26 bp18mr25
COZ010,08045,GJT,Gore and Elk Mountains/Central Mountain Valleys,Garfield,bp16ap26 bp18mr25
COZ010,08097,GJT,Gore and Elk Mountains/Central Mountain Valleys,Pitkin,bp16ap26 bp18mr25
COZ011,08029,GJT,Central Gunnison and Uncompahgre River Basin,Delta,bp16ap26 bp18mr25
COZ011,08051,GJT,Central Gunnison and Uncompahgre River Basin,Gunnison,bp16ap26 bp18mr25
COZ011,08077,GJT,Central Gunnison and Uncompahgre River Basin,Mesa,bp16ap26 bp18mr25
COZ011,08085,GJT,Central Gunnison and Uncompahgre River Basin,Montrose,bp16ap26 bp18mr25
COZ012,08029,GJT,West Elk and Sawatch Mountains,Delta,bp16ap26 bp18mr25
COZ012,08051,GJT,West Elk and Sawatch Mountains,Gunnison,bp16ap26 bp18mr25
COZ012,08085,GJT,West Elk and Sawatch Mountains,Montrose,bp16ap26 bp18mr25
COZ013,08037,GJT,Flattops,Eagle,bp16ap26 bp18mr25
COZ013,08045,GJT,Flattops,Garfield,bp16ap26 bp18mr25
COZ013,08081,GJT,Flattops,Moffat,bp16ap26 bp18mr25
COZ013,08103,GJT,Flattops,Rio Blanco,bp16ap26 bp18mr25
COZ013,08107,GJT,Flattops,Routt,bp16ap26 bp18mr25
COZ014,08051,GJT,Upper Gunnison River Valley,Gunnison,bp16ap26 bp18mr25
COZ014,08085,GJT,Upper Gunnison River Valley,Montrose,bp16ap26 bp18mr25
COZ017,08029,GJT,Uncompahgre Plateu/Dallas Divide,Delta,bp16ap26 bp18mr25
COZ017,08077,GJT,Uncompahgre Plateu/Dallas Divide,Mesa,bp16ap26 bp18mr25
COZ017,08085,GJT,Uncompahgre Plateu/Dallas Divide,Montrose,bp16ap26 bp18mr25
COZ017,08091,GJT,Uncompahgre Plateu/Dallas Divide,Ouray,bp16ap26 bp18mr25
COZ017,08113,GJT,Uncompahgre Plateu/Dallas Divide,San Miguel,bp16ap26 bp18mr25
COZ018,08051,GJT,Northwestern San Juan Mountains,Gunnison,bp16ap26 bp18mr25
COZ018,08053,GJT,Northwestern San Juan Mountains,Hinsdale,bp16ap26 bp18mr25
COZ018,08085,GJT,Northwestern San Juan Mountains,Montrose,bp16ap26 bp18mr25
COZ018,08091,GJT,Northwestern San Juan Mountains,Ouray,bp16ap26 bp18mr25
COZ018,08113,GJT,Northwestern San Juan Mountains,San Miguel,bp16ap26 bp18mr25
COZ019,08007,GJT,Southwest San Juan Mountains,Archuleta,bp16ap26 bp18mr25
COZ019,08033,GJT,Southwest San Juan Mountains,Dolores,bp16ap26 bp18mr25
COZ019,08053,GJT,Southwest San Juan Mountains,Hinsdale,bp16ap26 bp18mr25
COZ019,08067,GJT,Southwest San Juan Mountains,La Plata,bp16ap26 bp18mr25
COZ019,08083,GJT,Southwest San Juan Mountains,Montezuma,bp16ap26 bp18mr25
COZ019,08111,GJT,Southwest San Juan Mountains,San Juan,bp16ap26 bp18mr25
COZ019,08113,GJT,Southwest San Juan Mountains,San Miguel,bp16ap26 bp18mr25
COZ020,08033,GJT,Paradox Valley/Little Dolores River,Dolores,bp16ap26 bp18mr25
COZ020,08077,GJT,Paradox Valley/Little Dolores River,Mesa,bp16ap26 bp18mr25
COZ020,08085,GJT,Paradox Valley/Little Dolores River,Montrose,bp16ap26 bp18mr25
COZ020,08113,GJT,Paradox Valley/Little Dolores River,San Miguel,bp16ap26 bp18mr25
COZ021,08033,GJT,Four Corners/Upper Dolores River,Dolores,bp16ap26 bp18mr25
COZ021,08083,GJT,Four Corners/Upper Dolores River,Montezuma,bp16ap26 bp18mr25
COZ021,08113,GJT,Four Corners/Upper Dolores River,San Miguel,bp16ap26 bp18mr25
COZ022,08067,GJT,Animas River Basin,La Plata,bp16ap26 bp18mr25
COZ023,08007,GJT,San Juan River Basin,Archuleta,bp16ap26 bp18mr25
COZ030,08057,BOU,Jackson County Below 9000 Feet,Jackson,bp16ap26 bp18mr25
COZ031,08049,BOU,West Jackson and West Grand Counties Above 9000 Feet,Grand,bp16ap26 bp18mr25
COZ031,08057,BOU,West Jackson and West Grand Counties Above 9000 Feet,Jackson,bp16ap26 bp18mr25
COZ032,08049,BOU,Grand and Summit Counties Below 9000 Feet,Grand,bp16ap26 bp18mr25
COZ032,08117,BOU,Grand and Summit Counties Below 9000 Feet,Summit,bp16ap26 bp18mr25
COZ033,08013,BOU,South and East Jackson/Larimer/North and Northeast Grand/Northwest Boulder Counties Above 9000 Feet,Boulder,bp16ap26 bp18mr25
COZ033,08049,BOU,South and East Jackson/Larimer/North and Northeast Grand/Northwest Boulder Counties Above 9000 Feet,Grand,bp16ap26 bp18mr25
COZ033,08057,BOU,South and East Jackson/Larimer/North and Northeast Grand/Northwest Boulder Counties Above 9000 Feet,Jackson,bp16ap26 bp18mr25
COZ033,08069,BOU,South and East Jackson/Larimer/North and Northeast Grand/Northwest Boulder Counties Above 9000 Feet,Larimer,bp16ap26 bp18mr25
COZ034,08013,BOU,South and Southeast Grand/West Central and Southwest Boulder/Gilpin/Clear Creek/Summit/North and West Park Counties Above 9000 Feet,Boulder,bp16ap26 bp18mr25
COZ034,08019,BOU,South and Southeast Grand/West Central and Southwest Boulder/Gilpin/Clear Creek/Summit/North and West Park Counties Above 9000 Feet,Clear Creek,bp16ap26 bp18mr25
COZ034,08047,BOU,South and Southeast Grand/West Central and Southwest Boulder/Gilpin/Clear Creek/Summit/North and West Park Counties Above 9000 Feet,Gilpin,bp16ap26 bp18mr25
COZ034,08049,BOU,South and Southeast Grand/West Central and Southwest Boulder/Gilpin/Clear Creek/Summit/North and West Park Counties Above 9000 Feet,Grand,bp16ap26 bp18mr25
COZ034,08059,BOU,South and Southeast Grand/West Central and Southwest Boulder/Gilpin/Clear Creek/Summit/North and West Park Counties Above 9000 Feet,Jefferson,bp16ap26 bp18mr25
COZ034,08093,BOU,South and Southeast Grand/West Central and Southwest Boulder/Gilpin/Clear Creek/Summit/North and West Park Counties Above 9000 Feet,Park,bp16ap26 bp18mr25
COZ034,08117,BOU,South and Southeast Grand/West Central and Southwest Boulder/Gilpin/Clear Creek/Summit/North and West Park Counties Above 9000 Feet,Summit,bp16ap26 bp18mr25
COZ035,08013,BOU,Larimer and Boulder Counties Between 6000 and 9000 Feet,Boulder,bp16ap26 bp18mr25
COZ035,08069,BOU,Larimer and Boulder Counties Between 6000 and 9000 Feet,Larimer,bp16ap26 bp18mr25
COZ036,08019,BOU,Jefferson and West Douglas Counties Above  6000 Feet/Gilpin/Clear Creek/Northeast Park Counties Below 9000 Feet,Clear Creek,bp16ap26 bp18mr25
COZ036,08035,BOU,Jefferson and West Douglas Counties Above  6000 Feet/Gilpin/Clear Creek/Northeast Park Counties Below 9000 Feet,Douglas,bp16ap26 bp18mr25
COZ036,08047,BOU,Jefferson and West Douglas Counties Above  6000 Feet/Gilpin/Clear Creek/Northeast Park Counties Below 9000 Feet,Gilpin,bp16ap26 bp18mr25
COZ036,08059,BOU,Jefferson and West Douglas Counties Above  6000 Feet/Gilpin/Clear Creek/Northeast Park Counties Below 9000 Feet,Jefferson,bp16ap26 bp18mr25
COZ036,08093,BOU,Jefferson and West Douglas Counties Above  6000 Feet/Gilpin/Clear Creek/Northeast Park Counties Below 9000 Feet,Park,bp16ap26 bp18mr25
COZ037,08093,BOU,Central and Southeast Park County,Park,bp16ap26 bp18mr25
COZ038,08069,BOU,Larimer County Below 6000 Feet/Northwest Weld County,Larimer,bp16ap26 bp18mr25
COZ038,08123,BOU,Larimer County Below 6000 Feet/Northwest Weld County,Weld,bp16ap26 bp18mr25
COZ039,08013,BOU,Boulder And Jefferson Counties Below 6000 Feet/West Broomfield County,Boulder,bp16ap26 bp18mr25
COZ039,08014,BOU,Boulder And Jefferson Counties Below 6000 Feet/West Broomfield County,Broomfield,bp16ap26 bp18mr25
COZ039,08059,BOU,Boulder And Jefferson Counties Below 6000 Feet/West Broomfield County,Jefferson,bp16ap26 bp18mr25
COZ040,08001,BOU,North Douglas County Below 6000 Feet/Denver/West Adams and Arapahoe Counties/East Broomfield County,Adams,bp16ap26 bp18mr25
COZ040,08005,BOU,North Douglas County Below 6000 Feet/Denver/West Adams and Arapahoe Counties/East Broomfield County,Arapahoe,bp16ap26 bp18mr25
COZ040,08014,BOU,North Douglas County Below 6000 Feet/Denver/West Adams and Arapahoe Counties/East Broomfield County,Broomfield,bp16ap26 bp18mr25
COZ040,08031,BOU,North Douglas County Below 6000 Feet/Denver/West Adams and Arapahoe Counties/East Broomfield County,Denver,bp16ap26 bp18mr25
COZ040,08035,BOU,North Douglas County Below 6000 Feet/Denver/West Adams and Arapahoe Counties/East Broomfield County,Douglas,bp16ap26 bp18mr25
COZ041,08005,BOU,Elbert/Central and East Douglas Counties Above 6000 Feet,Arapahoe,bp16ap26 bp18mr25
COZ041,08035,BOU,Elbert/Central and East Douglas Counties Above 6000 Feet,Douglas,bp16ap26 bp18mr25
COZ041,08039,BOU,Elbert/Central and East Douglas Counties Above 6000 Feet,Elbert,bp16ap26 bp18mr25
COZ042,08123,BOU,Northeast Weld County,Weld,bp16ap26 bp18mr25
COZ043,08123,BOU,Central and South Weld County,Weld,bp16ap26 bp18mr25
COZ044,08087,BOU,Morgan County,Morgan,bp16ap26 bp18mr25
COZ045,08001,BOU,Central and East Adams and Arapahoe Counties,Adams,bp16ap26 bp18mr25
COZ045,08005,BOU,Central and East Adams and Arapahoe Counties,Arapahoe,bp16ap26 bp18mr25
COZ046,08039,BOU,North and Northeast Elbert County Below 6000 Feet/North Lincoln County,Elbert,bp16ap26 bp18mr25
COZ046,08073,BOU,North and Northeast Elbert County Below 6000 Feet/North Lincoln County,Lincoln,bp16ap26 bp18mr25
COZ047,08039,BOU,Southeast Elbert County Below 6000 Feet/South Lincoln County,Elbert,bp16ap26 bp18mr25
COZ047,08073,BOU,Southeast Elbert County Below 6000 Feet/South Lincoln County,Lincoln,bp16ap26 bp18mr25
COZ048,08075,BOU,Logan County,Logan,bp16ap26 bp18mr25
COZ049,08121,BOU,Washington County,Washington,bp16ap26 bp18mr25
COZ050,08115,BOU,Sedgwick County,Sedgwick,bp16ap26 bp18mr25
COZ051,08095,BOU,Phillips County,Phillips,bp16ap26 bp18mr25
COZ058,08065,PUB,Western Mosquito Range/East Lake County Above 11000 Ft,Lake,bp16ap26 bp18mr25
COZ059,08065,PUB,Leadville Vicinity/Lake County Below 11000 Ft,Lake,bp16ap26 bp18mr25
COZ060,08015,PUB,Eastern Sawatch Mountains above 11000 Ft,Chaffee,bp16ap26 bp18mr25
COZ060,08065,PUB,Eastern Sawatch Mountains above 11000 Ft,Lake,bp16ap26 bp18mr25
COZ060,08109,PUB,Eastern Sawatch Mountains above 11000 Ft,Saguache,bp16ap26 bp18mr25
COZ061,08015,PUB,Western Chaffee County Between 9000 and 11000 Ft,Chaffee,bp16ap26 bp18mr25
COZ062,08015,PUB,Central Chaffee County Below 9000 Ft,Chaffee,bp16ap26 bp18mr25
COZ063,08015,PUB,Western Mosquito Range/East Chaffee County above 9000Ft,Chaffee,bp16ap26 bp18mr25
COZ064,08109,PUB,Saguache County West of Continental Divide Below 10000 Ft,Saguache,bp16ap26 bp18mr25
COZ065,08105,PUB,Saguache County East of Continental Divide below 10000 Ft,Rio Grande,bp16ap26 bp18mr25
COZ065,08109,PUB,Saquache County East of Continental Divide below 10000 Ft,Saguache,bp16ap26 bp18mr25
COZ066,08079,PUB,La Garita Mountains Above 10000 Ft,Mineral,bp16ap26 bp18mr25
COZ066,08105,PUB,La Garita Mountains Above 10000 Ft,Rio Grande,bp16ap26 bp18mr25
COZ066,08109,PUB,La Garita Mountains Above 10000 Ft,Saguache,bp16ap26 bp18mr25
COZ067,08021,PUB,Upper Rio Grande Valley/Eastern San Juan Mountains Below 10000 Ft,Conejos,bp16ap26 bp18mr25
COZ067,08079,PUB,Upper Rio Grande Valley/Eastern San Juan Mountains Below 10000 Ft,Mineral,bp16ap26 bp18mr25
COZ067,08105,PUB,Upper Rio Grande Valley/Eastern San Juan Mountains Below 10000 Ft,Rio Grande,bp16ap26 bp18mr25
COZ068,08021,PUB,Eastern San Juan Mountains Above 10000 Ft,Conejos,bp16ap26 bp18mr25
COZ068,08079,PUB,Eastern San Juan Mountains Above 10000 Ft,Mineral,bp16ap26 bp18mr25
COZ068,08105,PUB,Eastern San Juan Mountains Above 10000 Ft,Rio Grande,bp16ap26 bp18mr25
COZ069,08105,PUB,Del Norte Vicinity/Northern San Luis Valley Below 8500 Ft,Rio Grande,bp16ap26 bp18mr25
COZ069,08109,PUB,Del Norte Vicinity/Northern San Luis Valley Below 8500 Ft,Saguache,bp16ap26 bp18mr25
COZ070,08003,PUB,Alamosa  Vicinity/Central San Luis Valley Below 8500 Ft,Alamosa,bp16ap26 bp18mr25
COZ070,08105,PUB,Alamosa  Vicinity/Central San Luis Valley Below 8500 Ft,Rio Grande,bp16ap26 bp18mr25
COZ071,08021,PUB,Southern San Luis Valley,Conejos,bp16ap26 bp18mr25
COZ071,08023,PUB,Southern San Luis Valley,Costilla,bp16ap26 bp18mr25
COZ072,08003,PUB,Northern Sangre de Cristo Mountains Between 8500 And 11000 Ft,Alamosa,bp16ap26 bp18mr25
COZ072,08015,PUB,Northern Sangre de Cristo Mountains Between 8500 And 11000 Ft,Chaffee,bp16ap26 bp18mr25
COZ072,08023,PUB,Northern Sangre de Cristo Mountains Between 8500 And 11000 Ft,Costilla,bp16ap26 bp18mr25
COZ072,08027,PUB,Northern Sangre de Cristo Mountains Between 8500 And 11000 Ft,Custer,bp16ap26 bp18mr25
COZ072,08043,PUB,Northern Sangre de Cristo Mountains Between 8500 And 11000 Ft,Fremont,bp16ap26 bp18mr25
COZ072,08055,PUB,Northern Sangre de Christo Mountains Between 8500 And 11000 Ft,Huerfano,bp16ap26 bp18mr25
COZ072,08109,PUB,Northern Sangre de Cristo Mountains Between 8500 And 11000 Ft,Saguache,bp16ap26 bp18mr25
COZ073,08003,PUB,Northern Sangre de Cristo Mountains above 11000 Ft,Alamosa,bp16ap26 bp18mr25
COZ073,08023,PUB,Northern Sangre de Cristo Mountains above 11000 Ft,Costilla,bp16ap26 bp18mr25
COZ073,08027,PUB,Northern Sangre de Cristo Mountains above 11000 Ft,Custer,bp16ap26 bp18mr25
COZ073,08043,PUB,Northern Sangre de Cristo Mountains above 11000 Ft,Fremont,bp16ap26 bp18mr25
COZ073,08055,PUB,Northern Sangre de Cristo Mountains above 11000 Ft,Huerfano,bp16ap26 bp18mr25
COZ073,08109,PUB,Northern Sangre de Cristo Mountains above 11000 Ft,Saguache,bp16ap26 bp18mr25
COZ074,08023,PUB,Southern Sangre De Cristo Mountains Between 7500 and 11000 Ft,Costilla,bp16ap26 bp18mr25
COZ074,08055,PUB,Southern Sangre De Cristo Mountains Between 7500 and 11000 Ft,Huerfano,bp16ap26 bp18mr25
COZ074,08071,PUB,Southern Sangre De Cristo Mountains Between 7500 and 11000 Ft,Las Animas,bp16ap26 bp18mr25
COZ075,08023,PUB,Southern Sangre De Cristo Mountains Above 11000 Ft,Costilla,bp16ap26 bp18mr25
COZ075,08055,PUB,Southern Sangre De Cristo Mountains Above 11000 Ft,Huerfano,bp16ap26 bp18mr25
COZ075,08071,PUB,Southern Sangre De Cristo Mountains Above 11000 Ft,Las Animas,bp16ap26 bp18mr25
COZ076,08043,PUB,Northwestern Fremont County  Above 8500Ft,Fremont,bp16ap26 bp18mr25
COZ077,08043,PUB,Western/Central Fremont County Below 8500 Ft,Fremont,bp16ap26 bp18mr25
COZ078,08027,PUB,Wet Mountain Valley Below 8500 Ft,Custer,bp16ap26 bp18mr25
COZ078,08055,PUB,Wet Mountain Valley Below 8500 Ft,Huerfano,bp16ap26 bp18mr25
COZ079,08027,PUB,Wet Mountains between 6300 and 10000Ft,Custer,bp16ap26 bp18mr25
COZ079,08043,PUB,Wet Mountains between 6300 and 10000Ft,Fremont,bp16ap26 bp18mr25
COZ079,08055,PUB,Wet Mountains between 6300 and 10000Ft,Huerfano,bp16ap26 bp18mr25
COZ079,08101,PUB,Wet Mountains between 6300 and 10000Ft,Pueblo,bp16ap26 bp18mr25
COZ080,08027,PUB,Wet Mountains above 10000 Ft,Custer,bp16ap26 bp18mr25
COZ080,08055,PUB,Wet Mountains above 10000 Ft,Huerfano,bp16ap26 bp18mr25
COZ080,08101,PUB,Wet Mountains above 10000 Ft,Pueblo,bp16ap26 bp18mr25
COZ081,08041,PUB,Teller County/Rampart Range above 7500fT/Pike's Peak Between 7500 And 11000 Ft,El Paso,bp16ap26 bp18mr25
COZ081,08043,PUB,Teller County/Rampart Range above 7500fT/Pike's Peak Between 7500 And 11000 Ft,Fremont,bp16ap26 bp18mr25
COZ081,08119,PUB,Teller County/Rampart Range above 7500fT/Pike's Peak Between 7500 And 11000 Ft,Teller,bp16ap26 bp18mr25
COZ082,08041,PUB,Pikes Peak above 11000 Ft,El Paso,bp16ap26 bp18mr25
COZ082,08119,PUB,Pikes Peak above 11000 Ft,Teller,bp16ap26 bp18mr25
COZ083,08027,PUB,Canon City Vicinity/Eastern Fremont County,Custer,bp16ap26 bp18mr25
COZ083,08043,PUB,Canon City Vicinity/Eastern Fremont County,Fremont,bp16ap26 bp18mr25
COZ083,08119,PUB,Canon City Vicinity/Eastern Fremont County,Teller,bp16ap26 bp18mr25
COZ084,08041,PUB,Northern El Paso County/Monument Ridge/Rampart Range Below 7500 Ft,El Paso,bp16ap26 bp18mr25
COZ085,08041,PUB,Colorado Springs Vicinity/Southern El Paso County/Rampart Range Below 7400 Ft,El Paso,bp16ap26 bp18mr25
COZ086,08101,PUB,Pueblo Vicinity/Pueblo County Below 6300 Feet,Pueblo,bp16ap26 bp18mr25
COZ087,08055,PUB,Walsenburg Vicinity/Upper Huerfano River Basin Below 7500 Ft,Huerfano,bp16ap26 bp18mr25
COZ088,08071,PUB,Trinidad Vicinity/Western Las Animas County Below 7500 Ft,Las Animas,bp16ap26 bp18mr25
COZ089,08025,PUB,Crowley County,Crowley,bp16ap26 bp18mr25
COZ090,08125,GLD,Yuma County,Yuma,bp16ap26 bp18mr25
COZ091,08063,GLD,Kit Carson County,Kit Carson,bp16ap26 bp18mr25
COZ092,08017,GLD,Cheyenne County,Cheyenne,bp16ap26 bp18mr25
COZ093,08089,PUB,La Junta Vicinity/Otero County,Otero,bp16ap26 bp18mr25
COZ094,08071,PUB,Eastern Las Animas County,Las Animas,bp16ap26 bp18mr25
COZ095,08061,PUB,Western Kiowa County,Kiowa,bp16ap26 bp18mr25
COZ096,08061,PUB,Eastern Kiowa County,Kiowa,bp16ap26 bp18mr25
COZ097,08011,PUB,Las Animas Vicinity/Bent County,Bent,bp16ap26 bp18mr25
COZ098,08099,PUB,Lamar Vicinity/Prowers County,Prowers,bp16ap26 bp18mr25
COZ099,08009,PUB,Springfield Vicinity/Baca County,Baca,bp16ap26 bp18mr25
CTZ001,09005,ALY,Northern Litchfield,Litchfield,bp16ap26 bp18mr25
CTZ002,09003,BOX,Hartford,Hartford,bp16ap26 bp18mr25
CTZ003,09013,BOX,Tolland,Tolland,bp16ap26 bp18mr25
CTZ004,09015,BOX,Windham,Windham,bp16ap26 bp18mr25
CTZ005,09001,OKX,Northern Fairfield,Fairfield,bp16ap26 bp18mr25
CTZ006,09009,OKX,Northern New Haven,New Haven,bp16ap26 bp18mr25
CTZ007,09007,OKX,Northern Middlesex,Middlesex,bp16ap26 bp18mr25
CTZ008,09011,OKX,Northern New London,New London,bp16ap26 bp18mr25
CTZ009,09001,OKX,Southern Fairfield,Fairfield,bp16ap26 bp18mr25
CTZ010,09009,OKX,Southern New Haven,New Haven,bp16ap26 bp18mr25
CTZ011,09007,OKX,Southern Middlesex,Middlesex,bp16ap26 bp18mr25
CTZ012,09011,OKX,Southern New London,New London,bp16ap26 bp18mr25
CTZ013,09005,ALY,Southern Litchfield,Litchfield,bp16ap26 bp18mr25
DCZ001,11001,LWX,District of Columbia,District of Columbia,bp16ap26 bp18mr25
DEZ001,10003,PHI,New Castle,New Castle,bp16ap26 bp18mr25
DEZ002,10001,PHI,Kent,Kent,bp16ap26 bp18mr25
DEZ003,10005,PHI,Inland Sussex,Sussex,bp16ap26 bp18mr25
DEZ004,10005,PHI,Delaware Beaches,Sussex,bp16ap26 bp18mr25
FLZ007,12131,TAE,North Walton,Walton,bp16ap26 bp18mr25
FLZ008,12131,TAE,Central Walton,Walton,bp16ap26 bp18mr25
FLZ009,12059,TAE,Holmes,Holmes,bp16ap26 bp18mr25
FLZ010,12133,TAE,Washington,Washington,bp16ap26 bp18mr25
FLZ011,12063,TAE,Jackson,Jackson,bp16ap26 bp18mr25
FLZ012,12005,TAE,Inland Bay,Bay,bp16ap26 bp18mr25
FLZ013,12013,TAE,Calhoun,Calhoun,bp16ap26 bp18mr25
FLZ014,12045,TAE,Inland Gulf,Gulf,bp16ap26 bp18mr25
FLZ015,12037,TAE,Inland Franklin,Franklin,bp16ap26 bp18mr25
FLZ016,12039,TAE,Gadsden,Gadsden,bp16ap26 bp18mr25
FLZ017,12073,TAE,Leon,Leon,bp16ap26 bp18mr25
FLZ018,12065,TAE,Inland Jefferson,Jefferson,bp16ap26 bp18mr25
FLZ019,12079,TAE,Madison,Madison,bp16ap26 bp18mr25
FLZ021,12121,JAX,Suwannee,Suwannee,bp16ap26 bp18mr25
FLZ023,12003,JAX,Baker,Baker,bp16ap26 bp18mr25
FLZ024,12089,JAX,Inland Nassau,Nassau,bp16ap26 bp18mr25
FLZ027,12129,TAE,Inland Wakulla,Wakulla,bp16ap26 bp18mr25
FLZ028,12123,TAE,Inland Taylor,Taylor,bp16ap26 bp18mr25
FLZ029,12067,TAE,Lafayette,Lafayette,bp16ap26 bp18mr25
FLZ030,12125,JAX,Union,Union,bp16ap26 bp18mr25
FLZ031,12007,JAX,Bradford,Bradford,bp16ap26 bp18mr25
FLZ034,12029,TAE,Inland Dixie,Dixie,bp16ap26 bp18mr25
FLZ035,12041,JAX,Gilchrist,Gilchrist,bp16ap26 bp18mr25
FLZ038,12035,JAX,Inland Flagler,Flagler,bp16ap26 bp18mr25
FLZ041,12127,MLB,Inland Volusia County,Volusia,bp16ap26 bp18mr25
FLZ043,12119,TBW,Sumter,Sumter,bp16ap26 bp18mr25
FLZ044,12069,MLB,Northern Lake County,Lake,bp16ap26 bp18mr25
FLZ045,12095,MLB,Orange,Orange,bp16ap26 bp18mr25
FLZ046,12117,MLB,Seminole,Seminole,bp16ap26 bp18mr25
FLZ050,12103,TBW,Pinellas,Pinellas,bp16ap26 bp18mr25
FLZ052,12105,TBW,Polk,Polk,bp16ap26 bp18mr25
FLZ053,12097,MLB,Osceola,Osceola,bp16ap26 bp18mr25
FLZ056,12049,TBW,Hardee,Hardee,bp16ap26 bp18mr25
FLZ057,12055,TBW,Highlands,Highlands,bp16ap26 bp18mr25
FLZ058,12093,MLB,Okeechobee,Okeechobee,bp16ap26 bp18mr25
FLZ061,12027,TBW,De Soto,DeSoto,bp16ap26 bp18mr25
FLZ063,12043,MFL,Glades,Glades,bp16ap26 bp18mr25
FLZ066,12051,MFL,Hendry,Hendry,bp16ap26 bp18mr25
FLZ067,12099,MFL,Inland Palm Beach County,Palm Beach,bp16ap26 bp18mr25
FLZ068,12099,MFL,Metro Palm Beach County,Palm Beach,bp16ap26 bp18mr25
FLZ069,12021,MFL,Coastal Collier County,Collier,bp16ap26 bp18mr25
FLZ070,12021,MFL,Inland Collier County,Collier,bp16ap26 bp18mr25
FLZ071,12011,MFL,Inland Broward County,Broward,bp16ap26 bp18mr25
FLZ072,12011,MFL,Metro Broward County,Broward,bp16ap26 bp18mr25
FLZ073,12086,MFL,Inland Miami-Dade County,Miami-Dade,bp16ap26 bp18mr25
FLZ074,12086,MFL,Metropolitan Miami Dade,Miami-Dade,bp16ap26 bp18mr25
FLZ075,12087,MFL,Mainland Monroe,Mainland Monroe,bp16ap26 bp18mr25
FLZ076,12087,KEY,Monroe Upper Keys,Upper Keys in Monroe,bp16ap26 bp18mr25
FLZ077,12087,KEY,Monroe Middle Keys,Middle Keys in Monroe,bp16ap26 bp18mr25
FLZ078,12087,KEY,Monroe Lower Keys,Lower Keys in Monroe,bp16ap26 bp18mr25
FLZ108,12131,TAE,South Walton,Walton,bp16ap26 bp18mr25
FLZ112,12005,TAE,Coastal Bay,Bay,bp16ap26 bp18mr25
FLZ114,12045,TAE,Coastal Gulf,Gulf,bp16ap26 bp18mr25
FLZ115,12037,TAE,Coastal Franklin,Franklin,bp16ap26 bp18mr25
FLZ118,12065,TAE,Coastal Jefferson,Jefferson,bp16ap26 bp18mr25
FLZ120,12047,JAX,Eastern Hamilton,Hamilton,bp16ap26 bp18mr25
FLZ124,12089,JAX,Coastal Nassau,Nassau,bp16ap26 bp18mr25
FLZ125,12031,JAX,Coastal Duval,Duval,bp16ap26 bp18mr25
FLZ127,12129,TAE,Coastal Wakulla,Wakulla,bp16ap26 bp18mr25
FLZ128,12123,TAE,Coastal Taylor,Taylor,bp16ap26 bp18mr25
FLZ132,12019,JAX,Eastern Clay,Clay,bp16ap26 bp18mr25
FLZ134,12029,TAE,Coastal Dixie,Dixie,bp16ap26 bp18mr25
FLZ136,12001,JAX,Eastern Alachua ,Alachua,bp16ap26 bp18mr25
FLZ137,12107,JAX,Eastern Putnam,Putnam,bp16ap26 bp18mr25
FLZ138,12035,JAX,Coastal Flagler,Flagler,bp16ap26 bp18mr25
FLZ139,12075,TBW,Coastal Levy,Levy,bp16ap26 bp18mr25
FLZ140,12083,JAX,Eastern Marion ,Marion,bp16ap26 bp18mr25
FLZ141,12127,MLB,Coastal Volusia County,Volusia,bp16ap26 bp18mr25
FLZ142,12017,TBW,Coastal Citrus,Citrus,bp16ap26 bp18mr25
FLZ144,12069,MLB,Southern Lake County,Lake,bp16ap26 bp18mr25
FLZ148,12053,TBW,Coastal Hernando,Hernando,bp16ap26 bp18mr25
FLZ149,12101,TBW,Inland Pasco,Pasco,bp16ap26 bp18mr25
FLZ151,12057,TBW,Coastal Hillsborough,Hillsborough,bp16ap26 bp18mr25
FLZ154,12061,MLB,Coastal Indian River,Indian River,bp16ap26 bp18mr25
FLZ155,12081,TBW,Coastal Manatee,Manatee,bp16ap26 bp18mr25
FLZ159,12111,MLB,Coastal St. Lucie,St. Lucie,bp16ap26 bp18mr25
FLZ160,12115,TBW,Coastal Sarasota,Sarasota,bp16ap26 bp18mr25
FLZ162,12015,TBW,Coastal Charlotte,Charlotte,bp16ap26 bp18mr25
FLZ164,12085,MLB,Coastal Martin,Martin,bp16ap26 bp18mr25
FLZ165,12071,TBW,Coastal Lee,Lee,bp16ap26 bp18mr25
FLZ168,12099,MFL,Coastal Palm Beach County,Palm Beach,bp16ap26 bp18mr25
FLZ172,12011,MFL,Coastal Broward County,Broward,bp16ap26 bp18mr25
FLZ173,12086,MFL,Coastal Miami Dade County,Miami-Dade,bp16ap26 bp18mr25
FLZ174,12086,MFL,Far South Miami-Dade County,Miami-Dade,bp16ap26 bp18mr25
FLZ201,12033,MOB,Escambia Inland,Escambia,bp16ap26 bp18mr25
FLZ202,12033,MOB,Escambia Coastal,Escambia,bp16ap26 bp18mr25
FLZ203,12113,MOB,Santa Rosa Inland,Santa Rosa,bp16ap26 bp18mr25
FLZ204,12113,MOB,Santa Rosa Coastal,Santa Rosa,bp16ap26 bp18mr25
FLZ205,12091,MOB,Okaloosa Inland,Okaloosa,bp16ap26 bp18mr25
FLZ206,12091,MOB,Okaloosa Coastal,Okaloosa,bp16ap26 bp18mr25
FLZ220,12047,JAX,Western Hamilton,Hamilton,bp16ap26 bp18mr25
FLZ225,12031,JAX,Trout River,Duval,bp16ap26 bp18mr25
FLZ232,12019,JAX,Western Clay,Clay,bp16ap26 bp18mr25
FLZ233,12109,JAX,Northeast Coastal St. Johns,St. Johns,bp16ap26 bp18mr25
FLZ236,12001,JAX,Western Alachua ,Alachua,bp16ap26 bp18mr25
FLZ237,12107,JAX,Western Putnam,Putnam,bp16ap26 bp18mr25
FLZ239,12075,TBW,Inland Levy,Levy,bp16ap26 bp18mr25
FLZ240,12083,JAX,Central Marion ,Marion,bp16ap26 bp18mr25
FLZ242,12017,TBW,inland Citrus,Citrus,bp16ap26 bp18mr25
FLZ247,12009,MLB,Inland Northern Brevard,Brevard,bp16ap26 bp18mr25
FLZ248,12053,TBW,Inland Hernando,Hernando,bp16ap26 bp18mr25
FLZ249,12101,TBW,Coastal Pasco,Pasco,bp16ap26 bp18mr25
FLZ251,12057,TBW,Inland Hillsborough,Hillsborough,bp16ap26 bp18mr25
FLZ254,12061,MLB,Inland Indian River,Indian River,bp16ap26 bp18mr25
FLZ255,12081,TBW,Inland Manatee,Manatee,bp16ap26 bp18mr25
FLZ259,12111,MLB,Inland St. Lucie,St. Lucie,bp16ap26 bp18mr25
FLZ260,12115,TBW,Inland Sarasota,Sarasota,bp16ap26 bp18mr25
FLZ262,12015,TBW,Inland Charlotte,Charlotte,bp16ap26 bp18mr25
FLZ264,12085,MLB,Inland Martin,Martin,bp16ap26 bp18mr25
FLZ265,12071,TBW,Inland Lee,Lee,bp16ap26 bp18mr25
FLZ322,12023,JAX,Northern Columbia,Columbia,bp16ap26 bp18mr25
FLZ325,12031,JAX,South Central Duval,Duval,bp16ap26 bp18mr25
FLZ326,12077,TAE,Northern Liberty,Liberty,bp16ap26 bp18mr25
FLZ333,12109,JAX,Southeast Coastal St. Johns,St. Johns,bp16ap26 bp18mr25
FLZ340,12083,JAX,Western Marion ,Marion,bp16ap26 bp18mr25
FLZ347,12009,MLB,Mainland Northern Brevard,Brevard,bp16ap26 bp18mr25
FLZ422,12023,JAX,Southeastern Columbia,Columbia,bp16ap26 bp18mr25
FLZ425,12031,JAX,Western Duval,Duval,bp16ap26 bp18mr25
FLZ426,12077,TAE,Southern Liberty,Liberty,bp16ap26 bp18mr25
FLZ433,12109,JAX,Northern Inland St. Johns,St. Johns,bp16ap26 bp18mr25
FLZ447,12009,MLB,Northern Brevard Barrier Islands,Brevard,bp16ap26 bp18mr25
FLZ522,12023,JAX,Southwestern Columbia,Columbia,bp16ap26 bp18mr25
FLZ533,12109,JAX,Southern Inland St. Johns,St. Johns,bp16ap26 bp18mr25
FLZ547,12009,MLB,Inland Southern Brevard,Brevard,bp16ap26 bp18mr25
FLZ633,12109,JAX,Western St. Johns,St. Johns,bp16ap26 bp18mr25
FLZ647,12009,MLB,Mainland Southern Brevard,Brevard,bp16ap26 bp18mr25
FLZ747,12009,MLB,Southern Brevard Barrier Islands,Brevard,bp16ap26 bp18mr25
FMZ001,64005,PQE,Kosrae,Kosrae,bp16ap26 bp18mr25
FMZ011,64090,PQE,Pingelap,Pingelap,bp16ap26 bp18mr25
FMZ012,64040,PQE,Mwoakilloa,Mwoakilloa,bp16ap26 bp18mr25
FMZ013,64040,PQE,Pohnpei,Pohnpei,bp16ap26 bp18mr25
FMZ014,64040,PQE,Pakin,Pakin,bp16ap26 bp18mr25
FMZ015,64050,PQE,Sapwuahfik,Sapwuahfik,bp16ap26 bp18mr25
FMZ016,64070,PQE,Oroluk,Oroluk,bp16ap26 bp18mr25
FMZ017,64060,PQE,Nukuoro,Nukuoro,bp16ap26 bp18mr25
FMZ018,64020,PQE,Kapingamarangi,Kapingamarangi,bp16ap26 bp18mr25
FMZ021,64420,PQW,Lukunoch,Lukunoch,bp16ap26 bp18mr25
FMZ022,64410,PQW,Losap,Losap,bp16ap26 bp18mr25
FMZ023,64002,PQW,Chuuk Lagoon,Chuuk Lagoon,bp16ap26 bp18mr25
FMZ024,64350,PQW,Fananu,Fananu,bp16ap26 bp18mr25
FMZ025,64430,PQW,Onoun,Onoun,bp16ap26 bp18mr25
FMZ026,64610,PQW,Polowat,Polowat,bp16ap26 bp18mr25
FMZ031,64090,PQW,Satawal,Satawal,bp16ap26 bp18mr25
FMZ032,64120,PQW,Woleai,Woleai,bp16ap26 bp18mr25
FMZ033,64040,PQW,Faraulep,Faraulep,bp16ap26 bp18mr25
FMZ034,64010,PQW,Eauripik,Eauripik,bp16ap26 bp18mr25
FMZ035,64030,PQW,Fais,Fais,bp16ap26 bp18mr25
FMZ036,64110,PQW,Ulithi,Ulithi,bp16ap26 bp18mr25
FMZ037,64060,PQW,Yap,Yap,bp16ap26 bp18mr25
FMZ038,64080,PQW,Ngulu,Ngulu,bp16ap26 bp18mr25
GAZ001,13083,FFC,Dade,Dade,bp16ap26 bp18mr25
GAZ002,13295,FFC,Walker,Walker,bp16ap26 bp18mr25
GAZ003,13047,FFC,Catoosa,Catoosa,bp16ap26 bp18mr25
GAZ004,13313,FFC,Whitfield,Whitfield,bp16ap26 bp18mr25
GAZ005,13213,FFC,Murray,Murray,bp16ap26 bp18mr25
GAZ006,13111,FFC,Fannin,Fannin,bp16ap26 bp18mr25
GAZ007,13123,FFC,Gilmer,Gilmer,bp16ap26 bp18mr25
GAZ008,13291,FFC,Union,Union,bp16ap26 bp18mr25
GAZ009,13281,FFC,Towns,Towns,bp16ap26 bp18mr25
GAZ010,13241,GSP,Rabun,Rabun,bp16ap26 bp18mr25
GAZ011,13055,FFC,Chattooga,Chattooga,bp16ap26 bp18mr25
GAZ012,13129,FFC,Gordon,Gordon,bp16ap26 bp18mr25
GAZ013,13227,FFC,Pickens,Pickens,bp16ap26 bp18mr25
GAZ014,13085,FFC,Dawson,Dawson,bp16ap26 bp18mr25
GAZ015,13187,FFC,Lumpkin,Lumpkin,bp16ap26 bp18mr25
GAZ016,13311,FFC,White,White,bp16ap26 bp18mr25
GAZ017,13137,GSP,Habersham,Habersham,bp16ap26 bp18mr25
GAZ018,13257,GSP,Stephens,Stephens,bp16ap26 bp18mr25
GAZ019,13115,FFC,Floyd,Floyd,bp16ap26 bp18mr25
GAZ020,13015,FFC,Bartow,Bartow,bp16ap26 bp18mr25
GAZ021,13057,FFC,Cherokee,Cherokee,bp16ap26 bp18mr25
GAZ022,13117,FFC,Forsyth,Forsyth,bp16ap26 bp18mr25
GAZ023,13139,FFC,Hall,Hall,bp16ap26 bp18mr25
GAZ024,13011,FFC,Banks,Banks,bp16ap26 bp18mr25
GAZ025,13157,FFC,Jackson,Jackson,bp16ap26 bp18mr25
GAZ026,13119,GSP,Franklin,Franklin,bp16ap26 bp18mr25
GAZ027,13195,FFC,Madison,Madison,bp16ap26 bp18mr25
GAZ028,13147,GSP,Hart,Hart,bp16ap26 bp18mr25
GAZ029,13105,GSP,Elbert,Elbert,bp16ap26 bp18mr25
GAZ030,13233,FFC,Polk,Polk,bp16ap26 bp18mr25
GAZ031,13223,FFC,Paulding,Paulding,bp16ap26 bp18mr25
GAZ032,13067,FFC,Cobb,Cobb,bp16ap26 bp18mr25
GAZ033,13121,FFC,North Fulton,Fulton,bp16ap26 bp18mr25
GAZ034,13135,FFC,Gwinnett,Gwinnett,bp16ap26 bp18mr25
GAZ035,13013,FFC,Barrow,Barrow,bp16ap26 bp18mr25
GAZ036,13059,FFC,Clarke,Clarke,bp16ap26 bp18mr25
GAZ037,13219,FFC,Oconee,Oconee,bp16ap26 bp18mr25
GAZ038,13221,FFC,Oglethorpe,Oglethorpe,bp16ap26 bp18mr25
GAZ039,13317,FFC,Wilkes,Wilkes,bp16ap26 bp18mr25
GAZ040,13181,CAE,Lincoln,Lincoln,bp16ap26 bp18mr25
GAZ041,13143,FFC,Haralson,Haralson,bp16ap26 bp18mr25
GAZ042,13045,FFC,Carroll,Carroll,bp16ap26 bp18mr25
GAZ043,13097,FFC,Douglas,Douglas,bp16ap26 bp18mr25
GAZ044,13121,FFC,South Fulton,Fulton,bp16ap26 bp18mr25
GAZ045,13089,FFC,De Kalb,DeKalb,bp16ap26 bp18mr25
GAZ046,13247,FFC,Rockdale,Rockdale,bp16ap26 bp18mr25
GAZ047,13297,FFC,Walton,Walton,bp16ap26 bp18mr25
GAZ048,13217,FFC,Newton,Newton,bp16ap26 bp18mr25
GAZ049,13211,FFC,Morgan,Morgan,bp16ap26 bp18mr25
GAZ050,13133,FFC,Greene,Greene,bp16ap26 bp18mr25
GAZ051,13265,FFC,Taliaferro,Taliaferro,bp16ap26 bp18mr25
GAZ052,13149,FFC,Heard,Heard,bp16ap26 bp18mr25
GAZ053,13077,FFC,Coweta,Coweta,bp16ap26 bp18mr25
GAZ054,13113,FFC,Fayette,Fayette,bp16ap26 bp18mr25
GAZ055,13063,FFC,Clayton,Clayton,bp16ap26 bp18mr25
GAZ056,13255,FFC,Spalding,Spalding,bp16ap26 bp18mr25
GAZ057,13151,FFC,Henry,Henry,bp16ap26 bp18mr25
GAZ058,13035,FFC,Butts,Butts,bp16ap26 bp18mr25
GAZ059,13159,FFC,Jasper,Jasper,bp16ap26 bp18mr25
GAZ060,13237,FFC,Putnam,Putnam,bp16ap26 bp18mr25
GAZ061,13141,FFC,Hancock,Hancock,bp16ap26 bp18mr25
GAZ062,13301,FFC,Warren,Warren,bp16ap26 bp18mr25
GAZ063,13189,CAE,McDuffie,McDuffie,bp16ap26 bp18mr25
GAZ064,13073,CAE,Columbia,Columbia,bp16ap26 bp18mr25
GAZ065,13245,CAE,Richmond,Richmond,bp16ap26 bp18mr25
GAZ066,13285,FFC,Troup,Troup,bp16ap26 bp18mr25
GAZ067,13199,FFC,Meriwether,Meriwether,bp16ap26 bp18mr25
GAZ068,13231,FFC,Pike,Pike,bp16ap26 bp18mr25
GAZ069,13293,FFC,Upson,Upson,bp16ap26 bp18mr25
GAZ070,13171,FFC,Lamar,Lamar,bp16ap26 bp18mr25
GAZ071,13207,FFC,Monroe,Monroe,bp16ap26 bp18mr25
GAZ072,13169,FFC,Jones,Jones,bp16ap26 bp18mr25
GAZ073,13009,FFC,Baldwin,Baldwin,bp16ap26 bp18mr25
GAZ074,13303,FFC,Washington,Washington,bp16ap26 bp18mr25
GAZ075,13125,FFC,Glascock,Glascock,bp16ap26 bp18mr25
GAZ076,13163,FFC,Jefferson,Jefferson,bp16ap26 bp18mr25
GAZ077,13033,CAE,Burke,Burke,bp16ap26 bp18mr25
GAZ078,13145,FFC,Harris,Harris,bp16ap26 bp18mr25
GAZ079,13263,FFC,Talbot,Talbot,bp16ap26 bp18mr25
GAZ080,13269,FFC,Taylor,Taylor,bp16ap26 bp18mr25
GAZ081,13079,FFC,Crawford,Crawford,bp16ap26 bp18mr25
GAZ082,13021,FFC,Bibb,Bibb,bp16ap26 bp18mr25
GAZ083,13289,FFC,Twiggs,Twiggs,bp16ap26 bp18mr25
GAZ084,13319,FFC,Wilkinson,Wilkinson,bp16ap26 bp18mr25
GAZ085,13167,FFC,Johnson,Johnson,bp16ap26 bp18mr25
GAZ086,13107,FFC,Emanuel,Emanuel,bp16ap26 bp18mr25
GAZ087,13165,CHS,Jenkins,Jenkins,bp16ap26 bp18mr25
GAZ088,13251,CHS,Screven,Screven,bp16ap26 bp18mr25
GAZ089,13215,FFC,Muscogee,Muscogee,bp16ap26 bp18mr25
GAZ090,13053,FFC,Chattahoochee,Chattahoochee,bp16ap26 bp18mr25
GAZ091,13197,FFC,Marion,Marion,bp16ap26 bp18mr25
GAZ092,13249,FFC,Schley,Schley,bp16ap26 bp18mr25
GAZ093,13193,FFC,Macon,Macon,bp16ap26 bp18mr25
GAZ094,13225,FFC,Peach,Peach,bp16ap26 bp18mr25
GAZ095,13153,FFC,Houston,Houston,bp16ap26 bp18mr25
GAZ096,13023,FFC,Bleckley,Bleckley,bp16ap26 bp18mr25
GAZ097,13175,FFC,Laurens,Laurens,bp16ap26 bp18mr25
GAZ098,13283,FFC,Treutlen,Treutlen,bp16ap26 bp18mr25
GAZ099,13043,CHS,Candler,Candler,bp16ap26 bp18mr25
GAZ100,13031,CHS,Bulloch,Bulloch,bp16ap26 bp18mr25
GAZ101,13103,CHS,Effingham,Effingham,bp16ap26 bp18mr25
GAZ102,13259,FFC,Stewart,Stewart,bp16ap26 bp18mr25
GAZ103,13307,FFC,Webster,Webster,bp16ap26 bp18mr25
GAZ104,13261,FFC,Sumter,Sumter,bp16ap26 bp18mr25
GAZ105,13093,FFC,Dooly,Dooly,bp16ap26 bp18mr25
GAZ106,13081,FFC,Crisp,Crisp,bp16ap26 bp18mr25
GAZ107,13235,FFC,Pulaski,Pulaski,bp16ap26 bp18mr25
GAZ108,13315,FFC,Wilcox,Wilcox,bp16ap26 bp18mr25
GAZ109,13091,FFC,Dodge,Dodge,bp16ap26 bp18mr25
GAZ110,13271,FFC,Telfair,Telfair,bp16ap26 bp18mr25
GAZ111,13309,FFC,Wheeler,Wheeler,bp16ap26 bp18mr25
GAZ112,13209,FFC,Montgomery,Montgomery,bp16ap26 bp18mr25
GAZ113,13279,FFC,Toombs,Toombs,bp16ap26 bp18mr25
GAZ114,13267,CHS,Tattnall,Tattnall,bp16ap26 bp18mr25
GAZ115,13109,CHS,Evans,Evans,bp16ap26 bp18mr25
GAZ116,13029,CHS,Inland Bryan,Bryan,bp18mr25
GAZ117,13029,CHS,Coastal Bryan,Bryan,bp18mr25
GAZ118,13051,CHS,Inland Chatham,Chatham,bp18mr25
GAZ119,13051,CHS,Coastal Chatham,Chatham,bp18mr25
GAZ120,13239,TAE,Quitman,Quitman,bp16ap26 bp18mr25
GAZ121,13061,TAE,Clay,Clay,bp16ap26 bp18mr25
GAZ122,13243,TAE,Randolph,Randolph,bp16ap26 bp18mr25
GAZ123,13037,TAE,Calhoun,Calhoun,bp16ap26 bp18mr25
GAZ124,13273,TAE,Terrell,Terrell,bp16ap26 bp18mr25
GAZ125,13095,TAE,Dougherty,Dougherty,bp16ap26 bp18mr25
GAZ126,13177,TAE,Lee,Lee,bp16ap26 bp18mr25
GAZ127,13321,TAE,Worth,Worth,bp16ap26 bp18mr25
GAZ128,13287,TAE,Turner,Turner,bp16ap26 bp18mr25
GAZ129,13277,TAE,Tift,Tift,bp16ap26 bp18mr25
GAZ130,13017,TAE,Ben Hill,Ben Hill,bp16ap26 bp18mr25
GAZ131,13155,TAE,Irwin,Irwin,bp16ap26 bp18mr25
GAZ132,13069,JAX,Coffee,Coffee,bp16ap26 bp18mr25
GAZ133,13161,JAX,Jeff Davis,Jeff Davis,bp16ap26 bp18mr25
GAZ134,13005,JAX,Bacon,Bacon,bp16ap26 bp18mr25
GAZ135,13001,JAX,Appling,Appling,bp16ap26 bp18mr25
GAZ136,13305,JAX,Wayne,Wayne,bp16ap26 bp18mr25
GAZ137,13183,CHS,Long,Long,bp16ap26 bp18mr25
GAZ138,13179,CHS,Inland Liberty,Liberty,bp18mr25
GAZ139,13179,CHS,Coastal Liberty,Liberty,bp18mr25
GAZ140,13191,CHS,Inland McIntosh,McIntosh,bp18mr25
GAZ141,13191,CHS,Coastal McIntosh,McIntosh,bp18mr25
GAZ142,13099,TAE,Early,Early,bp16ap26 bp18mr25
GAZ143,13201,TAE,Miller,Miller,bp16ap26 bp18mr25
GAZ144,13007,TAE,Baker,Baker,bp16ap26 bp18mr25
GAZ145,13205,TAE,Mitchell,Mitchell,bp16ap26 bp18mr25
GAZ146,13071,TAE,Colquitt,Colquitt,bp16ap26 bp18mr25
GAZ147,13075,TAE,Cook,Cook,bp16ap26 bp18mr25
GAZ148,13019,TAE,Berrien,Berrien,bp16ap26 bp18mr25
GAZ149,13003,JAX,Atkinson,Atkinson,bp16ap26 bp18mr25
GAZ151,13229,JAX,Pierce,Pierce,bp16ap26 bp18mr25
GAZ152,13025,JAX,Brantley,Brantley,bp16ap26 bp18mr25
GAZ153,13127,JAX,Inland Glynn,Glynn,bp16ap26 bp18mr25
GAZ154,13127,JAX,Coastal Glynn,Glynn,bp16ap26 bp18mr25
GAZ155,13253,TAE,Seminole,Seminole,bp16ap26 bp18mr25
GAZ156,13087,TAE,Decatur,Decatur,bp16ap26 bp18mr25
GAZ157,13131,TAE,Grady,Grady,bp16ap26 bp18mr25
GAZ158,13275,TAE,Thomas,Thomas,bp16ap26 bp18mr25
GAZ159,13027,TAE,Brooks,Brooks,bp16ap26 bp18mr25
GAZ160,13185,TAE,Lowndes,Lowndes,bp16ap26 bp18mr25
GAZ161,13173,TAE,Lanier,Lanier,bp16ap26 bp18mr25
GAZ162,13101,JAX,Echols,Echols,bp16ap26 bp18mr25
GAZ163,13065,JAX,Clinch,Clinch,bp16ap26 bp18mr25
GAZ165,13039,JAX,Inland Camden,Camden,bp16ap26 bp18mr25
GAZ166,13039,JAX,Coastal Camden,Camden,bp16ap26 bp18mr25
GAZ216,13029,CHS,Inland Bryan,Bryan,bp16ap26
GAZ217,13029,CHS,Coastal Bryan,Bryan,bp16ap26
GAZ218,13051,CHS,Inland Chatham,Chatham,bp16ap26
GAZ219,13051,CHS,Coastal Chatham,Chatham,bp16ap26
GAZ238,13179,CHS,Inland Liberty,Liberty,bp16ap26
GAZ239,13179,CHS,Coastal Liberty,Liberty,bp16ap26
GAZ240,13191,CHS,Inland McIntosh,McIntosh,bp16ap26
GAZ241,13191,CHS,Coastal McIntosh,McIntosh,bp16ap26
GAZ250,13299,JAX,Northern Ware ,Ware,bp16ap26 bp18mr25
GAZ264,13049,JAX,Northeastern Charlton ,Charlton,bp16ap26 bp18mr25
GAZ350,13299,JAX,Southern Ware ,Ware,bp16ap26 bp18mr25
GAZ364,13049,JAX,Western Charlton ,Charlton,bp16ap26 bp18mr25
GUZ001,66010,GUM,Guam,Guam,bp16ap26 bp18mr25
HIZ001,15007,HFO,Niihau,Kauai,bp16ap26 bp18mr25
HIZ003,15007,HFO,Kauai Southwest,Kauai,bp16ap26 bp18mr25
HIZ004,15007,HFO,Kauai Mountains,Kauai,bp16ap26 bp18mr25
HIZ006,15003,HFO,Waianae Coast,Honolulu,bp16ap26 bp18mr25
HIZ007,15003,HFO,Oahu North Shore,Honolulu,bp16ap26 bp18mr25
HIZ009,15003,HFO,Olomana,Honolulu,bp16ap26 bp18mr25
HIZ010,15003,HFO,Central Oahu,Honolulu,bp16ap26 bp18mr25
HIZ011,15003,HFO,Waianae Mountains,Honolulu,bp16ap26 bp18mr25
HIZ015,15009,HFO,Lanai Mauka,Maui,bp16ap26 bp18mr25
HIZ016,15009,HFO,Kahoolawe,Maui,bp16ap26 bp18mr25
HIZ017,15009,HFO,Maui Windward West,Maui,bp16ap26 bp18mr25
HIZ018,15009,HFO,Maui Leeward West,Maui,bp16ap26 bp18mr25
HIZ022,15009,HFO,Haleakala Summit,Maui,bp16ap26 bp18mr25
HIZ023,15001,HFO,Kona,Hawaii,bp16ap26 bp18mr25
HIZ026,15001,HFO,Kohala,Hawaii,bp16ap26 bp18mr25
HIZ027,15001,HFO,Big Island Interior,Hawaii,bp16ap26 bp18mr25
HIZ028,15001,HFO,Big Island Summit,Hawaii,bp16ap26 bp18mr25
HIZ029,15007,HFO,Kauai North,Kauai,bp16ap26 bp18mr25
HIZ030,15007,HFO,Kauai East,Kauai,bp16ap26 bp18mr25
HIZ031,15007,HFO,Kauai South,Kauai,bp16ap26 bp18mr25
HIZ032,15003,HFO,East Honolulu,Honolulu,bp16ap26 bp18mr25
HIZ033,15003,HFO,Honolulu Metro,Honolulu,bp16ap26 bp18mr25
HIZ034,15003,HFO,Ewa Plain,Honolulu,bp16ap26 bp18mr25
HIZ035,15003,HFO,Koolau Windward,Honolulu,bp16ap26 bp18mr25
HIZ036,15003,HFO,Koolau Leeward,Honolulu,bp16ap26 bp18mr25
HIZ037,15009,HFO,Molokai Windward,Maui,bp16ap26 bp18mr25
HIZ038,15009,HFO,Molokai Southeast,Maui,bp16ap26 bp18mr25
HIZ039,15009,HFO,Molokai North,Maui,bp16ap26 bp18mr25
HIZ040,15009,HFO,Molokai West,Maui,bp16ap26 bp18mr25
HIZ041,15009,HFO,Molokai Leeward South,Maui,bp16ap26 bp18mr25
HIZ042,15009,HFO,Lanai Windward,Maui,bp16ap26 bp18mr25
HIZ043,15009,HFO,Lanai Leeward,Maui,bp16ap26 bp18mr25
HIZ044,15009,HFO,Lanai South,Maui,bp16ap26 bp18mr25
HIZ045,15009,HFO,Maui Central Valley North,Maui,bp16ap26 bp18mr25
HIZ046,15009,HFO,Maui Central Valley South,Maui,bp16ap26 bp18mr25
HIZ047,15009,HFO,Windward Haleakala,Maui,bp16ap26 bp18mr25
HIZ048,15009,HFO,Kipahulu,Maui,bp16ap26 bp18mr25
HIZ049,15009,HFO,South Maui/Upcountry,Maui,bp16ap26 bp18mr25
HIZ050,15001,HFO,South Haleakala,Hawaii,bp16ap26 bp18mr25
HIZ051,15001,HFO,Big Island South,Hawaii,bp16ap26 bp18mr25
HIZ052,15001,HFO,Big Island Southeast,Hawaii,bp16ap26 bp18mr25
HIZ053,15001,HFO,Big Island East,Hawaii,bp16ap26 bp18mr25
HIZ054,15001,HFO,Big Island North,Hawaii,bp16ap26 bp18mr25
IAZ001,19119,FSD,Lyon,Lyon,bp16ap26 bp18mr25
IAZ002,19143,FSD,Osceola,Osceola,bp16ap26 bp18mr25
IAZ003,19059,FSD,Dickinson,Dickinson,bp16ap26 bp18mr25
IAZ004,19063,DMX,Emmet,Emmet,bp16ap26 bp18mr25
IAZ005,19109,DMX,Kossuth,Kossuth,bp16ap26 bp18mr25
IAZ006,19189,DMX,Winnebago,Winnebago,bp16ap26 bp18mr25
IAZ007,19195,DMX,Worth,Worth,bp16ap26 bp18mr25
IAZ008,19131,ARX,Mitchell,Mitchell,bp16ap26 bp18mr25
IAZ009,19089,ARX,Howard,Howard,bp16ap26 bp18mr25
IAZ010,19191,ARX,Winneshiek,Winneshiek,bp16ap26 bp18mr25
IAZ011,19005,ARX,Allamakee,Allamakee,bp16ap26 bp18mr25
IAZ012,19167,FSD,Sioux,Sioux,bp16ap26 bp18mr25
IAZ013,19141,FSD,O'Brien,O'Brien,bp16ap26 bp18mr25
IAZ014,19041,FSD,Clay,Clay,bp16ap26 bp18mr25
IAZ015,19147,DMX,Palo Alto,Palo Alto,bp16ap26 bp18mr25
IAZ016,19081,DMX,Hancock,Hancock,bp16ap26 bp18mr25
IAZ017,19033,DMX,Cerro Gordo,Cerro Gordo,bp16ap26 bp18mr25
IAZ018,19067,ARX,Floyd,Floyd,bp16ap26 bp18mr25
IAZ019,19037,ARX,Chickasaw,Chickasaw,bp16ap26 bp18mr25
IAZ020,19149,FSD,Plymouth,Plymouth,bp16ap26 bp18mr25
IAZ021,19035,FSD,Cherokee,Cherokee,bp16ap26 bp18mr25
IAZ022,19021,FSD,Buena Vista,Buena Vista,bp16ap26 bp18mr25
IAZ023,19151,DMX,Pocahontas,Pocahontas,bp16ap26 bp18mr25
IAZ024,19091,DMX,Humboldt,Humboldt,bp16ap26 bp18mr25
IAZ025,19197,DMX,Wright,Wright,bp16ap26 bp18mr25
IAZ026,19069,DMX,Franklin,Franklin,bp16ap26 bp18mr25
IAZ027,19023,DMX,Butler,Butler,bp16ap26 bp18mr25
IAZ028,19017,DMX,Bremer,Bremer,bp16ap26 bp18mr25
IAZ029,19065,ARX,Fayette,Fayette,bp16ap26 bp18mr25
IAZ030,19043,ARX,Clayton,Clayton,bp16ap26 bp18mr25
IAZ031,19193,FSD,Woodbury,Woodbury,bp16ap26 bp18mr25
IAZ032,19093,FSD,Ida,Ida,bp16ap26 bp18mr25
IAZ033,19161,DMX,Sac,Sac,bp16ap26 bp18mr25
IAZ034,19025,DMX,Calhoun,Calhoun,bp16ap26 bp18mr25
IAZ035,19187,DMX,Webster,Webster,bp16ap26 bp18mr25
IAZ036,19079,DMX,Hamilton,Hamilton,bp16ap26 bp18mr25
IAZ037,19083,DMX,Hardin,Hardin,bp16ap26 bp18mr25
IAZ038,19075,DMX,Grundy,Grundy,bp16ap26 bp18mr25
IAZ039,19013,DMX,Black Hawk,Black Hawk,bp16ap26 bp18mr25
IAZ040,19019,DVN,Buchanan,Buchanan,bp16ap26 bp18mr25
IAZ041,19055,DVN,Delaware,Delaware,bp16ap26 bp18mr25
IAZ042,19061,DVN,Dubuque,Dubuque,bp16ap26 bp18mr25
IAZ043,19133,OAX,Monona,Monona,bp16ap26 bp18mr25
IAZ044,19047,DMX,Crawford,Crawford,bp16ap26 bp18mr25
IAZ045,19027,DMX,Carroll,Carroll,bp16ap26 bp18mr25
IAZ046,19073,DMX,Greene,Greene,bp16ap26 bp18mr25
IAZ047,19015,DMX,Boone,Boone,bp16ap26 bp18mr25
IAZ048,19169,DMX,Story,Story,bp16ap26 bp18mr25
IAZ049,19127,DMX,Marshall,Marshall,bp16ap26 bp18mr25
IAZ050,19171,DMX,Tama,Tama,bp16ap26 bp18mr25
IAZ051,19011,DVN,Benton,Benton,bp16ap26 bp18mr25
IAZ052,19113,DVN,Linn,Linn,bp16ap26 bp18mr25
IAZ053,19105,DVN,Jones,Jones,bp16ap26 bp18mr25
IAZ054,19097,DVN,Jackson,Jackson,bp16ap26 bp18mr25
IAZ055,19085,OAX,Harrison,Harrison,bp16ap26 bp18mr25
IAZ056,19165,OAX,Shelby,Shelby,bp16ap26 bp18mr25
IAZ057,19009,DMX,Audubon,Audubon,bp16ap26 bp18mr25
IAZ058,19077,DMX,Guthrie,Guthrie,bp16ap26 bp18mr25
IAZ059,19049,DMX,Dallas,Dallas,bp16ap26 bp18mr25
IAZ060,19153,DMX,Polk,Polk,bp16ap26 bp18mr25
IAZ061,19099,DMX,Jasper,Jasper,bp16ap26 bp18mr25
IAZ062,19157,DMX,Poweshiek,Poweshiek,bp16ap26 bp18mr25
IAZ063,19095,DVN,Iowa,Iowa,bp16ap26 bp18mr25
IAZ064,19103,DVN,Johnson,Johnson,bp16ap26 bp18mr25
IAZ065,19031,DVN,Cedar,Cedar,bp16ap26 bp18mr25
IAZ066,19045,DVN,Clinton,Clinton,bp16ap26 bp18mr25
IAZ067,19139,DVN,Muscatine,Muscatine,bp16ap26 bp18mr25
IAZ068,19163,DVN,Scott,Scott,bp16ap26 bp18mr25
IAZ069,19155,OAX,Pottawattamie,Pottawattamie,bp16ap26 bp18mr25
IAZ070,19029,DMX,Cass,Cass,bp16ap26 bp18mr25
IAZ071,19001,DMX,Adair,Adair,bp16ap26 bp18mr25
IAZ072,19121,DMX,Madison,Madison,bp16ap26 bp18mr25
IAZ073,19181,DMX,Warren,Warren,bp16ap26 bp18mr25
IAZ074,19125,DMX,Marion,Marion,bp16ap26 bp18mr25
IAZ075,19123,DMX,Mahaska,Mahaska,bp16ap26 bp18mr25
IAZ076,19107,DVN,Keokuk,Keokuk,bp16ap26 bp18mr25
IAZ077,19183,DVN,Washington,Washington,bp16ap26 bp18mr25
IAZ078,19115,DVN,Louisa,Louisa,bp16ap26 bp18mr25
IAZ079,19129,OAX,Mills,Mills,bp16ap26 bp18mr25
IAZ080,19137,OAX,Montgomery,Montgomery,bp16ap26 bp18mr25
IAZ081,19003,DMX,Adams,Adams,bp16ap26 bp18mr25
IAZ082,19175,DMX,Union,Union,bp16ap26 bp18mr25
IAZ083,19039,DMX,Clarke,Clarke,bp16ap26 bp18mr25
IAZ084,19117,DMX,Lucas,Lucas,bp16ap26 bp18mr25
IAZ085,19135,DMX,Monroe,Monroe,bp16ap26 bp18mr25
IAZ086,19179,DMX,Wapello,Wapello,bp16ap26 bp18mr25
IAZ087,19101,DVN,Jefferson,Jefferson,bp16ap26 bp18mr25
IAZ088,19087,DVN,Henry,Henry,bp16ap26 bp18mr25
IAZ089,19057,DVN,Des Moines,Des Moines,bp16ap26 bp18mr25
IAZ090,19071,OAX,Fremont,Fremont,bp16ap26 bp18mr25
IAZ091,19145,OAX,Page,Page,bp16ap26 bp18mr25
IAZ092,19173,DMX,Taylor,Taylor,bp16ap26 bp18mr25
IAZ093,19159,DMX,Ringgold,Ringgold,bp16ap26 bp18mr25
IAZ094,19053,DMX,Decatur,Decatur,bp16ap26 bp18mr25
IAZ095,19185,DMX,Wayne,Wayne,bp16ap26 bp18mr25
IAZ096,19007,DMX,Appanoose,Appanoose,bp16ap26 bp18mr25
IAZ097,19051,DMX,Davis,Davis,bp16ap26 bp18mr25
IAZ098,19177,DVN,Van Buren,Van Buren,bp16ap26 bp18mr25
IAZ099,19111,DVN,Lee,Lee,bp16ap26 bp18mr25
IDZ001,16017,OTX,Northern Panhandle,Bonner,bp16ap26 bp18mr25
IDZ001,16021,OTX,Northern Panhandle,Boundary,bp16ap26 bp18mr25
IDZ001,16055,OTX,Northern Panhandle,Kootenai,bp16ap26 bp18mr25
IDZ002,16055,OTX,Coeur d'Alene Area,Kootenai,bp16ap26 bp18mr25
IDZ003,16009,OTX,Idaho Palouse,Benewah,bp16ap26 bp18mr25
IDZ003,16057,OTX,Idaho Palouse,Latah,bp16ap26 bp18mr25
IDZ004,16009,OTX,Central Panhandle Mountains,Benewah,bp16ap26 bp18mr25
IDZ004,16055,OTX,Central Panhandle Mountains,Kootenai,bp16ap26 bp18mr25
IDZ004,16057,OTX,Central Panhandle Mountains,Latah,bp16ap26 bp18mr25
IDZ004,16079,OTX,Central Panhandle Mountains,Shoshone,bp16ap26 bp18mr25
IDZ005,16035,MSO,Northern Clearwater Mountains,Clearwater,bp16ap26 bp18mr25
IDZ006,16049,MSO,Southern Clearwater Mountains,Idaho,bp16ap26 bp18mr25
IDZ007,16035,MSO,Orofino/Grangeville Region,Clearwater,bp16ap26 bp18mr25
IDZ007,16049,MSO,Orofino/Grangeville Region,Idaho,bp16ap26 bp18mr25
IDZ008,16049,MSO,Lower Hells Canyon/Salmon River Region,Idaho,bp16ap26 bp18mr25
IDZ009,16059,MSO,Western Lemhi County,Lemhi,bp16ap26 bp18mr25
IDZ010,16059,MSO,Eastern Lemhi County,Lemhi,bp16ap26 bp18mr25
IDZ011,16003,BOI,West Central Mountains,Adams,bp16ap26 bp18mr25
IDZ011,16045,BOI,West Central Mountains,Gem,bp16ap26 bp18mr25
IDZ011,16085,BOI,West Central Mountains,Valley,bp16ap26 bp18mr25
IDZ011,16087,BOI,West Central Mountains,Washington,bp16ap26 bp18mr25
IDZ012,16027,BOI,Lower Treasure Valley,Canyon,bp16ap26 bp18mr25
IDZ012,16045,BOI,Lower Treasure Valley,Gem,bp16ap26 bp18mr25
IDZ012,16073,BOI,Lower Treasure Valley,Owyhee,bp16ap26 bp18mr25
IDZ012,16075,BOI,Lower Treasure Valley,Payette,bp16ap26 bp18mr25
IDZ012,16087,BOI,Lower Treasure Valley,Washington,bp16ap26 bp18mr25
IDZ013,16015,BOI,Boise Mountains,Boise,bp16ap26 bp18mr25
IDZ013,16025,BOI,Boise Mountains,Camas,bp16ap26 bp18mr25
IDZ013,16039,BOI,Boise Mountains,Elmore,bp16ap26 bp18mr25
IDZ014,16001,BOI,Upper Treasure Valley,Ada,bp16ap26 bp18mr25
IDZ014,16039,BOI,Upper Treasure Valley,Elmore,bp16ap26 bp18mr25
IDZ014,16073,BOI,Upper Treasure Valley,Owyhee,bp16ap26 bp18mr25
IDZ015,16073,BOI,Southwest Highlands,Owyhee,bp16ap26 bp18mr25
IDZ016,16047,BOI,Western Magic Valley,Gooding,bp16ap26 bp18mr25
IDZ016,16053,BOI,Western Magic Valley,Jerome,bp16ap26 bp18mr25
IDZ016,16083,BOI,Western Magic Valley,Twin Falls,bp16ap26 bp18mr25
IDZ026,16069,OTX,Lewiston Area,Nez Perce,bp16ap26 bp18mr25
IDZ027,16061,OTX,Lewis and Southern Nez Perce Counties,Lewis,bp16ap26 bp18mr25
IDZ027,16069,OTX,Lewis and Southern Nez Perce Counties,Nez Perce,bp16ap26 bp18mr25
IDZ028,16025,BOI,Camas Prairie,Camas,bp16ap26 bp18mr25
IDZ028,16039,BOI,Camas Prairie,Elmore,bp16ap26 bp18mr25
IDZ029,16073,BOI,Owyhee Mountains,Owyhee,bp16ap26 bp18mr25
IDZ030,16083,BOI,Southern Twin Falls County,Twin Falls,bp16ap26 bp18mr25
IDZ033,16003,BOI,Upper Weiser River,Adams,bp16ap26 bp18mr25
IDZ033,16087,BOI,Upper Weiser River,Washington,bp16ap26 bp18mr25
IDZ051,16013,PIH,Shoshone/Lava Beds,Blaine,bp16ap26 bp18mr25
IDZ051,16063,PIH,Shoshone/Lava Beds,Lincoln,bp16ap26 bp18mr25
IDZ051,16067,PIH,Shoshone/Lava Beds,Minidoka,bp16ap26 bp18mr25
IDZ052,16011,PIH,Arco/Mud Lake Desert,Bingham,bp16ap26 bp18mr25
IDZ052,16019,PIH,Arco/Mud Lake Desert,Bonneville,bp16ap26 bp18mr25
IDZ052,16023,PIH,Arco/Mud Lake Desert,Butte,bp16ap26 bp18mr25
IDZ052,16051,PIH,Arco/Mud Lake Desert,Jefferson,bp16ap26 bp18mr25
IDZ053,16019,PIH,Upper Snake River Plain,Bonneville,bp16ap26 bp18mr25
IDZ053,16043,PIH,Upper Snake River Plain,Fremont,bp16ap26 bp18mr25
IDZ053,16051,PIH,Upper Snake River Plain,Jefferson,bp16ap26 bp18mr25
IDZ053,16065,PIH,Upper Snake River Plain,Madison,bp16ap26 bp18mr25
IDZ054,16005,PIH,Lower Snake River Plain,Bannock,bp16ap26 bp18mr25
IDZ054,16011,PIH,Lower Snake River Plain,Bingham,bp16ap26 bp18mr25
IDZ054,16077,PIH,Lower Snake River Plain,Power,bp16ap26 bp18mr25
IDZ055,16013,PIH,Eastern Magic Valley,Blaine,bp16ap26 bp18mr25
IDZ055,16031,PIH,Eastern Magic Valley,Cassia,bp16ap26 bp18mr25
IDZ055,16067,PIH,Eastern Magic Valley,Minidoka,bp16ap26 bp18mr25
IDZ055,16077,PIH,Eastern Magic Valley,Power,bp16ap26 bp18mr25
IDZ056,16031,PIH,Southern Hills/Albion Mountains,Cassia,bp16ap26 bp18mr25
IDZ057,16031,PIH,Raft River Region,Cassia,bp16ap26 bp18mr25
IDZ057,16071,PIH,Raft River Region,Oneida,bp16ap26 bp18mr25
IDZ057,16077,PIH,Raft River Region,Power,bp16ap26 bp18mr25
IDZ058,16005,PIH,Marsh and Arbon Highlands,Bannock,bp16ap26 bp18mr25
IDZ058,16011,PIH,Marsh and Arbon Highlands,Bingham,bp16ap26 bp18mr25
IDZ058,16029,PIH,Marsh and Arbon Highlands,Caribou,bp16ap26 bp18mr25
IDZ058,16077,PIH,Marsh and Arbon Highlands,Power,bp16ap26 bp18mr25
IDZ059,16041,PIH,Franklin/Eastern Oneida Region,Franklin,bp16ap26 bp18mr25
IDZ059,16071,PIH,Franklin/Eastern Oneida Region,Oneida,bp16ap26 bp18mr25
IDZ060,16007,PIH,Bear River Range,Bear Lake,bp16ap26 bp18mr25
IDZ060,16029,PIH,Bear River Range,Caribou,bp16ap26 bp18mr25
IDZ060,16041,PIH,Bear River Range,Franklin,bp16ap26 bp18mr25
IDZ061,16007,PIH,Bear Lake Valley,Bear Lake,bp16ap26 bp18mr25
IDZ062,16011,PIH,Blackfoot Mountains,Bingham,bp16ap26 bp18mr25
IDZ062,16019,PIH,Blackfoot Mountains,Bonneville,bp16ap26 bp18mr25
IDZ062,16029,PIH,Blackfoot Mountains,Caribou,bp16ap26 bp18mr25
IDZ063,16007,PIH,Caribou Range,Bear Lake,bp16ap26 bp18mr25
IDZ063,16019,PIH,Caribou Range,Bonneville,bp16ap26 bp18mr25
IDZ063,16029,PIH,Caribou Range,Caribou,bp16ap26 bp18mr25
IDZ064,16019,PIH,Big Hole Mountains,Bonneville,bp16ap26 bp18mr25
IDZ064,16065,PIH,Big Hole Mountains,Madison,bp16ap26 bp18mr25
IDZ064,16081,PIH,Big Hole Mountains,Teton,bp16ap26 bp18mr25
IDZ065,16043,PIH,Teton Valley,Fremont,bp16ap26 bp18mr25
IDZ065,16065,PIH,Teton Valley,Madison,bp16ap26 bp18mr25
IDZ065,16081,PIH,Teton Valley,Teton,bp16ap26 bp18mr25
IDZ066,16033,PIH,Centennial Mountains/Island Park,Clark,bp16ap26 bp18mr25
IDZ066,16043,PIH,Centennial Mountains/Island Park,Fremont,bp16ap26 bp18mr25
IDZ066,16081,PIH,Centennial Mountains/Island Park,Teton,bp16ap26 bp18mr25
IDZ067,16023,PIH,Beaverhead/Lemhi Highlands,Butte,bp16ap26 bp18mr25
IDZ067,16033,PIH,Beaverhead/Lemhi Highlands,Clark,bp16ap26 bp18mr25
IDZ068,16023,PIH,Lost River Valleys,Butte,bp16ap26 bp18mr25
IDZ068,16037,PIH,Lost River Valleys,Custer,bp16ap26 bp18mr25
IDZ069,16023,PIH,Lost River Range,Butte,bp16ap26 bp18mr25
IDZ069,16037,PIH,Lost River Range,Custer,bp16ap26 bp18mr25
IDZ070,16037,PIH,Challis/Pahsimeroi Valleys,Custer,bp16ap26 bp18mr25
IDZ071,16037,PIH,Frank Church Wilderness,Custer,bp16ap26 bp18mr25
IDZ072,16013,PIH,Sawtooth/Stanley Basin,Blaine,bp16ap26 bp18mr25
IDZ072,16037,PIH,Sawtooth/Stanley Basin,Custer,bp16ap26 bp18mr25
IDZ073,16013,PIH,Sun Valley Region,Blaine,bp16ap26 bp18mr25
IDZ073,16037,PIH,Sun Valley Region,Custer,bp16ap26 bp18mr25
IDZ074,16013,PIH,Big Lost Highlands/Copper Basin,Blaine,bp16ap26 bp18mr25
IDZ074,16023,PIH,Big Lost Highlands/Copper Basin,Butte,bp16ap26 bp18mr25
IDZ074,16037,PIH,Big Lost Highlands/Copper Basin,Custer,bp16ap26 bp18mr25
IDZ075,16013,PIH,Caribou Range,Blaine,bp16ap26 bp18mr25
ILZ001,17085,DVN,Jo Daviess,Jo Daviess,bp16ap26 bp18mr25
ILZ002,17177,DVN,Stephenson,Stephenson,bp16ap26 bp18mr25
ILZ003,17201,LOT,Winnebago,Winnebago,bp16ap26 bp18mr25
ILZ004,17007,LOT,Boone,Boone,bp16ap26 bp18mr25
ILZ005,17111,LOT,McHenry,McHenry,bp16ap26 bp18mr25
ILZ006,17097,LOT,Lake,Lake,bp16ap26 bp18mr25
ILZ007,17015,DVN,Carroll,Carroll,bp16ap26 bp18mr25
ILZ008,17141,LOT,Ogle,Ogle,bp16ap26 bp18mr25
ILZ009,17195,DVN,Whiteside,Whiteside,bp16ap26 bp18mr25
ILZ010,17103,LOT,Lee,Lee,bp16ap26 bp18mr25
ILZ011,17037,LOT,De Kalb,De Kalb,bp16ap26 bp18mr25
ILZ012,17089,LOT,Kane,Kane,bp16ap26 bp18mr25
ILZ013,17043,LOT,DuPage,DuPage,bp16ap26 bp18mr25
ILZ015,17161,DVN,Rock Island,Rock Island,bp16ap26 bp18mr25
ILZ016,17073,DVN,Henry,Henry,bp16ap26 bp18mr25
ILZ017,17011,DVN,Bureau,Bureau,bp16ap26 bp18mr25
ILZ018,17155,DVN,Putnam,Putnam,bp16ap26 bp18mr25
ILZ019,17099,LOT,La Salle,La Salle,bp16ap26 bp18mr25
ILZ020,17093,LOT,Kendall,Kendall,bp16ap26 bp18mr25
ILZ021,17063,LOT,Grundy,Grundy,bp16ap26 bp18mr25
ILZ023,17091,LOT,Kankakee,Kankakee,bp16ap26 bp18mr25
ILZ024,17131,DVN,Mercer,Mercer,bp16ap26 bp18mr25
ILZ025,17071,DVN,Henderson,Henderson,bp16ap26 bp18mr25
ILZ026,17187,DVN,Warren,Warren,bp16ap26 bp18mr25
ILZ027,17095,ILX,Knox,Knox,bp16ap26 bp18mr25
ILZ028,17175,ILX,Stark,Stark,bp16ap26 bp18mr25
ILZ029,17143,ILX,Peoria,Peoria,bp16ap26 bp18mr25
ILZ030,17123,ILX,Marshall,Marshall,bp16ap26 bp18mr25
ILZ031,17203,ILX,Woodford,Woodford,bp16ap26 bp18mr25
ILZ032,17105,LOT,Livingston,Livingston,bp16ap26 bp18mr25
ILZ033,17075,LOT,Iroquois,Iroquois,bp16ap26 bp18mr25
ILZ034,17067,DVN,Hancock,Hancock,bp16ap26 bp18mr25
ILZ035,17109,DVN,McDonough,McDonough,bp16ap26 bp18mr25
ILZ036,17057,ILX,Fulton,Fulton,bp16ap26 bp18mr25
ILZ037,17179,ILX,Tazewell,Tazewell,bp16ap26 bp18mr25
ILZ038,17113,ILX,McLean,McLean,bp16ap26 bp18mr25
ILZ039,17053,LOT,Ford,Ford,bp16ap26 bp18mr25
ILZ040,17169,ILX,Schuyler,Schuyler,bp16ap26 bp18mr25
ILZ041,17125,ILX,Mason,Mason,bp16ap26 bp18mr25
ILZ042,17107,ILX,Logan,Logan,bp16ap26 bp18mr25
ILZ043,17039,ILX,De Witt,De Witt,bp16ap26 bp18mr25
ILZ044,17147,ILX,Piatt,Piatt,bp16ap26 bp18mr25
ILZ045,17019,ILX,Champaign,Champaign,bp16ap26 bp18mr25
ILZ046,17183,ILX,Vermilion,Vermilion,bp16ap26 bp18mr25
ILZ047,17017,ILX,Cass,Cass,bp16ap26 bp18mr25
ILZ048,17129,ILX,Menard,Menard,bp16ap26 bp18mr25
ILZ049,17171,ILX,Scott,Scott,bp16ap26 bp18mr25
ILZ050,17137,ILX,Morgan,Morgan,bp16ap26 bp18mr25
ILZ051,17167,ILX,Sangamon,Sangamon,bp16ap26 bp18mr25
ILZ052,17021,ILX,Christian,Christian,bp16ap26 bp18mr25
ILZ053,17115,ILX,Macon,Macon,bp16ap26 bp18mr25
ILZ054,17139,ILX,Moultrie,Moultrie,bp16ap26 bp18mr25
ILZ055,17041,ILX,Douglas,Douglas,bp16ap26 bp18mr25
ILZ056,17029,ILX,Coles,Coles,bp16ap26 bp18mr25
ILZ057,17045,ILX,Edgar,Edgar,bp16ap26 bp18mr25
ILZ058,17061,LSX,Greene,Greene,bp16ap26 bp18mr25
ILZ059,17117,LSX,Macoupin,Macoupin,bp16ap26 bp18mr25
ILZ060,17135,LSX,Montgomery,Montgomery,bp16ap26 bp18mr25
ILZ061,17173,ILX,Shelby,Shelby,bp16ap26 bp18mr25
ILZ062,17035,ILX,Cumberland,Cumberland,bp16ap26 bp18mr25
ILZ063,17023,ILX,Clark,Clark,bp16ap26 bp18mr25
ILZ064,17005,LSX,Bond,Bond,bp16ap26 bp18mr25
ILZ065,17051,LSX,Fayette,Fayette,bp16ap26 bp18mr25
ILZ066,17049,ILX,Effingham,Effingham,bp16ap26 bp18mr25
ILZ067,17079,ILX,Jasper,Jasper,bp16ap26 bp18mr25
ILZ068,17033,ILX,Crawford,Crawford,bp16ap26 bp18mr25
ILZ069,17027,LSX,Clinton,Clinton,bp16ap26 bp18mr25
ILZ070,17121,LSX,Marion,Marion,bp16ap26 bp18mr25
ILZ071,17025,ILX,Clay,Clay,bp16ap26 bp18mr25
ILZ072,17159,ILX,Richland,Richland,bp16ap26 bp18mr25
ILZ073,17101,ILX,Lawrence,Lawrence,bp16ap26 bp18mr25
ILZ074,17189,LSX,Washington,Washington,bp16ap26 bp18mr25
ILZ075,17081,PAH,Jefferson,Jefferson,bp16ap26 bp18mr25
ILZ076,17191,PAH,Wayne,Wayne,bp16ap26 bp18mr25
ILZ077,17047,PAH,Edwards,Edwards,bp16ap26 bp18mr25
ILZ078,17185,PAH,Wabash,Wabash,bp16ap26 bp18mr25
ILZ079,17157,LSX,Randolph,Randolph,bp16ap26 bp18mr25
ILZ080,17145,PAH,Perry,Perry,bp16ap26 bp18mr25
ILZ081,17055,PAH,Franklin,Franklin,bp16ap26 bp18mr25
ILZ082,17065,PAH,Hamilton,Hamilton,bp16ap26 bp18mr25
ILZ083,17193,PAH,White,White,bp16ap26 bp18mr25
ILZ084,17077,PAH,Jackson,Jackson,bp16ap26 bp18mr25
ILZ085,17199,PAH,Williamson,Williamson,bp16ap26 bp18mr25
ILZ086,17165,PAH,Saline,Saline,bp16ap26 bp18mr25
ILZ087,17059,PAH,Gallatin,Gallatin,bp16ap26 bp18mr25
ILZ088,17181,PAH,Union,Union,bp16ap26 bp18mr25
ILZ089,17087,PAH,Johnson,Johnson,bp16ap26 bp18mr25
ILZ090,17151,PAH,Pope,Pope,bp16ap26 bp18mr25
ILZ091,17069,PAH,Hardin,Hardin,bp16ap26 bp18mr25
ILZ092,17003,PAH,Alexander,Alexander,bp16ap26 bp18mr25
ILZ093,17153,PAH,Pulaski,Pulaski,bp16ap26 bp18mr25
ILZ094,17127,PAH,Massac,Massac,bp16ap26 bp18mr25
ILZ095,17001,LSX,Adams,Adams,bp16ap26 bp18mr25
ILZ096,17009,LSX,Brown,Brown,bp16ap26 bp18mr25
ILZ097,17149,LSX,Pike,Pike,bp16ap26 bp18mr25
ILZ098,17013,LSX,Calhoun,Calhoun,bp16ap26 bp18mr25
ILZ099,17083,LSX,Jersey,Jersey,bp16ap26 bp18mr25
ILZ100,17119,LSX,Madison,Madison,bp16ap26 bp18mr25
ILZ101,17163,LSX,St. Clair,St. Clair,bp16ap26 bp18mr25
ILZ102,17133,LSX,Monroe,Monroe,bp16ap26 bp18mr25
ILZ103,17031,LOT,Northern Cook,Cook,bp16ap26 bp18mr25
ILZ104,17031,LOT,Central Cook,Cook,bp16ap26 bp18mr25
ILZ105,17031,LOT,Southern Cook,Cook,bp16ap26 bp18mr25
ILZ106,17197,LOT,Northern Will,Will,bp16ap26 bp18mr25
ILZ107,17197,LOT,Southern Will,Will,bp16ap26 bp18mr25
ILZ108,17197,LOT,Eastern Will,Will,bp16ap26 bp18mr25
INZ001,18089,LOT,Lake,Lake,bp16ap26 bp18mr25
INZ002,18127,LOT,Porter,Porter,bp16ap26 bp18mr25
INZ005,18039,IWX,Elkhart,Elkhart,bp16ap26 bp18mr25
INZ006,18087,IWX,Lagrange,Lagrange,bp16ap26 bp18mr25
INZ007,18151,IWX,Steuben,Steuben,bp16ap26 bp18mr25
INZ008,18113,IWX,Noble,Noble,bp16ap26 bp18mr25
INZ009,18033,IWX,De Kalb,De Kalb,bp16ap26 bp18mr25
INZ010,18111,LOT,Newton,Newton,bp16ap26 bp18mr25
INZ011,18073,LOT,Jasper,Jasper,bp16ap26 bp18mr25
INZ012,18149,IWX,Starke,Starke,bp16ap26 bp18mr25
INZ013,18131,IWX,Pulaski,Pulaski,bp16ap26 bp18mr25
INZ014,18099,IWX,Marshall,Marshall,bp16ap26 bp18mr25
INZ015,18049,IWX,Fulton,Fulton,bp16ap26 bp18mr25
INZ017,18183,IWX,Whitley,Whitley,bp16ap26 bp18mr25
INZ018,18003,IWX,Allen,Allen,bp16ap26 bp18mr25
INZ019,18007,LOT,Benton,Benton,bp16ap26 bp18mr25
INZ020,18181,IWX,White,White,bp16ap26 bp18mr25
INZ021,18015,IND,Carroll,Carroll,bp16ap26 bp18mr25
INZ022,18017,IWX,Cass,Cass,bp16ap26 bp18mr25
INZ023,18103,IWX,Miami,Miami,bp16ap26 bp18mr25
INZ024,18169,IWX,Wabash,Wabash,bp16ap26 bp18mr25
INZ025,18069,IWX,Huntington,Huntington,bp16ap26 bp18mr25
INZ026,18179,IWX,Wells,Wells,bp16ap26 bp18mr25
INZ027,18001,IWX,Adams,Adams,bp16ap26 bp18mr25
INZ028,18171,IND,Warren,Warren,bp16ap26 bp18mr25
INZ029,18157,IND,Tippecanoe,Tippecanoe,bp16ap26 bp18mr25
INZ030,18023,IND,Clinton,Clinton,bp16ap26 bp18mr25
INZ031,18067,IND,Howard,Howard,bp16ap26 bp18mr25
INZ032,18053,IWX,Grant,Grant,bp16ap26 bp18mr25
INZ033,18009,IWX,Blackford,Blackford,bp16ap26 bp18mr25
INZ034,18075,IWX,Jay,Jay,bp16ap26 bp18mr25
INZ035,18045,IND,Fountain,Fountain,bp16ap26 bp18mr25
INZ036,18107,IND,Montgomery,Montgomery,bp16ap26 bp18mr25
INZ037,18011,IND,Boone,Boone,bp16ap26 bp18mr25
INZ038,18159,IND,Tipton,Tipton,bp16ap26 bp18mr25
INZ039,18057,IND,Hamilton,Hamilton,bp16ap26 bp18mr25
INZ040,18095,IND,Madison,Madison,bp16ap26 bp18mr25
INZ041,18035,IND,Delaware,Delaware,bp16ap26 bp18mr25
INZ042,18135,IND,Randolph,Randolph,bp16ap26 bp18mr25
INZ043,18165,IND,Vermillion,Vermillion,bp16ap26 bp18mr25
INZ044,18121,IND,Parke,Parke,bp16ap26 bp18mr25
INZ045,18133,IND,Putnam,Putnam,bp16ap26 bp18mr25
INZ046,18063,IND,Hendricks,Hendricks,bp16ap26 bp18mr25
INZ047,18097,IND,Marion,Marion,bp16ap26 bp18mr25
INZ048,18059,IND,Hancock,Hancock,bp16ap26 bp18mr25
INZ049,18065,IND,Henry,Henry,bp16ap26 bp18mr25
INZ050,18177,ILN,Wayne,Wayne,bp16ap26 bp18mr25
INZ051,18167,IND,Vigo,Vigo,bp16ap26 bp18mr25
INZ052,18021,IND,Clay,Clay,bp16ap26 bp18mr25
INZ053,18119,IND,Owen,Owen,bp16ap26 bp18mr25
INZ054,18109,IND,Morgan,Morgan,bp16ap26 bp18mr25
INZ055,18081,IND,Johnson,Johnson,bp16ap26 bp18mr25
INZ056,18145,IND,Shelby,Shelby,bp16ap26 bp18mr25
INZ057,18139,IND,Rush,Rush,bp16ap26 bp18mr25
INZ058,18041,ILN,Fayette,Fayette,bp16ap26 bp18mr25
INZ059,18161,ILN,Union,Union,bp16ap26 bp18mr25
INZ060,18153,IND,Sullivan,Sullivan,bp16ap26 bp18mr25
INZ061,18055,IND,Greene,Greene,bp16ap26 bp18mr25
INZ062,18105,IND,Monroe,Monroe,bp16ap26 bp18mr25
INZ063,18013,IND,Brown,Brown,bp16ap26 bp18mr25
INZ064,18005,IND,Bartholomew,Bartholomew,bp16ap26 bp18mr25
INZ065,18031,IND,Decatur,Decatur,bp16ap26 bp18mr25
INZ066,18047,ILN,Franklin,Franklin,bp16ap26 bp18mr25
INZ067,18083,IND,Knox,Knox,bp16ap26 bp18mr25
INZ068,18027,IND,Daviess,Daviess,bp16ap26 bp18mr25
INZ069,18101,IND,Martin,Martin,bp16ap26 bp18mr25
INZ070,18093,IND,Lawrence,Lawrence,bp16ap26 bp18mr25
INZ071,18071,IND,Jackson,Jackson,bp16ap26 bp18mr25
INZ072,18079,IND,Jennings,Jennings,bp16ap26 bp18mr25
INZ073,18137,ILN,Ripley,Ripley,bp16ap26 bp18mr25
INZ074,18029,ILN,Dearborn,Dearborn,bp16ap26 bp18mr25
INZ075,18115,ILN,Ohio,Ohio,bp16ap26 bp18mr25
INZ076,18117,LMK,Orange,Orange,bp16ap26 bp18mr25
INZ077,18175,LMK,Washington,Washington,bp16ap26 bp18mr25
INZ078,18143,LMK,Scott,Scott,bp16ap26 bp18mr25
INZ079,18077,LMK,Jefferson,Jefferson,bp16ap26 bp18mr25
INZ080,18155,ILN,Switzerland,Switzerland,bp16ap26 bp18mr25
INZ081,18051,PAH,Gibson,Gibson,bp16ap26 bp18mr25
INZ082,18125,PAH,Pike,Pike,bp16ap26 bp18mr25
INZ083,18037,LMK,Dubois,Dubois,bp16ap26 bp18mr25
INZ084,18025,LMK,Crawford,Crawford,bp16ap26 bp18mr25
INZ085,18129,PAH,Posey,Posey,bp16ap26 bp18mr25
INZ086,18163,PAH,Vanderburgh,Vanderburgh,bp16ap26 bp18mr25
INZ087,18173,PAH,Warrick,Warrick,bp16ap26 bp18mr25
INZ088,18147,PAH,Spencer,Spencer,bp16ap26 bp18mr25
INZ089,18123,LMK,Perry,Perry,bp16ap26 bp18mr25
INZ090,18061,LMK,Harrison,Harrison,bp16ap26 bp18mr25
INZ091,18043,LMK,Floyd,Floyd,bp16ap26 bp18mr25
INZ092,18019,LMK,Clark,Clark,bp16ap26 bp18mr25
INZ103,18091,IWX,Northern La Porte,La Porte,bp16ap26 bp18mr25
INZ104,18141,IWX,Eastern St. Joseph,St. Joseph,bp16ap26 bp18mr25
INZ116,18085,IWX,Northern Kosciusko,Kosciusko,bp16ap26 bp18mr25
INZ203,18091,IWX,Southern La Porte,La Porte,bp16ap26 bp18mr25
INZ204,18141,IWX,Western St. Joseph,St. Joseph,bp16ap26 bp18mr25
INZ216,18085,IWX,Southern Kosciusko,Kosciusko,bp16ap26 bp18mr25
KSZ001,20023,GLD,Cheyenne,Cheyenne,bp16ap26 bp18mr25
KSZ002,20153,GLD,Rawlins,Rawlins,bp16ap26 bp18mr25
KSZ003,20039,GLD,Decatur,Decatur,bp16ap26 bp18mr25
KSZ004,20137,GLD,Norton,Norton,bp16ap26 bp18mr25
KSZ005,20147,GID,Phillips,Phillips,bp16ap26 bp18mr25
KSZ006,20183,GID,Smith,Smith,bp16ap26 bp18mr25
KSZ007,20089,GID,Jewell,Jewell,bp16ap26 bp18mr25
KSZ008,20157,TOP,Republic,Republic,bp16ap26 bp18mr25
KSZ009,20201,TOP,Washington,Washington,bp16ap26 bp18mr25
KSZ010,20117,TOP,Marshall,Marshall,bp16ap26 bp18mr25
KSZ011,20131,TOP,Nemaha,Nemaha,bp16ap26 bp18mr25
KSZ012,20013,TOP,Brown,Brown,bp16ap26 bp18mr25
KSZ013,20181,GLD,Sherman,Sherman,bp16ap26 bp18mr25
KSZ014,20193,GLD,Thomas,Thomas,bp16ap26 bp18mr25
KSZ015,20179,GLD,Sheridan,Sheridan,bp16ap26 bp18mr25
KSZ016,20065,GLD,Graham,Graham,bp16ap26 bp18mr25
KSZ017,20163,GID,Rooks,Rooks,bp16ap26 bp18mr25
KSZ018,20141,GID,Osborne,Osborne,bp16ap26 bp18mr25
KSZ019,20123,GID,Mitchell,Mitchell,bp16ap26 bp18mr25
KSZ020,20029,TOP,Cloud,Cloud,bp16ap26 bp18mr25
KSZ021,20027,TOP,Clay,Clay,bp16ap26 bp18mr25
KSZ022,20161,TOP,Riley,Riley,bp16ap26 bp18mr25
KSZ023,20149,TOP,Pottawatomie,Pottawatomie,bp16ap26 bp18mr25
KSZ024,20085,TOP,Jackson,Jackson,bp16ap26 bp18mr25
KSZ025,20005,EAX,Atchison,Atchison,bp16ap26 bp18mr25
KSZ026,20087,TOP,Jefferson,Jefferson,bp16ap26 bp18mr25
KSZ027,20199,GLD,Wallace,Wallace,bp16ap26 bp18mr25
KSZ028,20109,GLD,Logan,Logan,bp16ap26 bp18mr25
KSZ029,20063,GLD,Gove,Gove,bp16ap26 bp18mr25
KSZ030,20195,DDC,Trego,Trego,bp16ap26 bp18mr25
KSZ031,20051,DDC,Ellis,Ellis,bp16ap26 bp18mr25
KSZ032,20167,ICT,Russell,Russell,bp16ap26 bp18mr25
KSZ033,20105,ICT,Lincoln,Lincoln,bp16ap26 bp18mr25
KSZ034,20143,TOP,Ottawa,Ottawa,bp16ap26 bp18mr25
KSZ035,20041,TOP,Dickinson,Dickinson,bp16ap26 bp18mr25
KSZ036,20061,TOP,Geary,Geary,bp16ap26 bp18mr25
KSZ037,20127,TOP,Morris,Morris,bp16ap26 bp18mr25
KSZ038,20197,TOP,Wabaunsee,Wabaunsee,bp16ap26 bp18mr25
KSZ039,20177,TOP,Shawnee,Shawnee,bp16ap26 bp18mr25
KSZ040,20045,TOP,Douglas,Douglas,bp16ap26 bp18mr25
KSZ041,20071,GLD,Greeley,Greeley,bp16ap26 bp18mr25
KSZ042,20203,GLD,Wichita,Wichita,bp16ap26 bp18mr25
KSZ043,20171,DDC,Scott,Scott,bp16ap26 bp18mr25
KSZ044,20101,DDC,Lane,Lane,bp16ap26 bp18mr25
KSZ045,20135,DDC,Ness,Ness,bp16ap26 bp18mr25
KSZ046,20165,DDC,Rush,Rush,bp16ap26 bp18mr25
KSZ047,20009,ICT,Barton,Barton,bp16ap26 bp18mr25
KSZ048,20053,ICT,Ellsworth,Ellsworth,bp16ap26 bp18mr25
KSZ049,20169,ICT,Saline,Saline,bp16ap26 bp18mr25
KSZ050,20159,ICT,Rice,Rice,bp16ap26 bp18mr25
KSZ051,20113,ICT,McPherson,McPherson,bp16ap26 bp18mr25
KSZ052,20115,ICT,Marion,Marion,bp16ap26 bp18mr25
KSZ053,20017,ICT,Chase,Chase,bp16ap26 bp18mr25
KSZ054,20111,TOP,Lyon,Lyon,bp16ap26 bp18mr25
KSZ055,20139,TOP,Osage,Osage,bp16ap26 bp18mr25
KSZ056,20059,TOP,Franklin,Franklin,bp16ap26 bp18mr25
KSZ057,20121,EAX,Miami,Miami,bp16ap26 bp18mr25
KSZ058,20031,TOP,Coffey,Coffey,bp16ap26 bp18mr25
KSZ059,20003,TOP,Anderson,Anderson,bp16ap26 bp18mr25
KSZ060,20107,EAX,Linn,Linn,bp16ap26 bp18mr25
KSZ061,20075,DDC,Hamilton,Hamilton,bp16ap26 bp18mr25
KSZ062,20093,DDC,Kearny,Kearny,bp16ap26 bp18mr25
KSZ063,20055,DDC,Finney,Finney,bp16ap26 bp18mr25
KSZ064,20083,DDC,Hodgeman,Hodgeman,bp16ap26 bp18mr25
KSZ065,20145,DDC,Pawnee,Pawnee,bp16ap26 bp18mr25
KSZ066,20185,DDC,Stafford,Stafford,bp16ap26 bp18mr25
KSZ067,20155,ICT,Reno,Reno,bp16ap26 bp18mr25
KSZ068,20079,ICT,Harvey,Harvey,bp16ap26 bp18mr25
KSZ069,20015,ICT,Butler,Butler,bp16ap26 bp18mr25
KSZ070,20073,ICT,Greenwood,Greenwood,bp16ap26 bp18mr25
KSZ071,20207,ICT,Woodson,Woodson,bp16ap26 bp18mr25
KSZ072,20001,ICT,Allen,Allen,bp16ap26 bp18mr25
KSZ073,20011,SGF,Bourbon,Bourbon,bp16ap26 bp18mr25
KSZ074,20187,DDC,Stanton,Stanton,bp16ap26 bp18mr25
KSZ075,20067,DDC,Grant,Grant,bp16ap26 bp18mr25
KSZ076,20081,DDC,Haskell,Haskell,bp16ap26 bp18mr25
KSZ077,20069,DDC,Gray,Gray,bp16ap26 bp18mr25
KSZ078,20057,DDC,Ford,Ford,bp16ap26 bp18mr25
KSZ079,20047,DDC,Edwards,Edwards,bp16ap26 bp18mr25
KSZ080,20097,DDC,Kiowa,Kiowa,bp16ap26 bp18mr25
KSZ081,20151,DDC,Pratt,Pratt,bp16ap26 bp18mr25
KSZ082,20095,ICT,Kingman,Kingman,bp16ap26 bp18mr25
KSZ083,20173,ICT,Sedgwick,Sedgwick,bp16ap26 bp18mr25
KSZ084,20129,DDC,Morton,Morton,bp16ap26 bp18mr25
KSZ085,20189,DDC,Stevens,Stevens,bp16ap26 bp18mr25
KSZ086,20175,DDC,Seward,Seward,bp16ap26 bp18mr25
KSZ087,20119,DDC,Meade,Meade,bp16ap26 bp18mr25
KSZ088,20025,DDC,Clark,Clark,bp16ap26 bp18mr25
KSZ089,20033,DDC,Comanche,Comanche,bp16ap26 bp18mr25
KSZ090,20007,DDC,Barber,Barber,bp16ap26 bp18mr25
KSZ091,20077,ICT,Harper,Harper,bp16ap26 bp18mr25
KSZ092,20191,ICT,Sumner,Sumner,bp16ap26 bp18mr25
KSZ093,20035,ICT,Cowley,Cowley,bp16ap26 bp18mr25
KSZ094,20049,ICT,Elk,Elk,bp16ap26 bp18mr25
KSZ095,20205,ICT,Wilson,Wilson,bp16ap26 bp18mr25
KSZ096,20133,ICT,Neosho,Neosho,bp16ap26 bp18mr25
KSZ097,20037,SGF,Crawford,Crawford,bp16ap26 bp18mr25
KSZ098,20019,ICT,Chautauqua,Chautauqua,bp16ap26 bp18mr25
KSZ099,20125,ICT,Montgomery,Montgomery,bp16ap26 bp18mr25
KSZ100,20099,ICT,Labette,Labette,bp16ap26 bp18mr25
KSZ101,20021,SGF,Cherokee,Cherokee,bp16ap26 bp18mr25
KSZ102,20043,EAX,Doniphan,Doniphan,bp16ap26 bp18mr25
KSZ103,20103,EAX,Leavenworth,Leavenworth,bp16ap26 bp18mr25
KSZ104,20209,EAX,Wyandotte,Wyandotte,bp16ap26 bp18mr25
KSZ105,20091,EAX,Johnson,Johnson,bp16ap26 bp18mr25
KYZ001,21075,PAH,Fulton,Fulton,bp16ap26 bp18mr25
KYZ002,21105,PAH,Hickman,Hickman,bp16ap26 bp18mr25
KYZ003,21039,PAH,Carlisle,Carlisle,bp16ap26 bp18mr25
KYZ004,21007,PAH,Ballard,Ballard,bp16ap26 bp18mr25
KYZ005,21145,PAH,McCracken,McCracken,bp16ap26 bp18mr25
KYZ006,21083,PAH,Graves,Graves,bp16ap26 bp18mr25
KYZ007,21139,PAH,Livingston,Livingston,bp16ap26 bp18mr25
KYZ008,21157,PAH,Marshall,Marshall,bp16ap26 bp18mr25
KYZ009,21035,PAH,Calloway,Calloway,bp16ap26 bp18mr25
KYZ010,21055,PAH,Crittenden,Crittenden,bp16ap26 bp18mr25
KYZ011,21143,PAH,Lyon,Lyon,bp16ap26 bp18mr25
KYZ012,21221,PAH,Trigg,Trigg,bp16ap26 bp18mr25
KYZ013,21033,PAH,Caldwell,Caldwell,bp16ap26 bp18mr25
KYZ014,21225,PAH,Union,Union,bp16ap26 bp18mr25
KYZ015,21233,PAH,Webster,Webster,bp16ap26 bp18mr25
KYZ016,21107,PAH,Hopkins,Hopkins,bp16ap26 bp18mr25
KYZ017,21047,PAH,Christian,Christian,bp16ap26 bp18mr25
KYZ018,21101,PAH,Henderson,Henderson,bp16ap26 bp18mr25
KYZ019,21059,PAH,Daviess,Daviess,bp16ap26 bp18mr25
KYZ020,21149,PAH,McLean,McLean,bp16ap26 bp18mr25
KYZ021,21177,PAH,Muhlenberg,Muhlenberg,bp16ap26 bp18mr25
KYZ022,21219,PAH,Todd,Todd,bp16ap26 bp18mr25
KYZ023,21091,LMK,Hancock,Hancock,bp16ap26 bp18mr25
KYZ024,21027,LMK,Breckinridge,Breckinridge,bp16ap26 bp18mr25
KYZ025,21163,LMK,Meade,Meade,bp16ap26 bp18mr25
KYZ026,21183,LMK,Ohio,Ohio,bp16ap26 bp18mr25
KYZ027,21085,LMK,Grayson,Grayson,bp16ap26 bp18mr25
KYZ028,21093,LMK,Hardin,Hardin,bp16ap26 bp18mr25
KYZ029,21029,LMK,Bullitt,Bullitt,bp16ap26 bp18mr25
KYZ030,21111,LMK,Jefferson,Jefferson,bp16ap26 bp18mr25
KYZ031,21185,LMK,Oldham,Oldham,bp16ap26 bp18mr25
KYZ032,21223,LMK,Trimble,Trimble,bp16ap26 bp18mr25
KYZ033,21103,LMK,Henry,Henry,bp16ap26 bp18mr25
KYZ034,21211,LMK,Shelby,Shelby,bp16ap26 bp18mr25
KYZ035,21073,LMK,Franklin,Franklin,bp16ap26 bp18mr25
KYZ036,21209,LMK,Scott,Scott,bp16ap26 bp18mr25
KYZ037,21097,LMK,Harrison,Harrison,bp16ap26 bp18mr25
KYZ038,21215,LMK,Spencer,Spencer,bp16ap26 bp18mr25
KYZ039,21005,LMK,Anderson,Anderson,bp16ap26 bp18mr25
KYZ040,21239,LMK,Woodford,Woodford,bp16ap26 bp18mr25
KYZ041,21067,LMK,Fayette,Fayette,bp16ap26 bp18mr25
KYZ042,21017,LMK,Bourbon,Bourbon,bp16ap26 bp18mr25
KYZ043,21181,LMK,Nicholas,Nicholas,bp16ap26 bp18mr25
KYZ044,21069,JKL,Fleming,Fleming,bp16ap26 bp18mr25
KYZ045,21179,LMK,Nelson,Nelson,bp16ap26 bp18mr25
KYZ046,21229,LMK,Washington,Washington,bp16ap26 bp18mr25
KYZ047,21167,LMK,Mercer,Mercer,bp16ap26 bp18mr25
KYZ048,21113,LMK,Jessamine,Jessamine,bp16ap26 bp18mr25
KYZ049,21049,LMK,Clark,Clark,bp16ap26 bp18mr25
KYZ050,21173,JKL,Montgomery,Montgomery,bp16ap26 bp18mr25
KYZ051,21011,JKL,Bath,Bath,bp16ap26 bp18mr25
KYZ052,21205,JKL,Rowan,Rowan,bp16ap26 bp18mr25
KYZ053,21123,LMK,Larue,Larue,bp16ap26 bp18mr25
KYZ054,21155,LMK,Marion,Marion,bp16ap26 bp18mr25
KYZ055,21021,LMK,Boyle,Boyle,bp16ap26 bp18mr25
KYZ056,21079,LMK,Garrard,Garrard,bp16ap26 bp18mr25
KYZ057,21151,LMK,Madison,Madison,bp16ap26 bp18mr25
KYZ058,21065,JKL,Estill,Estill,bp16ap26 bp18mr25
KYZ059,21197,JKL,Powell,Powell,bp16ap26 bp18mr25
KYZ060,21165,JKL,Menifee,Menifee,bp16ap26 bp18mr25
KYZ061,21031,LMK,Butler,Butler,bp16ap26 bp18mr25
KYZ062,21061,LMK,Edmonson,Edmonson,bp16ap26 bp18mr25
KYZ063,21099,LMK,Hart,Hart,bp16ap26 bp18mr25
KYZ064,21087,LMK,Green,Green,bp16ap26 bp18mr25
KYZ065,21217,LMK,Taylor,Taylor,bp16ap26 bp18mr25
KYZ066,21045,LMK,Casey,Casey,bp16ap26 bp18mr25
KYZ067,21137,LMK,Lincoln,Lincoln,bp16ap26 bp18mr25
KYZ068,21203,JKL,Rockcastle,Rockcastle,bp16ap26 bp18mr25
KYZ069,21109,JKL,Jackson,Jackson,bp16ap26 bp18mr25
KYZ070,21141,LMK,Logan,Logan,bp16ap26 bp18mr25
KYZ071,21227,LMK,Warren,Warren,bp16ap26 bp18mr25
KYZ072,21213,LMK,Simpson,Simpson,bp16ap26 bp18mr25
KYZ073,21003,LMK,Allen,Allen,bp16ap26 bp18mr25
KYZ074,21009,LMK,Barren,Barren,bp16ap26 bp18mr25
KYZ075,21171,LMK,Monroe,Monroe,bp16ap26 bp18mr25
KYZ076,21169,LMK,Metcalf,Metcalfe,bp16ap26 bp18mr25
KYZ077,21001,LMK,Adair,Adair,bp16ap26 bp18mr25
KYZ078,21207,LMK,Russell,Russell,bp16ap26 bp18mr25
KYZ079,21199,JKL,Pulaski,Pulaski,bp16ap26 bp18mr25
KYZ080,21125,JKL,Laurel,Laurel,bp16ap26 bp18mr25
KYZ081,21057,LMK,Cumberland,Cumberland,bp16ap26 bp18mr25
KYZ082,21053,LMK,Clinton,Clinton,bp16ap26 bp18mr25
KYZ083,21231,JKL,Wayne,Wayne,bp16ap26 bp18mr25
KYZ084,21147,JKL,McCreary,McCreary,bp16ap26 bp18mr25
KYZ085,21235,JKL,Whitley,Whitley,bp16ap26 bp18mr25
KYZ086,21121,JKL,Knox,Knox,bp16ap26 bp18mr25
KYZ087,21013,JKL,Bell,Bell,bp16ap26 bp18mr25
KYZ088,21095,JKL,Harlan,Harlan,bp16ap26 bp18mr25
KYZ089,21041,ILN,Carroll,Carroll,bp16ap26 bp18mr25
KYZ090,21077,ILN,Gallatin,Gallatin,bp16ap26 bp18mr25
KYZ091,21015,ILN,Boone,Boone,bp16ap26 bp18mr25
KYZ092,21117,ILN,Kenton,Kenton,bp16ap26 bp18mr25
KYZ093,21037,ILN,Campbell,Campbell,bp16ap26 bp18mr25
KYZ094,21187,ILN,Owen,Owen,bp16ap26 bp18mr25
KYZ095,21081,ILN,Grant,Grant,bp16ap26 bp18mr25
KYZ096,21191,ILN,Pendleton,Pendleton,bp16ap26 bp18mr25
KYZ097,21023,ILN,Bracken,Bracken,bp16ap26 bp18mr25
KYZ098,21201,ILN,Robertson,Robertson,bp16ap26 bp18mr25
KYZ099,21161,ILN,Mason,Mason,bp16ap26 bp18mr25
KYZ100,21135,ILN,Lewis,Lewis,bp16ap26 bp18mr25
KYZ101,21089,RLX,Greenup,Greenup,bp16ap26 bp18mr25
KYZ102,21043,RLX,Carter,Carter,bp16ap26 bp18mr25
KYZ103,21019,RLX,Boyd,Boyd,bp16ap26 bp18mr25
KYZ104,21063,JKL,Elliott,Elliott,bp16ap26 bp18mr25
KYZ105,21127,RLX,Lawrence,Lawrence,bp16ap26 bp18mr25
KYZ106,21175,JKL,Morgan,Morgan,bp16ap26 bp18mr25
KYZ107,21115,JKL,Johnson,Johnson,bp16ap26 bp18mr25
KYZ108,21237,JKL,Wolfe,Wolfe,bp16ap26 bp18mr25
KYZ109,21153,JKL,Magoffin,Magoffin,bp16ap26 bp18mr25
KYZ110,21071,JKL,Floyd,Floyd,bp16ap26 bp18mr25
KYZ111,21129,JKL,Lee,Lee,bp16ap26 bp18mr25
KYZ112,21025,JKL,Breathitt,Breathitt,bp16ap26 bp18mr25
KYZ113,21119,JKL,Knott,Knott,bp16ap26 bp18mr25
KYZ114,21189,JKL,Owsley,Owsley,bp16ap26 bp18mr25
KYZ115,21193,JKL,Perry,Perry,bp16ap26 bp18mr25
KYZ116,21051,JKL,Clay,Clay,bp16ap26 bp18mr25
KYZ117,21131,JKL,Leslie,Leslie,bp16ap26 bp18mr25
KYZ118,21133,JKL,Letcher,Letcher,bp16ap26 bp18mr25
KYZ119,21159,JKL,Martin,Martin,bp16ap26 bp18mr25
KYZ120,21195,JKL,Pike,Pike,bp16ap26 bp18mr25
LAZ001,22017,SHV,Caddo,Caddo,bp16ap26 bp18mr25
LAZ002,22015,SHV,Bossier,Bossier,bp16ap26 bp18mr25
LAZ003,22119,SHV,Webster,Webster,bp16ap26 bp18mr25
LAZ004,22027,SHV,Claiborne,Claiborne,bp16ap26 bp18mr25
LAZ005,22061,SHV,Lincoln,Lincoln,bp16ap26 bp18mr25
LAZ006,22111,SHV,Union,Union,bp16ap26 bp18mr25
LAZ007,22067,JAN,Morehouse,Morehouse,bp16ap26 bp18mr25
LAZ008,22123,JAN,West Carroll,West Carroll,bp16ap26 bp18mr25
LAZ009,22035,JAN,East Carroll,East Carroll,bp16ap26 bp18mr25
LAZ010,22031,SHV,De Soto,De Soto,bp16ap26 bp18mr25
LAZ011,22081,SHV,Red River,Red River,bp16ap26 bp18mr25
LAZ012,22013,SHV,Bienville,Bienville,bp16ap26 bp18mr25
LAZ013,22049,SHV,Jackson,Jackson,bp16ap26 bp18mr25
LAZ014,22073,SHV,Ouachita,Ouachita,bp16ap26 bp18mr25
LAZ015,22083,JAN,Richland,Richland,bp16ap26 bp18mr25
LAZ016,22065,JAN,Madison,Madison,bp16ap26 bp18mr25
LAZ017,22085,SHV,Sabine,Sabine,bp16ap26 bp18mr25
LAZ018,22069,SHV,Natchitoches,Natchitoches,bp16ap26 bp18mr25
LAZ019,22127,SHV,Winn,Winn,bp16ap26 bp18mr25
LAZ020,22043,SHV,Grant,Grant,bp16ap26 bp18mr25
LAZ021,22021,SHV,Caldwell,Caldwell,bp16ap26 bp18mr25
LAZ022,22059,SHV,La Salle,La Salle,bp16ap26 bp18mr25
LAZ023,22041,JAN,Franklin,Franklin,bp16ap26 bp18mr25
LAZ024,22025,JAN,Catahoula,Catahoula,bp16ap26 bp18mr25
LAZ025,22107,JAN,Tensas,Tensas,bp16ap26 bp18mr25
LAZ026,22029,JAN,Concordia,Concordia,bp16ap26 bp18mr25
LAZ027,22115,LCH,Vernon,Vernon,bp16ap26 bp18mr25
LAZ028,22079,LCH,Rapides,Rapides,bp16ap26 bp18mr25
LAZ029,22009,LCH,Avoyelles,Avoyelles,bp16ap26 bp18mr25
LAZ030,22011,LCH,Beauregard,Beauregard,bp16ap26 bp18mr25
LAZ031,22003,LCH,Allen,Allen,bp16ap26 bp18mr25
LAZ032,22039,LCH,Evangeline,Evangeline,bp16ap26 bp18mr25
LAZ033,22097,LCH,St. Landry,St. Landry,bp16ap26 bp18mr25
LAZ034,22077,LIX,Pointe Coupee,Pointe Coupee,bp16ap26 bp18mr25
LAZ035,22125,LIX,West Feliciana,West Feliciana,bp16ap26 bp18mr25
LAZ036,22037,LIX,East Feliciana,East Feliciana,bp16ap26 bp18mr25
LAZ037,22091,LIX,St. Helena,St. Helena,bp16ap26 bp18mr25
LAZ039,22117,LIX,Washington,Washington,bp16ap26 bp18mr25
LAZ044,22055,LCH,Lafayette,Lafayette,bp16ap26 bp18mr25
LAZ045,22099,LCH,Upper St. Martin,St. Martin,bp16ap26 bp18mr25
LAZ046,22047,LIX,Iberville,Iberville,bp16ap26 bp18mr25
LAZ047,22121,LIX,West Baton Rouge,West Baton Rouge,bp16ap26 bp18mr25
LAZ048,22033,LIX,East Baton Rouge,East Baton Rouge,bp16ap26 bp18mr25
LAZ055,22099,LCH,Lower St. Martin,St. Martin,bp16ap26 bp18mr25
LAZ056,22007,LIX,Assumption,Assumption,bp16ap26 bp18mr25
LAZ057,22093,LIX,St. James,St. James,bp16ap26 bp18mr25
LAZ058,22095,LIX,St. John The Baptist,St. John The Baptist,bp16ap26 bp18mr25
LAZ059,22057,LIX,Upper Lafourche,Lafourche,bp18mr25
LAZ060,22089,LIX,St. Charles,St. Charles,bp18mr25
LAZ064,22087,LIX,Upper St. Bernard,St. Bernard,bp16ap26 bp18mr25
LAZ065,22109,LIX,Upper Terrebonne,Terrebonne,bp18mr25
LAZ066,22109,LIX,Lower Terrebonne,Terrebonne,bp18mr25
LAZ067,22057,LIX,Lower Lafourche,Lafourche,bp18mr25
LAZ068,22051,LIX,Coastal Jefferson,Jefferson,bp18mr25
LAZ069,22075,LIX,Lower Plaquemines,Plaquemines,bp18mr25
LAZ070,22087,LIX,Lower St. Bernard,St. Bernard,bp16ap26 bp18mr25
LAZ071,22105,LIX,Northern Tangipahoa,Tangipahoa,bp16ap26 bp18mr25
LAZ073,22023,LCH,West Cameron,Cameron,bp16ap26 bp18mr25
LAZ074,22023,LCH,East Cameron,Cameron,bp16ap26 bp18mr25
LAZ076,22103,LIX,Southeast St. Tammany,St. Tammany,bp16ap26 bp18mr25
LAZ077,22071,LIX,Western Orleans,Orleans,bp16ap26 bp18mr25
LAZ078,22071,LIX,Eastern Orleans,Orleans,bp16ap26 bp18mr25
LAZ079,22103,LIX,Northern St. Tammany,St. Tammany,bp16ap26 bp18mr25
LAZ080,22103,LIX,Southwestern St. Tammany,St. Tammany,bp16ap26 bp18mr25
LAZ081,22105,LIX,Central Tangipahoa,Tangipahoa,bp16ap26 bp18mr25
LAZ082,22105,LIX,Lower Tangipahoa,Tangipahoa,bp16ap26 bp18mr25
LAZ083,22063,LIX,Northern Livingston,Livingston,bp16ap26 bp18mr25
LAZ084,22063,LIX,Southern Livingston,Livingston,bp16ap26 bp18mr25
LAZ085,22005,LIX,Western Ascension,Ascension,bp16ap26 bp18mr25
LAZ086,22005,LIX,Eastern Ascension,Ascension,bp16ap26 bp18mr25
LAZ087,22051,LIX,Upper Jefferson,Jefferson,bp16ap26 bp18mr25
LAZ088,22051,LIX,Lower Jefferson,Jefferson,bp18mr25
LAZ089,22075,LIX,Upper Plaquemines,Plaquemines,bp16ap26 bp18mr25
LAZ090,22075,LIX,Central Plaquemines,Plaquemines,bp16ap26 bp18mr25
LAZ091,22075,LIX,Lower Plaquemines,Plaquemines,bp16ap26
LAZ092,22051,LIX,Central Jefferson,Jefferson,bp16ap26
LAZ093,22051,LIX,Coastal Jefferson,Jefferson,bp16ap26
LAZ094,22057,LIX,Upper Lafourche,Lafourche,bp16ap26
LAZ095,22057,LIX,Lower Lafourche,Lafourche,bp16ap26
LAZ096,22109,LIX,Upper Terrebonne,Terrebonne,bp16ap26
LAZ097,22109,LIX,Lower Terrebonne,Terrebonne,bp16ap26
LAZ098,22089,LIX,Upper St. Charles,St. Charles,bp16ap26
LAZ099,22089,LIX,Central St. Charles,St. Charles,bp16ap26
LAZ100,22089,LIX,Lower St. Charles,St. Charles,bp16ap26
LAZ141,22019,LCH,Northern Calcasieu,Calcasieu,bp16ap26 bp18mr25
LAZ142,22053,LCH,Northern Jefferson Davis,Jefferson Davis,bp16ap26 bp18mr25
LAZ143,22001,LCH,Northern Acadia,Acadia,bp16ap26 bp18mr25
LAZ152,22113,LCH,Upper Vermilion,Vermilion,bp16ap26 bp18mr25
LAZ153,22045,LCH,Upper Iberia,Iberia,bp16ap26 bp18mr25
LAZ154,22101,LCH,Upper St. Mary,St. Mary,bp16ap26 bp18mr25
LAZ241,22019,LCH,Southern Calcasieu,Calcasieu,bp16ap26 bp18mr25
LAZ242,22053,LCH,Southern Jefferson Davis,Jefferson Davis,bp16ap26 bp18mr25
LAZ243,22001,LCH,Southern Acadia,Acadia,bp16ap26 bp18mr25
LAZ252,22113,LCH,Lower Vermilion,Vermilion,bp16ap26 bp18mr25
LAZ253,22045,LCH,Lower Iberia,Iberia,bp16ap26 bp18mr25
LAZ254,22101,LCH,Lower St. Mary,St. Mary,bp16ap26 bp18mr25
MAZ001,25003,ALY,Northern Berkshire,Berkshire,bp16ap26 bp18mr25
MAZ002,25011,BOX,Western Franklin,Franklin,bp16ap26 bp18mr25
MAZ003,25011,BOX,Eastern Franklin,Franklin,bp16ap26 bp18mr25
MAZ004,25027,BOX,Northern Worcester,Worcester,bp16ap26 bp18mr25
MAZ005,25017,BOX,Central Middlesex County,Middlesex,bp16ap26 bp18mr25
MAZ006,25009,BOX,Western Essex,Essex,bp16ap26 bp18mr25
MAZ007,25009,BOX,Eastern Essex,Essex,bp16ap26 bp18mr25
MAZ008,25015,BOX,Western Hampshire,Hampshire,bp16ap26 bp18mr25
MAZ009,25013,BOX,Western Hampden,Hampden,bp16ap26 bp18mr25
MAZ010,25015,BOX,Eastern Hampshire,Hampshire,bp16ap26 bp18mr25
MAZ011,25013,BOX,Eastern Hampden,Hampden,bp16ap26 bp18mr25
MAZ012,25027,BOX,Southern Worcester,Worcester,bp16ap26 bp18mr25
MAZ013,25021,BOX,Western Norfolk,Norfolk,bp16ap26 bp18mr25
MAZ014,25017,BOX,Southeast Middlesex,Middlesex,bp16ap26 bp18mr25
MAZ015,25021,BOX,Suffolk,Norfolk,bp16ap26 bp18mr25
MAZ015,25025,BOX,Suffolk,Suffolk,bp16ap26 bp18mr25
MAZ016,25021,BOX,Eastern Norfolk,Norfolk,bp16ap26 bp18mr25
MAZ017,25005,BOX,Northern Bristol,Bristol,bp16ap26 bp18mr25
MAZ018,25023,BOX,Western Plymouth,Plymouth,bp16ap26 bp18mr25
MAZ019,25021,BOX,Eastern Plymouth,Norfolk,bp16ap26 bp18mr25
MAZ019,25023,BOX,Eastern Plymouth,Plymouth,bp16ap26 bp18mr25
MAZ020,25005,BOX,Southern Bristol,Bristol,bp16ap26 bp18mr25
MAZ021,25023,BOX,Southern Plymouth,Plymouth,bp16ap26 bp18mr25
MAZ022,25001,BOX,Barnstable,Barnstable,bp16ap26 bp18mr25
MAZ023,25007,BOX,Dukes,Dukes,bp16ap26 bp18mr25
MAZ024,25019,BOX,Nantucket,Nantucket,bp16ap26 bp18mr25
MAZ025,25003,ALY,Southern Berkshire,Berkshire,bp16ap26 bp18mr25
MAZ026,25017,BOX,Northwest Middlesex County,Middlesex,bp16ap26 bp18mr25
MDZ003,24043,LWX,Washington,Washington,bp16ap26 bp18mr25
MDZ004,24021,LWX,Frederick,Frederick,bp16ap26 bp18mr25
MDZ005,24013,LWX,Carroll,Carroll,bp16ap26 bp18mr25
MDZ006,24005,LWX,Northern Baltimore,Baltimore,bp16ap26 bp18mr25
MDZ008,24015,LWX,Cecil,Cecil,bp16ap26 bp18mr25
MDZ011,24005,LWX,Southern Baltimore,Baltimore,bp16ap26 bp18mr25
MDZ011,24510,LWX,Southern Baltimore,Baltimore City,bp16ap26 bp18mr25
MDZ012,24029,PHI,Kent,Kent,bp16ap26 bp18mr25
MDZ013,24033,LWX,Prince Georges,Prince Georges,bp16ap26 bp18mr25
MDZ014,24003,LWX,Anne Arundel,Anne Arundel,bp16ap26 bp18mr25
MDZ015,24035,PHI,Queen Anne's,Queen Anne's,bp16ap26 bp18mr25
MDZ016,24017,LWX,Charles,Charles,bp16ap26 bp18mr25
MDZ017,24037,LWX,St. Marys,St. Marys,bp16ap26 bp18mr25
MDZ018,24009,LWX,Calvert,Calvert,bp16ap26 bp18mr25
MDZ019,24041,PHI,Talbot,Talbot,bp16ap26 bp18mr25
MDZ020,24011,PHI,Caroline,Caroline,bp16ap26 bp18mr25
MDZ021,24019,AKQ,Dorchester,Dorchester,bp16ap26 bp18mr25
MDZ022,24045,AKQ,Wicomico,Wicomico,bp16ap26 bp18mr25
MDZ023,24039,AKQ,Somerset,Somerset,bp16ap26 bp18mr25
MDZ024,24047,AKQ,Inland Worcester,Worcester,bp16ap26 bp18mr25
MDZ025,24047,AKQ,Maryland Beaches,Worcester,bp16ap26 bp18mr25
MDZ501,24001,LWX,Extreme Western Allegany,Allegany,bp16ap26 bp18mr25
MDZ502,24001,LWX,Central and Eastern Allegany,Allegany,bp16ap26 bp18mr25
MDZ503,24031,LWX,Northwest Montgomery,Montgomery,bp16ap26 bp18mr25
MDZ504,24031,LWX,Central and Southeast Montgomery,Montgomery,bp16ap26 bp18mr25
MDZ505,24027,LWX,Northwest Howard,Howard,bp16ap26 bp18mr25
MDZ506,24027,LWX,Central and Southeast Howard,Howard,bp16ap26 bp18mr25
MDZ507,24025,LWX,Northwest Harford,Harford,bp16ap26 bp18mr25
MDZ508,24025,LWX,Southeast Harford,Harford,bp16ap26 bp18mr25
MDZ509,24023,LWX,Western Garrett,Garrett,bp16ap26 bp18mr25
MDZ510,24023,LWX,Eastern Garrett,Garrett,bp16ap26 bp18mr25
MEZ001,23003,CAR,Northwest Aroostook,Aroostook,bp16ap26 bp18mr25
MEZ002,23003,CAR,Northeast Aroostook,Aroostook,bp16ap26 bp18mr25
MEZ003,23025,CAR,Northern Somerset,Somerset,bp16ap26 bp18mr25
MEZ004,23021,CAR,Northern Piscataquis,Piscataquis,bp16ap26 bp18mr25
MEZ005,23019,CAR,Northern Penobscot,Penobscot,bp16ap26 bp18mr25
MEZ006,23003,CAR,Southeast Aroostook,Aroostook,bp16ap26 bp18mr25
MEZ007,23017,GYX,Northern Oxford,Oxford,bp16ap26 bp18mr25
MEZ008,23007,GYX,Northern Franklin,Franklin,bp16ap26 bp18mr25
MEZ009,23025,GYX,Central Somerset,Somerset,bp16ap26 bp18mr25
MEZ010,23021,CAR,Central Piscataquis,Piscataquis,bp16ap26 bp18mr25
MEZ011,23019,CAR,Central Penobscot,Penobscot,bp16ap26 bp18mr25
MEZ012,23017,GYX,Southern Oxford,Oxford,bp16ap26 bp18mr25
MEZ013,23007,GYX,Southern Franklin,Franklin,bp16ap26 bp18mr25
MEZ014,23025,GYX,Southern Somerset,Somerset,bp16ap26 bp18mr25
MEZ015,23019,CAR,Southern Penobscot,Penobscot,bp16ap26 bp18mr25
MEZ016,23009,CAR,Interior Hancock,Hancock,bp16ap26 bp18mr25
MEZ017,23029,CAR,Central Washington,Washington,bp16ap26 bp18mr25
MEZ018,23031,GYX,Interior York,York,bp16ap26 bp18mr25
MEZ019,23005,GYX,Central Interior Cumberland,Cumberland,bp16ap26 bp18mr25
MEZ020,23001,GYX,Androscoggin,Androscoggin,bp16ap26 bp18mr25
MEZ021,23011,GYX,Kennebec,Kennebec,bp16ap26 bp18mr25
MEZ022,23027,GYX,Interior Waldo,Waldo,bp16ap26 bp18mr25
MEZ023,23031,GYX,Coastal York,York,bp16ap26 bp18mr25
MEZ024,23005,GYX,Coastal Cumberland,Cumberland,bp16ap26 bp18mr25
MEZ025,23023,GYX,Sagadahoc,Sagadahoc,bp16ap26 bp18mr25
MEZ026,23015,GYX,Lincoln,Lincoln,bp16ap26 bp18mr25
MEZ027,23013,GYX,Knox,Knox,bp16ap26 bp18mr25
MEZ028,23027,GYX,Coastal Waldo,Waldo,bp16ap26 bp18mr25
MEZ029,23009,CAR,Coastal Hancock,Hancock,bp16ap26 bp18mr25
MEZ030,23029,CAR,Coastal Washington,Washington,bp16ap26 bp18mr25
MEZ031,23021,CAR,Southern Piscataquis,Piscataquis,bp16ap26 bp18mr25
MEZ032,23029,CAR,Northern Washington,Washington,bp16ap26 bp18mr25
MEZ033,23005,GYX,Interior Cumberland Highlands,Cumberland,bp16ap26 bp18mr25
MHZ001,68040,PQE,Arno,Arno,bp16ap26 bp18mr25
MHZ002,68190,PQE,Majuro,Majuro,bp16ap26 bp18mr25
MHZ003,68430,PQE,Wotje,Wotje,bp16ap26 bp18mr25
MHZ004,68320,PQE,Mili,Mili,bp16ap26 bp18mr25
MHZ005,68410,PQE,Utrok,Utrok,bp16ap26 bp18mr25
MHZ006,68120,PQE,Jaluit,Jaluit,bp16ap26 bp18mr25
MHZ007,68010,PQE,Ailinglaplap,Ailinglaplap,bp16ap26 bp18mr25
MHZ008,68150,PQE,Kwajalein,Kwajalein,bp16ap26 bp18mr25
MHZ009,68390,PQE,Ujae,Ujae,bp16ap26 bp18mr25
MHZ010,68090,PQE,Enewetak,Enewetak,bp16ap26 bp18mr25
MIZ001,26083,MQT,Keweenaw,Keweenaw,bp16ap26 bp18mr25
MIZ002,26131,MQT,Ontonagon,Ontonagon,bp16ap26 bp18mr25
MIZ003,26061,MQT,Houghton,Houghton,bp16ap26 bp18mr25
MIZ004,26013,MQT,Baraga,Baraga,bp16ap26 bp18mr25
MIZ005,26103,MQT,Marquette,Marquette,bp16ap26 bp18mr25
MIZ006,26003,MQT,Alger,Alger,bp16ap26 bp18mr25
MIZ007,26095,MQT,Luce,Luce,bp16ap26 bp18mr25
MIZ009,26053,MQT,Gogebic,Gogebic,bp16ap26 bp18mr25
MIZ010,26071,MQT,Iron,Iron,bp16ap26 bp18mr25
MIZ011,26043,MQT,Dickinson,Dickinson,bp16ap26 bp18mr25
MIZ012,26109,MQT,Menominee,Menominee,bp16ap26 bp18mr25
MIZ013,26041,MQT,Delta,Delta,bp16ap26 bp18mr25
MIZ014,26153,MQT,Southern Schoolcraft,Schoolcraft,bp16ap26 bp18mr25
MIZ016,26047,APX,Emmet,Emmet,bp16ap26 bp18mr25
MIZ017,26031,APX,Cheboygan,Cheboygan,bp16ap26 bp18mr25
MIZ018,26141,APX,Presque Isle,Presque Isle,bp16ap26 bp18mr25
MIZ020,26089,APX,Leelanau,Leelanau,bp16ap26 bp18mr25
MIZ021,26009,APX,Antrim,Antrim,bp16ap26 bp18mr25
MIZ022,26137,APX,Otsego,Otsego,bp16ap26 bp18mr25
MIZ023,26119,APX,Montmorency,Montmorency,bp16ap26 bp18mr25
MIZ024,26007,APX,Alpena,Alpena,bp16ap26 bp18mr25
MIZ025,26019,APX,Benzie,Benzie,bp16ap26 bp18mr25
MIZ026,26055,APX,Grand Traverse,Grand Traverse,bp16ap26 bp18mr25
MIZ027,26079,APX,Kalkaska,Kalkaska,bp16ap26 bp18mr25
MIZ028,26039,APX,Crawford,Crawford,bp16ap26 bp18mr25
MIZ029,26135,APX,Oscoda,Oscoda,bp16ap26 bp18mr25
MIZ030,26001,APX,Alcona,Alcona,bp16ap26 bp18mr25
MIZ031,26101,APX,Manistee,Manistee,bp16ap26 bp18mr25
MIZ032,26165,APX,Wexford,Wexford,bp16ap26 bp18mr25
MIZ033,26113,APX,Missaukee,Missaukee,bp16ap26 bp18mr25
MIZ034,26143,APX,Roscommon,Roscommon,bp16ap26 bp18mr25
MIZ035,26129,APX,Ogemaw,Ogemaw,bp16ap26 bp18mr25
MIZ036,26069,APX,Iosco,Iosco,bp16ap26 bp18mr25
MIZ037,26105,GRR,Mason,Mason,bp16ap26 bp18mr25
MIZ038,26085,GRR,Lake,Lake,bp16ap26 bp18mr25
MIZ039,26133,GRR,Osceola,Osceola,bp16ap26 bp18mr25
MIZ040,26035,GRR,Clare,Clare,bp16ap26 bp18mr25
MIZ041,26051,APX,Gladwin,Gladwin,bp16ap26 bp18mr25
MIZ042,26011,APX,Arenac,Arenac,bp16ap26 bp18mr25
MIZ043,26127,GRR,Oceana,Oceana,bp16ap26 bp18mr25
MIZ044,26123,GRR,Newaygo,Newaygo,bp16ap26 bp18mr25
MIZ045,26107,GRR,Mecosta,Mecosta,bp16ap26 bp18mr25
MIZ046,26073,GRR,Isabella,Isabella,bp16ap26 bp18mr25
MIZ047,26111,DTX,Midland,Midland,bp16ap26 bp18mr25
MIZ048,26017,DTX,Bay,Bay,bp16ap26 bp18mr25
MIZ049,26063,DTX,Huron,Huron,bp16ap26 bp18mr25
MIZ050,26121,GRR,Muskegon,Muskegon,bp16ap26 bp18mr25
MIZ051,26117,GRR,Montcalm,Montcalm,bp16ap26 bp18mr25
MIZ052,26057,GRR,Gratiot,Gratiot,bp16ap26 bp18mr25
MIZ053,26145,DTX,Saginaw,Saginaw,bp16ap26 bp18mr25
MIZ054,26157,DTX,Tuscola,Tuscola,bp16ap26 bp18mr25
MIZ055,26151,DTX,Sanilac,Sanilac,bp16ap26 bp18mr25
MIZ056,26139,GRR,Ottawa,Ottawa,bp16ap26 bp18mr25
MIZ057,26081,GRR,Kent,Kent,bp16ap26 bp18mr25
MIZ058,26067,GRR,Ionia,Ionia,bp16ap26 bp18mr25
MIZ059,26037,GRR,Clinton,Clinton,bp16ap26 bp18mr25
MIZ060,26155,DTX,Shiawassee,Shiawassee,bp16ap26 bp18mr25
MIZ061,26049,DTX,Genesee,Genesee,bp16ap26 bp18mr25
MIZ062,26087,DTX,Lapeer,Lapeer,bp16ap26 bp18mr25
MIZ063,26147,DTX,St. Clair,St. Clair,bp16ap26 bp18mr25
MIZ064,26005,GRR,Allegan,Allegan,bp16ap26 bp18mr25
MIZ065,26015,GRR,Barry,Barry,bp16ap26 bp18mr25
MIZ066,26045,GRR,Eaton,Eaton,bp16ap26 bp18mr25
MIZ067,26065,GRR,Ingham,Ingham,bp16ap26 bp18mr25
MIZ068,26093,DTX,Livingston,Livingston,bp16ap26 bp18mr25
MIZ069,26125,DTX,Oakland,Oakland,bp16ap26 bp18mr25
MIZ070,26099,DTX,Macomb,Macomb,bp16ap26 bp18mr25
MIZ071,26159,GRR,Van Buren,Van Buren,bp16ap26 bp18mr25
MIZ072,26077,GRR,Kalamazoo,Kalamazoo,bp16ap26 bp18mr25
MIZ073,26025,GRR,Calhoun,Calhoun,bp16ap26 bp18mr25
MIZ074,26075,GRR,Jackson,Jackson,bp16ap26 bp18mr25
MIZ075,26161,DTX,Washtenaw,Washtenaw,bp16ap26 bp18mr25
MIZ076,26163,DTX,Wayne,Wayne,bp16ap26 bp18mr25
MIZ078,26027,IWX,Cass,Cass,bp16ap26 bp18mr25
MIZ079,26149,IWX,St. Joseph,St. Joseph,bp16ap26 bp18mr25
MIZ080,26023,IWX,Branch,Branch,bp16ap26 bp18mr25
MIZ081,26059,IWX,Hillsdale,Hillsdale,bp16ap26 bp18mr25
MIZ082,26091,DTX,Lenawee,Lenawee,bp16ap26 bp18mr25
MIZ083,26115,DTX,Monroe,Monroe,bp16ap26 bp18mr25
MIZ084,26061,MQT,Southern Houghton,Houghton,bp16ap26 bp18mr25
MIZ085,26153,MQT,Northern Schoolcraft,Schoolcraft,bp16ap26 bp18mr25
MIZ086,26033,APX,Western Chippewa ,Chippewa,bp16ap26 bp18mr25
MIZ087,26033,APX,Central Chippewa ,Chippewa,bp16ap26 bp18mr25
MIZ088,26033,APX,Southeast Chippewa ,Chippewa,bp16ap26 bp18mr25
MIZ095,26097,APX,Western Mackinac ,Mackinac,bp16ap26 bp18mr25
MIZ096,26097,APX,Eastern Mackinac ,Mackinac,bp16ap26 bp18mr25
MIZ097,26097,APX,Mackinac Island/Bois Blanc Island ,Mackinac,bp16ap26 bp18mr25
MIZ098,26029,APX,Beaver Island ,Charlevoix,bp16ap26 bp18mr25
MIZ099,26029,APX,Charlevoix ,Charlevoix,bp16ap26 bp18mr25
MIZ177,26021,IWX,Northern Berrien,Berrien,bp16ap26 bp18mr25
MIZ277,26021,IWX,Southern Berrien,Berrien,bp16ap26 bp18mr25
MNZ001,27119,FGF,West Polk,Polk,bp16ap26 bp18mr25
MNZ002,27107,FGF,Norman,Norman,bp16ap26 bp18mr25
MNZ003,27027,FGF,Clay,Clay,bp16ap26 bp18mr25
MNZ004,27069,FGF,Kittson,Kittson,bp16ap26 bp18mr25
MNZ005,27135,FGF,Roseau,Roseau,bp16ap26 bp18mr25
MNZ006,27077,FGF,Lake Of The Woods,Lake of the Woods,bp16ap26 bp18mr25
MNZ007,27089,FGF,West Marshall,Marshall,bp16ap26 bp18mr25
MNZ008,27089,FGF,East Marshall,Marshall,bp16ap26 bp18mr25
MNZ009,27007,FGF,North Beltrami,Beltrami,bp16ap26 bp18mr25
MNZ010,27071,DLH,Koochiching,Koochiching,bp16ap26 bp18mr25
MNZ011,27137,DLH,North St. Louis,St. Louis,bp16ap26 bp18mr25
MNZ012,27031,DLH,Northern Cook/Northern Lake,Cook,bp16ap26 bp18mr25
MNZ012,27075,DLH,Northern Cook/Northern Lake,Lake,bp16ap26 bp18mr25
MNZ013,27113,FGF,Pennington,Pennington,bp16ap26 bp18mr25
MNZ014,27125,FGF,Red Lake,Red Lake,bp16ap26 bp18mr25
MNZ015,27119,FGF,East Polk,Polk,bp16ap26 bp18mr25
MNZ016,27029,FGF,North Clearwater,Clearwater,bp16ap26 bp18mr25
MNZ017,27007,FGF,South Beltrami,Beltrami,bp16ap26 bp18mr25
MNZ018,27061,DLH,North Itasca,Itasca,bp16ap26 bp18mr25
MNZ019,27137,DLH,Central St. Louis,St. Louis,bp16ap26 bp18mr25
MNZ020,27075,DLH,Southern Lake/North Shore,Lake,bp16ap26 bp18mr25
MNZ020,27137,DLH,Southern Lake/North Shore,St. Louis,bp16ap26 bp18mr25
MNZ021,27031,DLH,Southern Cook/North Shore,Cook,bp16ap26 bp18mr25
MNZ022,27087,FGF,Mahnomen,Mahnomen,bp16ap26 bp18mr25
MNZ023,27029,FGF,South Clearwater,Clearwater,bp16ap26 bp18mr25
MNZ024,27057,FGF,Hubbard,Hubbard,bp16ap26 bp18mr25
MNZ025,27021,DLH,North Cass,Cass,bp16ap26 bp18mr25
MNZ026,27061,DLH,South Itasca,Itasca,bp16ap26 bp18mr25
MNZ027,27005,FGF,West Becker,Becker,bp16ap26 bp18mr25
MNZ028,27005,FGF,East Becker,Becker,bp16ap26 bp18mr25
MNZ029,27167,FGF,Wilkin,Wilkin,bp16ap26 bp18mr25
MNZ030,27111,FGF,West Otter Tail,Otter Tail,bp16ap26 bp18mr25
MNZ031,27111,FGF,East Otter Tail,Otter Tail,bp16ap26 bp18mr25
MNZ032,27159,FGF,Wadena,Wadena,bp16ap26 bp18mr25
MNZ033,27021,DLH,South Cass,Cass,bp16ap26 bp18mr25
MNZ034,27035,DLH,Crow Wing,Crow Wing,bp16ap26 bp18mr25
MNZ035,27001,DLH,Northern Aitkin,Aitkin,bp16ap26 bp18mr25
MNZ036,27001,DLH,South Aitkin,Aitkin,bp16ap26 bp18mr25
MNZ037,27017,DLH,Carlton/South St. Louis,Carlton,bp16ap26 bp18mr25
MNZ037,27137,DLH,Carlton/South St. Louis,St. Louis,bp16ap26 bp18mr25
MNZ038,27115,DLH,Pine,Pine,bp16ap26 bp18mr25
MNZ039,27155,ABR,Traverse,Traverse,bp16ap26 bp18mr25
MNZ040,27051,FGF,Grant,Grant,bp16ap26 bp18mr25
MNZ041,27041,MPX,Douglas,Douglas,bp16ap26 bp18mr25
MNZ042,27153,MPX,Todd,Todd,bp16ap26 bp18mr25
MNZ043,27097,MPX,Morrison,Morrison,bp16ap26 bp18mr25
MNZ044,27095,MPX,Mille Lacs,Mille Lacs,bp16ap26 bp18mr25
MNZ045,27065,MPX,Kanabec,Kanabec,bp16ap26 bp18mr25
MNZ046,27011,ABR,Big Stone,Big Stone,bp16ap26 bp18mr25
MNZ047,27149,MPX,Stevens,Stevens,bp16ap26 bp18mr25
MNZ048,27121,MPX,Pope,Pope,bp16ap26 bp18mr25
MNZ049,27145,MPX,Stearns,Stearns,bp16ap26 bp18mr25
MNZ050,27009,MPX,Benton,Benton,bp16ap26 bp18mr25
MNZ051,27141,MPX,Sherburne,Sherburne,bp16ap26 bp18mr25
MNZ052,27059,MPX,Isanti,Isanti,bp16ap26 bp18mr25
MNZ053,27025,MPX,Chisago,Chisago,bp16ap26 bp18mr25
MNZ054,27073,MPX,Lac Qui Parle,Lac qui Parle,bp16ap26 bp18mr25
MNZ055,27151,MPX,Swift,Swift,bp16ap26 bp18mr25
MNZ056,27023,MPX,Chippewa,Chippewa,bp16ap26 bp18mr25
MNZ057,27067,MPX,Kandiyohi,Kandiyohi,bp16ap26 bp18mr25
MNZ058,27093,MPX,Meeker,Meeker,bp16ap26 bp18mr25
MNZ059,27171,MPX,Wright,Wright,bp16ap26 bp18mr25
MNZ060,27053,MPX,Hennepin,Hennepin,bp16ap26 bp18mr25
MNZ061,27003,MPX,Anoka,Anoka,bp16ap26 bp18mr25
MNZ062,27123,MPX,Ramsey,Ramsey,bp16ap26 bp18mr25
MNZ063,27163,MPX,Washington,Washington,bp16ap26 bp18mr25
MNZ064,27173,MPX,Yellow Medicine,Yellow Medicine,bp16ap26 bp18mr25
MNZ065,27129,MPX,Renville,Renville,bp16ap26 bp18mr25
MNZ066,27085,MPX,McLeod,McLeod,bp16ap26 bp18mr25
MNZ067,27143,MPX,Sibley,Sibley,bp16ap26 bp18mr25
MNZ068,27019,MPX,Carver,Carver,bp16ap26 bp18mr25
MNZ069,27139,MPX,Scott,Scott,bp16ap26 bp18mr25
MNZ070,27037,MPX,Dakota,Dakota,bp16ap26 bp18mr25
MNZ071,27081,FSD,Lincoln,Lincoln,bp16ap26 bp18mr25
MNZ072,27083,FSD,Lyon,Lyon,bp16ap26 bp18mr25
MNZ073,27127,MPX,Redwood,Redwood,bp16ap26 bp18mr25
MNZ074,27015,MPX,Brown,Brown,bp16ap26 bp18mr25
MNZ075,27103,MPX,Nicollet,Nicollet,bp16ap26 bp18mr25
MNZ076,27079,MPX,Le Sueur,Le Sueur,bp16ap26 bp18mr25
MNZ077,27131,MPX,Rice,Rice,bp16ap26 bp18mr25
MNZ078,27049,MPX,Goodhue,Goodhue,bp16ap26 bp18mr25
MNZ079,27157,ARX,Wabasha,Wabasha,bp16ap26 bp18mr25
MNZ080,27101,FSD,Murray,Murray,bp16ap26 bp18mr25
MNZ081,27033,FSD,Cottonwood,Cottonwood,bp16ap26 bp18mr25
MNZ082,27165,MPX,Watonwan,Watonwan,bp16ap26 bp18mr25
MNZ083,27013,MPX,Blue Earth,Blue Earth,bp16ap26 bp18mr25
MNZ084,27161,MPX,Waseca,Waseca,bp16ap26 bp18mr25
MNZ085,27147,MPX,Steele,Steele,bp16ap26 bp18mr25
MNZ086,27039,ARX,Dodge,Dodge,bp16ap26 bp18mr25
MNZ087,27109,ARX,Olmsted,Olmsted,bp16ap26 bp18mr25
MNZ088,27169,ARX,Winona,Winona,bp16ap26 bp18mr25
MNZ089,27105,FSD,Nobles,Nobles,bp16ap26 bp18mr25
MNZ090,27063,FSD,Jackson,Jackson,bp16ap26 bp18mr25
MNZ091,27091,MPX,Martin,Martin,bp16ap26 bp18mr25
MNZ092,27043,MPX,Faribault,Faribault,bp16ap26 bp18mr25
MNZ093,27047,MPX,Freeborn,Freeborn,bp16ap26 bp18mr25
MNZ094,27099,ARX,Mower,Mower,bp16ap26 bp18mr25
MNZ095,27045,ARX,Fillmore,Fillmore,bp16ap26 bp18mr25
MNZ096,27055,ARX,Houston,Houston,bp16ap26 bp18mr25
MNZ097,27117,FSD,Pipestone,Pipestone,bp16ap26 bp18mr25
MNZ098,27133,FSD,Rock,Rock,bp16ap26 bp18mr25
MOZ001,29005,EAX,Atchison,Atchison,bp16ap26 bp18mr25
MOZ002,29147,EAX,Nodaway,Nodaway,bp16ap26 bp18mr25
MOZ003,29227,EAX,Worth,Worth,bp16ap26 bp18mr25
MOZ004,29075,EAX,Gentry,Gentry,bp16ap26 bp18mr25
MOZ005,29081,EAX,Harrison,Harrison,bp16ap26 bp18mr25
MOZ006,29129,EAX,Mercer,Mercer,bp16ap26 bp18mr25
MOZ007,29171,EAX,Putnam,Putnam,bp16ap26 bp18mr25
MOZ008,29197,EAX,Schuyler,Schuyler,bp16ap26 bp18mr25
MOZ009,29199,DVN,Scotland,Scotland,bp16ap26 bp18mr25
MOZ010,29045,DVN,Clark,Clark,bp16ap26 bp18mr25
MOZ011,29087,EAX,Holt,Holt,bp16ap26 bp18mr25
MOZ012,29003,EAX,Andrew,Andrew,bp16ap26 bp18mr25
MOZ013,29063,EAX,De Kalb,DeKalb,bp16ap26 bp18mr25
MOZ014,29061,EAX,Daviess,Daviess,bp16ap26 bp18mr25
MOZ015,29079,EAX,Grundy,Grundy,bp16ap26 bp18mr25
MOZ016,29211,EAX,Sullivan,Sullivan,bp16ap26 bp18mr25
MOZ017,29001,EAX,Adair,Adair,bp16ap26 bp18mr25
MOZ018,29103,LSX,Knox,Knox,bp16ap26 bp18mr25
MOZ019,29111,LSX,Lewis,Lewis,bp16ap26 bp18mr25
MOZ020,29021,EAX,Buchanan,Buchanan,bp16ap26 bp18mr25
MOZ021,29049,EAX,Clinton,Clinton,bp16ap26 bp18mr25
MOZ022,29025,EAX,Caldwell,Caldwell,bp16ap26 bp18mr25
MOZ023,29117,EAX,Livingston,Livingston,bp16ap26 bp18mr25
MOZ024,29115,EAX,Linn,Linn,bp16ap26 bp18mr25
MOZ025,29121,EAX,Macon,Macon,bp16ap26 bp18mr25
MOZ026,29205,LSX,Shelby,Shelby,bp16ap26 bp18mr25
MOZ027,29127,LSX,Marion,Marion,bp16ap26 bp18mr25
MOZ028,29165,EAX,Platte,Platte,bp16ap26 bp18mr25
MOZ029,29047,EAX,Clay,Clay,bp16ap26 bp18mr25
MOZ030,29177,EAX,Ray,Ray,bp16ap26 bp18mr25
MOZ031,29033,EAX,Carroll,Carroll,bp16ap26 bp18mr25
MOZ032,29041,EAX,Chariton,Chariton,bp16ap26 bp18mr25
MOZ033,29175,EAX,Randolph,Randolph,bp16ap26 bp18mr25
MOZ034,29137,LSX,Monroe,Monroe,bp16ap26 bp18mr25
MOZ035,29173,LSX,Ralls,Ralls,bp16ap26 bp18mr25
MOZ036,29163,LSX,Pike,Pike,bp16ap26 bp18mr25
MOZ037,29095,EAX,Jackson,Jackson,bp16ap26 bp18mr25
MOZ038,29107,EAX,Lafayette,Lafayette,bp16ap26 bp18mr25
MOZ039,29195,EAX,Saline,Saline,bp16ap26 bp18mr25
MOZ040,29089,EAX,Howard,Howard,bp16ap26 bp18mr25
MOZ041,29019,LSX,Boone,Boone,bp16ap26 bp18mr25
MOZ042,29007,LSX,Audrain,Audrain,bp16ap26 bp18mr25
MOZ043,29037,EAX,Cass,Cass,bp16ap26 bp18mr25
MOZ044,29101,EAX,Johnson,Johnson,bp16ap26 bp18mr25
MOZ045,29159,EAX,Pettis,Pettis,bp16ap26 bp18mr25
MOZ046,29053,EAX,Cooper,Cooper,bp16ap26 bp18mr25
MOZ047,29135,LSX,Moniteau,Moniteau,bp16ap26 bp18mr25
MOZ048,29051,LSX,Cole,Cole,bp16ap26 bp18mr25
MOZ049,29151,LSX,Osage,Osage,bp16ap26 bp18mr25
MOZ050,29027,LSX,Callaway,Callaway,bp16ap26 bp18mr25
MOZ051,29139,LSX,Montgomery,Montgomery,bp16ap26 bp18mr25
MOZ052,29113,LSX,Lincoln,Lincoln,bp16ap26 bp18mr25
MOZ053,29013,EAX,Bates,Bates,bp16ap26 bp18mr25
MOZ054,29083,EAX,Henry,Henry,bp16ap26 bp18mr25
MOZ055,29015,SGF,Benton,Benton,bp16ap26 bp18mr25
MOZ056,29141,SGF,Morgan,Morgan,bp16ap26 bp18mr25
MOZ057,29131,SGF,Miller,Miller,bp16ap26 bp18mr25
MOZ058,29125,SGF,Maries,Maries,bp16ap26 bp18mr25
MOZ059,29073,LSX,Gasconade,Gasconade,bp16ap26 bp18mr25
MOZ060,29219,LSX,Warren,Warren,bp16ap26 bp18mr25
MOZ061,29183,LSX,St. Charles,St. Charles,bp16ap26 bp18mr25
MOZ062,29071,LSX,Franklin,Franklin,bp16ap26 bp18mr25
MOZ063,29189,LSX,St. Louis,St. Louis,bp16ap26 bp18mr25
MOZ064,29510,LSX,St. Louis City,St. Louis City,bp16ap26 bp18mr25
MOZ065,29099,LSX,Jefferson,Jefferson,bp16ap26 bp18mr25
MOZ066,29217,SGF,Vernon,Vernon,bp16ap26 bp18mr25
MOZ067,29185,SGF,St. Clair,St. Clair,bp16ap26 bp18mr25
MOZ068,29085,SGF,Hickory,Hickory,bp16ap26 bp18mr25
MOZ069,29029,SGF,Camden,Camden,bp16ap26 bp18mr25
MOZ070,29169,SGF,Pulaski,Pulaski,bp16ap26 bp18mr25
MOZ071,29161,SGF,Phelps,Phelps,bp16ap26 bp18mr25
MOZ072,29055,LSX,Crawford,Crawford,bp16ap26 bp18mr25
MOZ073,29221,LSX,Washington,Washington,bp16ap26 bp18mr25
MOZ074,29187,LSX,St. Francois,St. Francois,bp16ap26 bp18mr25
MOZ075,29186,LSX,Ste. Genevieve,Ste. Genevieve,bp16ap26 bp18mr25
MOZ076,29157,PAH,Perry,Perry,bp16ap26 bp18mr25
MOZ077,29011,SGF,Barton,Barton,bp16ap26 bp18mr25
MOZ078,29039,SGF,Cedar,Cedar,bp16ap26 bp18mr25
MOZ079,29167,SGF,Polk,Polk,bp16ap26 bp18mr25
MOZ080,29059,SGF,Dallas,Dallas,bp16ap26 bp18mr25
MOZ081,29105,SGF,Laclede,Laclede,bp16ap26 bp18mr25
MOZ082,29215,SGF,Texas,Texas,bp16ap26 bp18mr25
MOZ083,29065,SGF,Dent,Dent,bp16ap26 bp18mr25
MOZ084,29093,LSX,Iron,Iron,bp16ap26 bp18mr25
MOZ085,29123,LSX,Madison,Madison,bp16ap26 bp18mr25
MOZ086,29017,PAH,Bollinger,Bollinger,bp16ap26 bp18mr25
MOZ087,29031,PAH,Cape Girardeau,Cape Girardeau,bp16ap26 bp18mr25
MOZ088,29097,SGF,Jasper,Jasper,bp16ap26 bp18mr25
MOZ089,29057,SGF,Dade,Dade,bp16ap26 bp18mr25
MOZ090,29077,SGF,Greene,Greene,bp16ap26 bp18mr25
MOZ091,29225,SGF,Webster,Webster,bp16ap26 bp18mr25
MOZ092,29229,SGF,Wright,Wright,bp16ap26 bp18mr25
MOZ093,29145,SGF,Newton,Newton,bp16ap26 bp18mr25
MOZ094,29109,SGF,Lawrence,Lawrence,bp16ap26 bp18mr25
MOZ095,29043,SGF,Christian,Christian,bp16ap26 bp18mr25
MOZ096,29067,SGF,Douglas,Douglas,bp16ap26 bp18mr25
MOZ097,29091,SGF,Howell,Howell,bp16ap26 bp18mr25
MOZ098,29203,SGF,Shannon,Shannon,bp16ap26 bp18mr25
MOZ099,29179,LSX,Reynolds,Reynolds,bp16ap26 bp18mr25
MOZ100,29223,PAH,Wayne,Wayne,bp16ap26 bp18mr25
MOZ101,29119,SGF,McDonald,McDonald,bp16ap26 bp18mr25
MOZ102,29009,SGF,Barry,Barry,bp16ap26 bp18mr25
MOZ103,29209,SGF,Stone,Stone,bp16ap26 bp18mr25
MOZ104,29213,SGF,Taney,Taney,bp16ap26 bp18mr25
MOZ105,29153,SGF,Ozark,Ozark,bp16ap26 bp18mr25
MOZ106,29149,SGF,Oregon,Oregon,bp16ap26 bp18mr25
MOZ107,29035,PAH,Carter,Carter,bp16ap26 bp18mr25
MOZ108,29181,PAH,Ripley,Ripley,bp16ap26 bp18mr25
MOZ109,29023,PAH,Butler,Butler,bp16ap26 bp18mr25
MOZ110,29207,PAH,Stoddard,Stoddard,bp16ap26 bp18mr25
MOZ111,29201,PAH,Scott,Scott,bp16ap26 bp18mr25
MOZ112,29133,PAH,Mississippi,Mississippi,bp16ap26 bp18mr25
MOZ113,29069,MEG,Dunklin,Dunklin,bp16ap26 bp18mr25
MOZ114,29143,PAH,New Madrid,New Madrid,bp16ap26 bp18mr25
MOZ115,29155,MEG,Pemiscot,Pemiscot,bp16ap26 bp18mr25
MPZ001,69100,GUM,Rota,Rota,bp16ap26 bp18mr25
MPZ002,69120,GUM,Tinian,Tinian,bp16ap26 bp18mr25
MPZ003,69110,GUM,Saipan,Saipan,bp16ap26 bp18mr25
MPZ004,69085,GUM,Anatahan,Anatahan,bp16ap26 bp18mr25
MPZ005,69085,GUM,Alamagan,Alamagan,bp16ap26 bp18mr25
MPZ006,69085,GUM,Pagan,Pagan,bp16ap26 bp18mr25
MPZ007,69085,GUM,Agrihan,Agrihan,bp16ap26 bp18mr25
MSZ001,28033,MEG,DeSoto,DeSoto,bp16ap26 bp18mr25
MSZ002,28093,MEG,Marshall,Marshall,bp16ap26 bp18mr25
MSZ003,28009,MEG,Benton,Benton,bp16ap26 bp18mr25
MSZ004,28139,MEG,Tippah,Tippah,bp16ap26 bp18mr25
MSZ005,28003,MEG,Alcorn,Alcorn,bp16ap26 bp18mr25
MSZ006,28141,MEG,Tishomingo,Tishomingo,bp16ap26 bp18mr25
MSZ007,28143,MEG,Tunica,Tunica,bp16ap26 bp18mr25
MSZ008,28137,MEG,Tate,Tate,bp16ap26 bp18mr25
MSZ009,28117,MEG,Prentiss,Prentiss,bp16ap26 bp18mr25
MSZ010,28027,MEG,Coahoma,Coahoma,bp16ap26 bp18mr25
MSZ011,28119,MEG,Quitman,Quitman,bp16ap26 bp18mr25
MSZ012,28107,MEG,Panola,Panola,bp16ap26 bp18mr25
MSZ013,28071,MEG,Lafayette,Lafayette,bp16ap26 bp18mr25
MSZ014,28145,MEG,Union,Union,bp16ap26 bp18mr25
MSZ015,28115,MEG,Pontotoc,Pontotoc,bp16ap26 bp18mr25
MSZ016,28081,MEG,Lee,Lee,bp16ap26 bp18mr25
MSZ017,28057,MEG,Itawamba,Itawamba,bp16ap26 bp18mr25
MSZ018,28011,JAN,Bolivar,Bolivar,bp16ap26 bp18mr25
MSZ019,28133,JAN,Sunflower,Sunflower,bp16ap26 bp18mr25
MSZ020,28135,MEG,Tallahatchie,Tallahatchie,bp16ap26 bp18mr25
MSZ021,28161,MEG,Yalobusha,Yalobusha,bp16ap26 bp18mr25
MSZ022,28013,MEG,Calhoun,Calhoun,bp16ap26 bp18mr25
MSZ023,28017,MEG,Chickasaw,Chickasaw,bp16ap26 bp18mr25
MSZ024,28095,MEG,Monroe,Monroe,bp16ap26 bp18mr25
MSZ025,28083,JAN,Leflore,Leflore,bp16ap26 bp18mr25
MSZ026,28043,JAN,Grenada,Grenada,bp16ap26 bp18mr25
MSZ027,28015,JAN,Carroll,Carroll,bp16ap26 bp18mr25
MSZ028,28097,JAN,Montgomery,Montgomery,bp16ap26 bp18mr25
MSZ029,28155,JAN,Webster,Webster,bp16ap26 bp18mr25
MSZ030,28025,JAN,Clay,Clay,bp16ap26 bp18mr25
MSZ031,28087,JAN,Lowndes,Lowndes,bp16ap26 bp18mr25
MSZ032,28019,JAN,Choctaw,Choctaw,bp16ap26 bp18mr25
MSZ033,28105,JAN,Oktibbeha,Oktibbeha,bp16ap26 bp18mr25
MSZ034,28151,JAN,Washington,Washington,bp16ap26 bp18mr25
MSZ035,28053,JAN,Humphreys,Humphreys,bp16ap26 bp18mr25
MSZ036,28051,JAN,Holmes,Holmes,bp16ap26 bp18mr25
MSZ037,28007,JAN,Attala,Attala,bp16ap26 bp18mr25
MSZ038,28159,JAN,Winston,Winston,bp16ap26 bp18mr25
MSZ039,28103,JAN,Noxubee,Noxubee,bp16ap26 bp18mr25
MSZ040,28055,JAN,Issaquena,Issaquena,bp16ap26 bp18mr25
MSZ041,28125,JAN,Sharkey,Sharkey,bp16ap26 bp18mr25
MSZ042,28163,JAN,Yazoo,Yazoo,bp16ap26 bp18mr25
MSZ043,28089,JAN,Madison,Madison,bp16ap26 bp18mr25
MSZ044,28079,JAN,Leake,Leake,bp16ap26 bp18mr25
MSZ045,28099,JAN,Neshoba,Neshoba,bp16ap26 bp18mr25
MSZ046,28069,JAN,Kemper,Kemper,bp16ap26 bp18mr25
MSZ047,28149,JAN,Warren,Warren,bp16ap26 bp18mr25
MSZ048,28049,JAN,Hinds,Hinds,bp16ap26 bp18mr25
MSZ049,28121,JAN,Rankin,Rankin,bp16ap26 bp18mr25
MSZ050,28123,JAN,Scott,Scott,bp16ap26 bp18mr25
MSZ051,28101,JAN,Newton,Newton,bp16ap26 bp18mr25
MSZ052,28075,JAN,Lauderdale,Lauderdale,bp16ap26 bp18mr25
MSZ053,28021,JAN,Claiborne,Claiborne,bp16ap26 bp18mr25
MSZ054,28029,JAN,Copiah,Copiah,bp16ap26 bp18mr25
MSZ055,28127,JAN,Simpson,Simpson,bp16ap26 bp18mr25
MSZ056,28129,JAN,Smith,Smith,bp16ap26 bp18mr25
MSZ057,28061,JAN,Jasper,Jasper,bp16ap26 bp18mr25
MSZ058,28023,JAN,Clarke,Clarke,bp16ap26 bp18mr25
MSZ059,28063,JAN,Jefferson,Jefferson,bp16ap26 bp18mr25
MSZ060,28001,JAN,Adams,Adams,bp16ap26 bp18mr25
MSZ061,28037,JAN,Franklin,Franklin,bp16ap26 bp18mr25
MSZ062,28085,JAN,Lincoln,Lincoln,bp16ap26 bp18mr25
MSZ063,28077,JAN,Lawrence,Lawrence,bp16ap26 bp18mr25
MSZ064,28065,JAN,Jefferson Davis,Jefferson Davis,bp16ap26 bp18mr25
MSZ065,28031,JAN,Covington,Covington,bp16ap26 bp18mr25
MSZ066,28067,JAN,Jones,Jones,bp16ap26 bp18mr25
MSZ067,28153,MOB,Wayne,Wayne,bp16ap26 bp18mr25
MSZ068,28157,LIX,Wilkinson,Wilkinson,bp16ap26 bp18mr25
MSZ069,28005,LIX,Amite,Amite,bp16ap26 bp18mr25
MSZ070,28113,LIX,Pike,Pike,bp16ap26 bp18mr25
MSZ071,28147,LIX,Walthall,Walthall,bp16ap26 bp18mr25
MSZ072,28091,JAN,Marion,Marion,bp16ap26 bp18mr25
MSZ073,28073,JAN,Lamar,Lamar,bp16ap26 bp18mr25
MSZ074,28035,JAN,Forrest,Forrest,bp16ap26 bp18mr25
MSZ075,28111,MOB,Perry,Perry,bp16ap26 bp18mr25
MSZ076,28041,MOB,Greene,Greene,bp16ap26 bp18mr25
MSZ077,28109,LIX,Pearl River,Pearl River,bp16ap26 bp18mr25
MSZ078,28131,MOB,Stone,Stone,bp16ap26 bp18mr25
MSZ079,28039,MOB,George,George,bp16ap26 bp18mr25
MSZ083,28045,LIX,Northern Hancock,Hancock,bp16ap26 bp18mr25
MSZ084,28047,LIX,Northern Harrison,Harrison,bp16ap26 bp18mr25
MSZ085,28059,LIX,Northern Jackson,Jackson,bp16ap26 bp18mr25
MSZ086,28045,LIX,Southern Hancock,Hancock,bp16ap26 bp18mr25
MSZ087,28047,LIX,Southern Harrison,Harrison,bp16ap26 bp18mr25
MSZ088,28059,LIX,Southern Jackson,Jackson,bp16ap26 bp18mr25
MTZ001,30029,MSO,Kootenai/Cabinet Region,Flathead,bp16ap26 bp18mr25
MTZ001,30053,MSO,Kootenai/Cabinet Region,Lincoln,bp16ap26 bp18mr25
MTZ001,30089,MSO,Kootenai/Cabinet Region,Sanders,bp16ap26 bp18mr25
MTZ002,30029,MSO,West Glacier/Bob Marshall Region,Flathead,bp16ap26 bp18mr25
MTZ002,30047,MSO,West Glacier/Bob Marshall Region,Lake,bp16ap26 bp18mr25
MTZ003,30029,MSO,Flathead/Mission Valleys,Flathead,bp16ap26 bp18mr25
MTZ003,30047,MSO,Flathead/Mission Valleys,Lake,bp16ap26 bp18mr25
MTZ003,30089,MSO,Flathead/Mission Valleys,Sanders,bp16ap26 bp18mr25
MTZ004,30061,MSO,Lower Clark Fork Region,Mineral,bp16ap26 bp18mr25
MTZ004,30063,MSO,Lower Clark Fork Region,Missoula,bp16ap26 bp18mr25
MTZ004,30089,MSO,Lower Clark Fork Region,Sanders,bp16ap26 bp18mr25
MTZ005,30063,MSO,Missoula/Bitterroot Valleys,Missoula,bp16ap26 bp18mr25
MTZ005,30081,MSO,Missoula/Bitterroot Valleys,Ravalli,bp16ap26 bp18mr25
MTZ006,30039,MSO,Bitterroot/Sapphire Mountains,Granite,bp16ap26 bp18mr25
MTZ006,30063,MSO,Bitterroot/Sapphire Mountains,Missoula,bp16ap26 bp18mr25
MTZ006,30081,MSO,Bitterroot/Sapphire Mountains,Ravalli,bp16ap26 bp18mr25
MTZ007,30023,MSO,Butte/Pintlar Region,Deer Lodge,bp16ap26 bp18mr25
MTZ007,30039,MSO,Butte/Pintlar Region,Granite,bp16ap26 bp18mr25
MTZ007,30077,MSO,Butte/Pintlar Region,Powell,bp16ap26 bp18mr25
MTZ007,30093,MSO,Butte/Pintlar Region,Silver Bow,bp16ap26 bp18mr25
MTZ016,30071,GGW,Central and Southeast Phillips,Phillips,bp16ap26 bp18mr25
MTZ017,30105,GGW,Central and Southern Valley,Valley,bp16ap26 bp18mr25
MTZ018,30019,GGW,Daniels,Daniels,bp16ap26 bp18mr25
MTZ019,30091,GGW,Sheridan,Sheridan,bp16ap26 bp18mr25
MTZ020,30085,GGW,Western Roosevelt,Roosevelt,bp16ap26 bp18mr25
MTZ021,30069,GGW,Petroleum,Petroleum,bp16ap26 bp18mr25
MTZ022,30033,GGW,Garfield,Garfield,bp16ap26 bp18mr25
MTZ023,30055,GGW,McCone,McCone,bp16ap26 bp18mr25
MTZ024,30083,GGW,Richland,Richland,bp16ap26 bp18mr25
MTZ025,30021,GGW,Dawson,Dawson,bp16ap26 bp18mr25
MTZ026,30079,GGW,Prairie,Prairie,bp16ap26 bp18mr25
MTZ027,30109,GGW,Wibaux,Wibaux,bp16ap26 bp18mr25
MTZ029,30065,BYZ,Musselshell,Musselshell,bp16ap26 bp18mr25
MTZ030,30103,BYZ,Treasure,Treasure,bp16ap26 bp18mr25
MTZ031,30087,BYZ,Northern Rosebud,Rosebud,bp16ap26 bp18mr25
MTZ032,30017,BYZ,Custer,Custer,bp16ap26 bp18mr25
MTZ033,30025,BYZ,Fallon,Fallon,bp16ap26 bp18mr25
MTZ034,30095,BYZ,Northern Stillwater,Stillwater,bp16ap26 bp18mr25
MTZ036,30075,BYZ,Powder River,Powder River,bp16ap26 bp18mr25
MTZ037,30011,BYZ,Carter,Carter,bp16ap26 bp18mr25
MTZ040,30067,BYZ,Northern Park,Park,bp16ap26 bp18mr25
MTZ042,30037,BYZ,Golden Valley,Golden Valley,bp16ap26 bp18mr25
MTZ043,30039,MSO,Blackfoot Region,Granite,bp16ap26 bp18mr25
MTZ043,30047,MSO,Blackfoot Region,Lake,bp16ap26 bp18mr25
MTZ043,30063,MSO,Blackfoot Region,Missoula,bp16ap26 bp18mr25
MTZ043,30077,MSO,Blackfoot Region,Powell,bp16ap26 bp18mr25
MTZ056,30009,BYZ,Red Lodge Foothills,Carbon,bp16ap26 bp18mr25
MTZ057,30003,BYZ,Northern Big Horn,Big Horn,bp16ap26 bp18mr25
MTZ058,30087,BYZ,Southern Rosebud,Rosebud,bp16ap26 bp18mr25
MTZ059,30071,GGW,Northern Phillips,Phillips,bp16ap26 bp18mr25
MTZ060,30071,GGW,Southwest Phillips,Phillips,bp16ap26 bp18mr25
MTZ061,30105,GGW,Northern Valley,Valley,bp16ap26 bp18mr25
MTZ062,30085,GGW,Eastern Roosevelt,Roosevelt,bp16ap26 bp18mr25
MTZ063,30037,BYZ,Judith Gap,Golden Valley,bp16ap26 bp18mr25
MTZ063,30107,BYZ,Judith Gap,Wheatland,bp16ap26 bp18mr25
MTZ064,30067,BYZ,Paradise Valley,Park,bp16ap26 bp18mr25
MTZ065,30067,BYZ,Livingston Area,Park,bp16ap26 bp18mr25
MTZ066,30095,BYZ,Beartooth Foothills,Stillwater,bp16ap26 bp18mr25
MTZ066,30097,BYZ,Beartooth Foothills,Sweet Grass,bp16ap26 bp18mr25
MTZ067,30009,BYZ,Absaroka/Beartooth Mountains,Carbon,bp16ap26 bp18mr25
MTZ067,30067,BYZ,Absaroka/Beartooth Mountains,Park,bp16ap26 bp18mr25
MTZ067,30095,BYZ,Absaroka/Beartooth Mountains,Stillwater,bp16ap26 bp18mr25
MTZ067,30097,BYZ,Absaroka/Beartooth Mountains,Sweet Grass,bp16ap26 bp18mr25
MTZ068,30067,BYZ,Crazy Mountains,Park,bp16ap26 bp18mr25
MTZ068,30097,BYZ,Crazy Mountains,Sweet Grass,bp16ap26 bp18mr25
MTZ068,30107,BYZ,Crazy Mountains,Wheatland,bp16ap26 bp18mr25
MTZ138,30003,BYZ,Southern Big Horn,Big Horn,bp16ap26 bp18mr25
MTZ139,30003,BYZ,Southeastern Carbon,Big Horn,bp16ap26 bp18mr25
MTZ139,30009,BYZ,Southeastern Carbon,Carbon,bp16ap26 bp18mr25
MTZ141,30097,BYZ,Northern Sweet Grass,Sweet Grass,bp16ap26 bp18mr25
MTZ169,30003,BYZ,Bighorn Canyon,Big Horn,bp16ap26 bp18mr25
MTZ169,30009,BYZ,Bighorn Canyon,Carbon,bp16ap26 bp18mr25
MTZ170,30009,BYZ,Northern Carbon,Carbon,bp16ap26 bp18mr25
MTZ171,30003,BYZ,Pryor/Northern Bighorn Mountains,Big Horn,bp16ap26 bp18mr25
MTZ171,30009,BYZ,Pryor/Northern Bighorn Mountains,Carbon,bp16ap26 bp18mr25
MTZ172,30097,BYZ,Melville Foothills,Sweet Grass,bp16ap26 bp18mr25
MTZ172,30107,BYZ,Melville Foothills,Wheatland,bp16ap26 bp18mr25
MTZ173,30111,BYZ,Northeastern Yellowstone,Yellowstone,bp16ap26 bp18mr25
MTZ228,30107,BYZ,Southern Wheatland,Wheatland,bp16ap26 bp18mr25
MTZ235,30111,BYZ,Southwestern Yellowstone,Yellowstone,bp16ap26 bp18mr25
MTZ301,30035,TFX,East Glacier Park Region,Glacier,bp16ap26 bp18mr25
MTZ301,30073,TFX,East Glacier Park Region,Pondera,bp16ap26 bp18mr25
MTZ302,30035,TFX,Northern High Plains,Glacier,bp16ap26 bp18mr25
MTZ302,30073,TFX,Northern High Plains,Pondera,bp16ap26 bp18mr25
MTZ303,30035,TFX,"Eastern Glacier, Western Toole, and Central Pondera",Glacier,bp16ap26 bp18mr25
MTZ303,30073,TFX,"Eastern Glacier, Western Toole, and Central Pondera",Pondera,bp16ap26 bp18mr25
MTZ303,30101,TFX,"Eastern Glacier, Western Toole, and Central Pondera",Toole,bp16ap26 bp18mr25
MTZ304,30051,TFX,Eastern Toole and Liberty,Liberty,bp16ap26 bp18mr25
MTZ304,30101,TFX,Eastern Toole and Liberty,Toole,bp16ap26 bp18mr25
MTZ305,30041,TFX,Hill County,Hill,bp16ap26 bp18mr25
MTZ306,30005,TFX,Northern Blaine County,Blaine,bp16ap26 bp18mr25
MTZ307,30049,TFX,Southern Rocky Mountain Front,Lewis and Clark,bp16ap26 bp18mr25
MTZ307,30099,TFX,Southern Rocky Mountain Front,Teton,bp16ap26 bp18mr25
MTZ308,30049,TFX,Southern High Plains,Lewis and Clark,bp16ap26 bp18mr25
MTZ308,30099,TFX,Southern High Plains,Teton,bp16ap26 bp18mr25
MTZ309,30073,TFX,Eastern Pondera and Eastern Teton,Pondera,bp16ap26 bp18mr25
MTZ309,30099,TFX,Eastern Pondera and Eastern Teton,Teton,bp16ap26 bp18mr25
MTZ310,30015,TFX,Western and Central Chouteau County,Chouteau,bp16ap26 bp18mr25
MTZ311,30005,TFX,Bears Paw Mountains and Southern Blaine,Blaine,bp16ap26 bp18mr25
MTZ311,30015,TFX,Bears Paw Mountains and Southern Blaine,Chouteau,bp16ap26 bp18mr25
MTZ311,30041,TFX,Bears Paw Mountains and Southern Blaine,Hill,bp16ap26 bp18mr25
MTZ312,30013,TFX,Cascade County below 5000ft,Cascade,bp16ap26 bp18mr25
MTZ313,30027,TFX,Judith Basin County and Judith Gap,Fergus,bp16ap26 bp18mr25
MTZ313,30045,TFX,Judith Basin County and Judith Gap,Judith Basin,bp16ap26 bp18mr25
MTZ314,30027,TFX,Fergus County below 4500ft,Fergus,bp16ap26 bp18mr25
MTZ315,30049,TFX,Upper Blackfoot and MacDonald Pass,Lewis and Clark,bp16ap26 bp18mr25
MTZ316,30013,TFX,Gates of the Mountains,Cascade,bp16ap26 bp18mr25
MTZ316,30049,TFX,Gates of the Mountains,Lewis and Clark,bp16ap26 bp18mr25
MTZ317,30013,TFX,Little Belt and Highwood Mountains,Cascade,bp16ap26 bp18mr25
MTZ317,30015,TFX,Little Belt and Highwood Mountains,Chouteau,bp16ap26 bp18mr25
MTZ317,30045,TFX,Little Belt and Highwood Mountains,Judith Basin,bp16ap26 bp18mr25
MTZ317,30059,TFX,Little Belt and Highwood Mountains,Meagher,bp16ap26 bp18mr25
MTZ318,30027,TFX,Snowy and Judith Mountains,Fergus,bp16ap26 bp18mr25
MTZ319,30049,TFX,Helena Valley,Lewis and Clark,bp16ap26 bp18mr25
MTZ320,30007,TFX,"Big Belt, Bridger and Castle Mountains",Broadwater,bp16ap26 bp18mr25
MTZ320,30031,TFX,"Big Belt, Bridger and Castle Mountains",Gallatin,bp16ap26 bp18mr25
MTZ320,30049,TFX,"Big Belt, Bridger and Castle Mountains",Lewis and Clark,bp16ap26 bp18mr25
MTZ320,30059,TFX,"Big Belt, Bridger and Castle Mountains",Meagher,bp16ap26 bp18mr25
MTZ321,30059,TFX,Meagher County Valleys,Meagher,bp16ap26 bp18mr25
MTZ322,30007,TFX,Elkhorn and Boulder Mountains,Broadwater,bp16ap26 bp18mr25
MTZ322,30043,TFX,Elkhorn and Boulder Mountains,Jefferson,bp16ap26 bp18mr25
MTZ323,30007,TFX,Canyon Ferry Area,Broadwater,bp16ap26 bp18mr25
MTZ323,30049,TFX,Canyon Ferry Area,Lewis and Clark,bp16ap26 bp18mr25
MTZ324,30031,TFX,Missouri Headwaters,Gallatin,bp16ap26 bp18mr25
MTZ324,30043,TFX,Missouri Headwaters,Jefferson,bp16ap26 bp18mr25
MTZ324,30057,TFX,Missouri Headwaters,Madison,bp16ap26 bp18mr25
MTZ325,30057,TFX,Madison River Valley,Madison,bp16ap26 bp18mr25
MTZ326,30031,TFX,Gallatin Valley,Gallatin,bp16ap26 bp18mr25
MTZ327,30001,TFX,Northwest Beaverhead County,Beaverhead,bp16ap26 bp18mr25
MTZ328,30001,TFX,Beaverhead and Western Madison below 6000ft,Beaverhead,bp16ap26 bp18mr25
MTZ328,30057,TFX,Beaverhead and Western Madison below 6000ft,Madison,bp16ap26 bp18mr25
MTZ329,30001,TFX,Ruby Mountains and Southern Beaverhead Mountains,Beaverhead,bp16ap26 bp18mr25
MTZ329,30057,TFX,Ruby Mountains and Southern Beaverhead Mountains,Madison,bp16ap26 bp18mr25
MTZ330,30001,TFX,Gallatin and Madison County Mountains and Centennial Mountains,Beaverhead,bp16ap26 bp18mr25
MTZ330,30031,TFX,Gallatin and Madison County Mountains and Centennial Mountains,Gallatin,bp16ap26 bp18mr25
MTZ330,30057,TFX,Gallatin and Madison County Mountains and Centennial Mountains,Madison,bp16ap26 bp18mr25
NCZ001,37009,RNK,Ashe,Ashe,bp16ap26 bp18mr25
NCZ002,37005,RNK,Alleghany,Alleghany,bp16ap26 bp18mr25
NCZ003,37171,RNK,Surry,Surry,bp16ap26 bp18mr25
NCZ004,37169,RNK,Stokes,Stokes,bp16ap26 bp18mr25
NCZ005,37157,RNK,Rockingham,Rockingham,bp16ap26 bp18mr25
NCZ006,37033,RNK,Caswell,Caswell,bp16ap26 bp18mr25
NCZ007,37145,RAH,Person,Person,bp16ap26 bp18mr25
NCZ008,37077,RAH,Granville,Granville,bp16ap26 bp18mr25
NCZ009,37181,RAH,Vance,Vance,bp16ap26 bp18mr25
NCZ010,37185,RAH,Warren,Warren,bp16ap26 bp18mr25
NCZ011,37083,RAH,Halifax,Halifax,bp16ap26 bp18mr25
NCZ012,37131,AKQ,Northampton,Northampton,bp16ap26 bp18mr25
NCZ013,37091,AKQ,Hertford,Hertford,bp16ap26 bp18mr25
NCZ014,37073,AKQ,Gates,Gates,bp16ap26 bp18mr25
NCZ015,37139,AKQ,Pasquotank,Pasquotank,bp16ap26 bp18mr25
NCZ016,37029,AKQ,Camden,Camden,bp16ap26 bp18mr25
NCZ017,37053,AKQ,Western Currituck,Currituck,bp16ap26 bp18mr25
NCZ018,37189,RNK,Watauga,Watauga,bp16ap26 bp18mr25
NCZ019,37193,RNK,Wilkes,Wilkes,bp16ap26 bp18mr25
NCZ020,37197,RNK,Yadkin,Yadkin,bp16ap26 bp18mr25
NCZ021,37067,RAH,Forsyth,Forsyth,bp16ap26 bp18mr25
NCZ022,37081,RAH,Guilford,Guilford,bp16ap26 bp18mr25
NCZ023,37001,RAH,Alamance,Alamance,bp16ap26 bp18mr25
NCZ024,37135,RAH,Orange,Orange,bp16ap26 bp18mr25
NCZ025,37063,RAH,Durham,Durham,bp16ap26 bp18mr25
NCZ026,37069,RAH,Franklin,Franklin,bp16ap26 bp18mr25
NCZ027,37127,RAH,Nash,Nash,bp16ap26 bp18mr25
NCZ028,37065,RAH,Edgecombe,Edgecombe,bp16ap26 bp18mr25
NCZ029,37117,MHX,Martin,Martin,bp16ap26 bp18mr25
NCZ030,37015,AKQ,Bertie,Bertie,bp16ap26 bp18mr25
NCZ031,37041,AKQ,Chowan,Chowan,bp16ap26 bp18mr25
NCZ032,37143,AKQ,Perquimans,Perquimans,bp16ap26 bp18mr25
NCZ033,37011,GSP,Avery,Avery,bp16ap26 bp18mr25
NCZ035,37003,GSP,Alexander,Alexander,bp16ap26 bp18mr25
NCZ036,37097,GSP,Iredell,Iredell,bp16ap26 bp18mr25
NCZ037,37059,GSP,Davie,Davie,bp16ap26 bp18mr25
NCZ038,37057,RAH,Davidson,Davidson,bp16ap26 bp18mr25
NCZ039,37151,RAH,Randolph,Randolph,bp16ap26 bp18mr25
NCZ040,37037,RAH,Chatham,Chatham,bp16ap26 bp18mr25
NCZ041,37183,RAH,Wake,Wake,bp16ap26 bp18mr25
NCZ042,37101,RAH,Johnston,Johnston,bp16ap26 bp18mr25
NCZ043,37195,RAH,Wilson,Wilson,bp16ap26 bp18mr25
NCZ044,37147,MHX,Pitt,Pitt,bp16ap26 bp18mr25
NCZ045,37187,MHX,Washington,Washington,bp16ap26 bp18mr25
NCZ046,37177,MHX,Tyrrell,Tyrrell,bp16ap26 bp18mr25
NCZ047,37055,MHX,Mainland Dare,Dare,bp16ap26 bp18mr25
NCZ048,37115,GSP,Madison,Madison,bp16ap26 bp18mr25
NCZ049,37199,GSP,Yancey,Yancey,bp16ap26 bp18mr25
NCZ050,37121,GSP,Mitchell,Mitchell,bp16ap26 bp18mr25
NCZ051,37173,GSP,Swain,Swain,bp16ap26 bp18mr25
NCZ052,37087,GSP,Haywood,Haywood,bp16ap26 bp18mr25
NCZ053,37021,GSP,Buncombe,Buncombe,bp16ap26 bp18mr25
NCZ056,37035,GSP,Catawba,Catawba,bp16ap26 bp18mr25
NCZ057,37159,GSP,Rowan,Rowan,bp16ap26 bp18mr25
NCZ058,37075,GSP,Graham,Graham,bp16ap26 bp18mr25
NCZ059,37099,GSP,Northern Jackson,Jackson,bp16ap26 bp18mr25
NCZ060,37039,MRX,Cherokee,Cherokee,bp16ap26 bp18mr25
NCZ061,37043,MRX,Clay,Clay,bp16ap26 bp18mr25
NCZ062,37113,GSP,Macon,Macon,bp16ap26 bp18mr25
NCZ063,37099,GSP,Southern Jackson,Jackson,bp16ap26 bp18mr25
NCZ064,37175,GSP,Transylvania,Transylvania,bp16ap26 bp18mr25
NCZ065,37089,GSP,Henderson,Henderson,bp16ap26 bp18mr25
NCZ068,37045,GSP,Cleveland,Cleveland,bp16ap26 bp18mr25
NCZ069,37109,GSP,Lincoln,Lincoln,bp16ap26 bp18mr25
NCZ070,37071,GSP,Gaston,Gaston,bp16ap26 bp18mr25
NCZ071,37119,GSP,Mecklenburg,Mecklenburg,bp16ap26 bp18mr25
NCZ072,37025,GSP,Cabarrus,Cabarrus,bp16ap26 bp18mr25
NCZ073,37167,RAH,Stanly,Stanly,bp16ap26 bp18mr25
NCZ074,37123,RAH,Montgomery,Montgomery,bp16ap26 bp18mr25
NCZ075,37125,RAH,Moore,Moore,bp16ap26 bp18mr25
NCZ076,37105,RAH,Lee,Lee,bp16ap26 bp18mr25
NCZ077,37085,RAH,Harnett,Harnett,bp16ap26 bp18mr25
NCZ078,37191,RAH,Wayne,Wayne,bp16ap26 bp18mr25
NCZ079,37079,MHX,Greene,Greene,bp16ap26 bp18mr25
NCZ080,37013,MHX,Beaufort,Beaufort,bp16ap26 bp18mr25
NCZ081,37095,MHX,Mainland Hyde,Hyde,bp16ap26 bp18mr25
NCZ082,37179,GSP,Union,Union,bp16ap26 bp18mr25
NCZ083,37007,RAH,Anson,Anson,bp16ap26 bp18mr25
NCZ084,37153,RAH,Richmond,Richmond,bp16ap26 bp18mr25
NCZ085,37165,RAH,Scotland,Scotland,bp16ap26 bp18mr25
NCZ086,37093,RAH,Hoke,Hoke,bp16ap26 bp18mr25
NCZ087,37155,ILM,Robeson,Robeson,bp16ap26 bp18mr25
NCZ088,37051,RAH,Cumberland,Cumberland,bp16ap26 bp18mr25
NCZ089,37163,RAH,Sampson,Sampson,bp16ap26 bp18mr25
NCZ090,37061,MHX,Duplin,Duplin,bp16ap26 bp18mr25
NCZ091,37107,MHX,Lenoir,Lenoir,bp16ap26 bp18mr25
NCZ092,37103,MHX,Jones,Jones,bp16ap26 bp18mr25
NCZ094,37137,MHX,Pamlico,Pamlico,bp16ap26 bp18mr25
NCZ096,37017,ILM,Bladen,Bladen,bp16ap26 bp18mr25
NCZ099,37047,ILM,Columbus,Columbus,bp16ap26 bp18mr25
NCZ102,37053,AKQ,Eastern Currituck,Currituck,bp16ap26 bp18mr25
NCZ105,37141,ILM,Inland Pender,Pender,bp16ap26 bp18mr25
NCZ106,37141,ILM,Coastal Pender,Pender,bp16ap26 bp18mr25
NCZ107,37129,ILM,Inland New Hanover,New Hanover,bp16ap26 bp18mr25
NCZ108,37129,ILM,Coastal New Hanover,New Hanover,bp16ap26 bp18mr25
NCZ109,37019,ILM,Inland Brunswick,Brunswick,bp16ap26 bp18mr25
NCZ110,37019,ILM,Coastal Brunswick,Brunswick,bp16ap26 bp18mr25
NCZ193,37049,MHX,Northern Craven,Craven,bp16ap26 bp18mr25
NCZ194,37049,MHX,Southern Craven ,Craven,bp16ap26 bp18mr25
NCZ195,37031,MHX,West Carteret ,Carteret,bp16ap26 bp18mr25
NCZ196,37031,MHX,East Carteret ,Carteret,bp16ap26 bp18mr25
NCZ198,37133,MHX,Inland Onslow,Onslow,bp16ap26 bp18mr25
NCZ199,37133,MHX,Coastal Onslow ,Onslow,bp16ap26 bp18mr25
NCZ203,37055,MHX,Northern Outer Banks ,Dare,bp16ap26 bp18mr25
NCZ204,37095,MHX,Ocracoke Island ,Hyde,bp16ap26 bp18mr25
NCZ205,37055,MHX,Hatteras Island ,Dare,bp16ap26 bp18mr25
NCZ501,37027,GSP,Caldwell Mountains,Caldwell,bp16ap26 bp18mr25
NCZ502,37027,GSP,Greater Caldwell,Caldwell,bp16ap26 bp18mr25
NCZ503,37023,GSP,Burke Mountains,Burke,bp16ap26 bp18mr25
NCZ504,37023,GSP,Greater Burke,Burke,bp16ap26 bp18mr25
NCZ505,37111,GSP,McDowell Mountains,McDowell,bp16ap26 bp18mr25
NCZ506,37111,GSP,Eastern McDowell,McDowell,bp16ap26 bp18mr25
NCZ507,37161,GSP,Rutherford Mountains,Rutherford,bp16ap26 bp18mr25
NCZ508,37161,GSP,Greater Rutherford,Rutherford,bp16ap26 bp18mr25
NCZ509,37149,GSP,Polk Mountains,Polk,bp16ap26 bp18mr25
NCZ510,37149,GSP,Eastern Polk,Polk,bp16ap26 bp18mr25
NDZ001,38023,BIS,Divide,Divide,bp16ap26 bp18mr25
NDZ002,38013,BIS,Burke,Burke,bp16ap26 bp18mr25
NDZ003,38075,BIS,Renville,Renville,bp16ap26 bp18mr25
NDZ004,38009,BIS,Bottineau,Bottineau,bp16ap26 bp18mr25
NDZ005,38079,BIS,Rolette,Rolette,bp16ap26 bp18mr25
NDZ006,38095,FGF,Towner,Towner,bp16ap26 bp18mr25
NDZ007,38019,FGF,Cavalier,Cavalier,bp16ap26 bp18mr25
NDZ008,38067,FGF,Pembina,Pembina,bp16ap26 bp18mr25
NDZ009,38105,BIS,Williams,Williams,bp16ap26 bp18mr25
NDZ010,38061,BIS,Mountrail,Mountrail,bp16ap26 bp18mr25
NDZ011,38101,BIS,Ward,Ward,bp18mr25
NDZ012,38049,BIS,McHenry,McHenry,bp16ap26 bp18mr25
NDZ013,38069,BIS,Pierce,Pierce,bp16ap26 bp18mr25
NDZ014,38005,FGF,Benson,Benson,bp16ap26 bp18mr25
NDZ015,38071,FGF,Ramsey,Ramsey,bp16ap26 bp18mr25
NDZ016,38099,FGF,Eastern Walsh County,Walsh,bp16ap26 bp18mr25
NDZ017,38053,BIS,McKenzie,McKenzie,bp16ap26 bp18mr25
NDZ018,38025,BIS,Dunn,Dunn,bp16ap26 bp18mr25
NDZ019,38057,BIS,Mercer,Mercer,bp16ap26 bp18mr25
NDZ020,38065,BIS,Oliver,Oliver,bp16ap26 bp18mr25
NDZ021,38055,BIS,McLean,McLean,bp18mr25
NDZ022,38083,BIS,Sheridan,Sheridan,bp16ap26 bp18mr25
NDZ023,38103,BIS,Wells,Wells,bp16ap26 bp18mr25
NDZ024,38027,FGF,Eddy,Eddy,bp16ap26 bp18mr25
NDZ025,38031,BIS,Foster,Foster,bp16ap26 bp18mr25
NDZ026,38063,FGF,Nelson,Nelson,bp16ap26 bp18mr25
NDZ027,38035,FGF,Grand Forks,Grand Forks,bp16ap26 bp18mr25
NDZ028,38039,FGF,Griggs,Griggs,bp16ap26 bp18mr25
NDZ029,38091,FGF,Steele,Steele,bp16ap26 bp18mr25
NDZ030,38097,FGF,Traill,Traill,bp16ap26 bp18mr25
NDZ031,38033,BIS,Golden Valley,Golden Valley,bp16ap26 bp18mr25
NDZ032,38007,BIS,Billings,Billings,bp16ap26 bp18mr25
NDZ033,38089,BIS,Stark,Stark,bp16ap26 bp18mr25
NDZ034,38059,BIS,Morton,Morton,bp18mr25
NDZ035,38015,BIS,Burleigh,Burleigh,bp16ap26 bp18mr25
NDZ036,38043,BIS,Kidder,Kidder,bp16ap26 bp18mr25
NDZ037,38093,BIS,Stutsman,Stutsman,bp16ap26 bp18mr25
NDZ038,38003,FGF,Barnes,Barnes,bp16ap26 bp18mr25
NDZ039,38017,FGF,Cass,Cass,bp16ap26 bp18mr25
NDZ040,38087,BIS,Slope,Slope,bp16ap26 bp18mr25
NDZ041,38041,BIS,Hettinger,Hettinger,bp16ap26 bp18mr25
NDZ042,38037,BIS,Grant,Grant,bp16ap26 bp18mr25
NDZ043,38011,BIS,Bowman,Bowman,bp16ap26 bp18mr25
NDZ044,38001,BIS,Adams,Adams,bp16ap26 bp18mr25
NDZ045,38085,BIS,Sioux,Sioux,bp18mr25
NDZ046,38029,BIS,Emmons,Emmons,bp16ap26 bp18mr25
NDZ047,38047,BIS,Logan,Logan,bp16ap26 bp18mr25
NDZ048,38045,BIS,La Moure,LaMoure,bp16ap26 bp18mr25
NDZ049,38073,FGF,Ransom,Ransom,bp16ap26 bp18mr25
NDZ050,38051,BIS,McIntosh,McIntosh,bp16ap26 bp18mr25
NDZ051,38021,BIS,Dickey,Dickey,bp16ap26 bp18mr25
NDZ052,38081,FGF,Sargent,Sargent,bp16ap26 bp18mr25
NDZ053,38077,FGF,Richland,Richland,bp16ap26 bp18mr25
NDZ054,38099,FGF,Western Walsh County,Walsh,bp16ap26 bp18mr25
NDZ055,38101,BIS,Northwest Ward,Ward,bp16ap26
NDZ056,38101,BIS,Central and Southern Ward/Minot Area,Ward,bp16ap26
NDZ057,38055,BIS,Western McLean,McLean,bp16ap26
NDZ058,38055,BIS,Eastern McLean,McLean,bp16ap26
NDZ059,38059,BIS,Western Morton,Morton,bp16ap26
NDZ060,38059,BIS,Eastern Morton,Morton,bp16ap26
NDZ061,38085,BIS,Western Sioux,Sioux,bp16ap26
NDZ062,38085,BIS,Eastern Sioux,Sioux,bp16ap26
NEZ002,31045,CYS,Dawes,Dawes,bp16ap26 bp18mr25
NEZ003,31013,CYS,Box Butte,Box Butte,bp16ap26 bp18mr25
NEZ004,31161,LBF,Sheridan,Sheridan,bp16ap26 bp18mr25
NEZ005,31031,LBF,Eastern Cherry,Cherry,bp16ap26 bp18mr25
NEZ006,31103,LBF,Keya Paha,Keya Paha,bp16ap26 bp18mr25
NEZ007,31015,LBF,Boyd,Boyd,bp16ap26 bp18mr25
NEZ008,31017,LBF,Brown,Brown,bp16ap26 bp18mr25
NEZ009,31149,LBF,Rock,Rock,bp16ap26 bp18mr25
NEZ010,31089,LBF,Holt,Holt,bp16ap26 bp18mr25
NEZ011,31107,OAX,Knox,Knox,bp16ap26 bp18mr25
NEZ012,31027,OAX,Cedar,Cedar,bp16ap26 bp18mr25
NEZ013,31051,FSD,Dixon,Dixon,bp16ap26 bp18mr25
NEZ014,31043,FSD,Dakota,Dakota,bp16ap26 bp18mr25
NEZ015,31173,OAX,Thurston,Thurston,bp16ap26 bp18mr25
NEZ016,31003,OAX,Antelope,Antelope,bp16ap26 bp18mr25
NEZ017,31139,OAX,Pierce,Pierce,bp16ap26 bp18mr25
NEZ018,31179,OAX,Wayne,Wayne,bp16ap26 bp18mr25
NEZ019,31157,CYS,Scotts Bluff,Scotts Bluff,bp16ap26 bp18mr25
NEZ020,31007,CYS,Banner,Banner,bp16ap26 bp18mr25
NEZ021,31123,CYS,Morrill,Morrill,bp16ap26 bp18mr25
NEZ022,31069,LBF,Garden,Garden,bp16ap26 bp18mr25
NEZ023,31075,LBF,Grant,Grant,bp16ap26 bp18mr25
NEZ024,31091,LBF,Hooker,Hooker,bp16ap26 bp18mr25
NEZ025,31171,LBF,Thomas,Thomas,bp16ap26 bp18mr25
NEZ026,31009,LBF,Blaine,Blaine,bp16ap26 bp18mr25
NEZ027,31115,LBF,Loup,Loup,bp16ap26 bp18mr25
NEZ028,31071,LBF,Garfield,Garfield,bp16ap26 bp18mr25
NEZ029,31183,LBF,Wheeler,Wheeler,bp16ap26 bp18mr25
NEZ030,31011,OAX,Boone,Boone,bp16ap26 bp18mr25
NEZ031,31119,OAX,Madison,Madison,bp16ap26 bp18mr25
NEZ032,31167,OAX,Stanton,Stanton,bp16ap26 bp18mr25
NEZ033,31039,OAX,Cuming,Cuming,bp16ap26 bp18mr25
NEZ034,31021,OAX,Burt,Burt,bp16ap26 bp18mr25
NEZ035,31005,LBF,Arthur,Arthur,bp16ap26 bp18mr25
NEZ036,31117,LBF,McPherson,McPherson,bp16ap26 bp18mr25
NEZ037,31113,LBF,Logan,Logan,bp16ap26 bp18mr25
NEZ038,31041,LBF,Custer,Custer,bp16ap26 bp18mr25
NEZ039,31175,GID,Valley,Valley,bp16ap26 bp18mr25
NEZ040,31077,GID,Greeley,Greeley,bp16ap26 bp18mr25
NEZ041,31125,GID,Nance,Nance,bp16ap26 bp18mr25
NEZ042,31141,OAX,Platte,Platte,bp16ap26 bp18mr25
NEZ043,31037,OAX,Colfax,Colfax,bp16ap26 bp18mr25
NEZ044,31053,OAX,Dodge,Dodge,bp16ap26 bp18mr25
NEZ045,31177,OAX,Washington,Washington,bp16ap26 bp18mr25
NEZ046,31163,GID,Sherman,Sherman,bp16ap26 bp18mr25
NEZ047,31093,GID,Howard,Howard,bp16ap26 bp18mr25
NEZ048,31121,GID,Merrick,Merrick,bp16ap26 bp18mr25
NEZ049,31143,GID,Polk,Polk,bp16ap26 bp18mr25
NEZ050,31023,OAX,Butler,Butler,bp16ap26 bp18mr25
NEZ051,31155,OAX,Saunders,Saunders,bp16ap26 bp18mr25
NEZ052,31055,OAX,Douglas,Douglas,bp16ap26 bp18mr25
NEZ053,31153,OAX,Sarpy,Sarpy,bp16ap26 bp18mr25
NEZ054,31105,CYS,Kimball,Kimball,bp16ap26 bp18mr25
NEZ055,31033,CYS,Cheyenne,Cheyenne,bp16ap26 bp18mr25
NEZ056,31049,LBF,Deuel,Deuel,bp16ap26 bp18mr25
NEZ057,31101,LBF,Keith,Keith,bp16ap26 bp18mr25
NEZ058,31135,LBF,Perkins,Perkins,bp16ap26 bp18mr25
NEZ059,31111,LBF,Lincoln,Lincoln,bp16ap26 bp18mr25
NEZ060,31047,GID,Dawson,Dawson,bp16ap26 bp18mr25
NEZ061,31019,GID,Buffalo,Buffalo,bp16ap26 bp18mr25
NEZ062,31079,GID,Hall,Hall,bp16ap26 bp18mr25
NEZ063,31081,GID,Hamilton,Hamilton,bp16ap26 bp18mr25
NEZ064,31185,GID,York,York,bp16ap26 bp18mr25
NEZ065,31159,OAX,Seward,Seward,bp16ap26 bp18mr25
NEZ066,31109,OAX,Lancaster,Lancaster,bp16ap26 bp18mr25
NEZ067,31025,OAX,Cass,Cass,bp16ap26 bp18mr25
NEZ068,31131,OAX,Otoe,Otoe,bp16ap26 bp18mr25
NEZ069,31029,LBF,Chase,Chase,bp16ap26 bp18mr25
NEZ070,31085,LBF,Hayes,Hayes,bp16ap26 bp18mr25
NEZ071,31063,LBF,Frontier,Frontier,bp16ap26 bp18mr25
NEZ072,31073,GID,Gosper,Gosper,bp16ap26 bp18mr25
NEZ073,31137,GID,Phelps,Phelps,bp16ap26 bp18mr25
NEZ074,31099,GID,Kearney,Kearney,bp16ap26 bp18mr25
NEZ075,31001,GID,Adams,Adams,bp16ap26 bp18mr25
NEZ076,31035,GID,Clay,Clay,bp16ap26 bp18mr25
NEZ077,31059,GID,Fillmore,Fillmore,bp16ap26 bp18mr25
NEZ078,31151,OAX,Saline,Saline,bp16ap26 bp18mr25
NEZ079,31057,GLD,Dundy,Dundy,bp16ap26 bp18mr25
NEZ080,31087,GLD,Hitchcock,Hitchcock,bp16ap26 bp18mr25
NEZ081,31145,GLD,Red Willow,Red Willow,bp16ap26 bp18mr25
NEZ082,31065,GID,Furnas,Furnas,bp16ap26 bp18mr25
NEZ083,31083,GID,Harlan,Harlan,bp16ap26 bp18mr25
NEZ084,31061,GID,Franklin,Franklin,bp16ap26 bp18mr25
NEZ085,31181,GID,Webster,Webster,bp16ap26 bp18mr25
NEZ086,31129,GID,Nuckolls,Nuckolls,bp16ap26 bp18mr25
NEZ087,31169,GID,Thayer,Thayer,bp16ap26 bp18mr25
NEZ088,31095,OAX,Jefferson,Jefferson,bp16ap26 bp18mr25
NEZ089,31067,OAX,Gage,Gage,bp16ap26 bp18mr25
NEZ090,31097,OAX,Johnson,Johnson,bp16ap26 bp18mr25
NEZ091,31127,OAX,Nemaha,Nemaha,bp16ap26 bp18mr25
NEZ092,31133,OAX,Pawnee,Pawnee,bp16ap26 bp18mr25
NEZ093,31147,OAX,Richardson,Richardson,bp16ap26 bp18mr25
NEZ094,31031,LBF,Western Cherry,Cherry,bp16ap26 bp18mr25
NEZ095,31165,CYS,North Sioux,Sioux,bp16ap26 bp18mr25
NEZ096,31165,CYS,South Sioux,Sioux,bp16ap26 bp18mr25
NHZ001,33007,GYX,Northern Coos,Coos,bp16ap26 bp18mr25
NHZ002,33007,GYX,Southern Coos,Coos,bp16ap26 bp18mr25
NHZ003,33009,GYX,Northern Grafton,Grafton,bp16ap26 bp18mr25
NHZ004,33003,GYX,Northern Carroll,Carroll,bp16ap26 bp18mr25
NHZ005,33009,GYX,Southern Grafton,Grafton,bp16ap26 bp18mr25
NHZ006,33003,GYX,Southern Carroll,Carroll,bp16ap26 bp18mr25
NHZ007,33019,GYX,Sullivan,Sullivan,bp16ap26 bp18mr25
NHZ008,33013,GYX,Merrimack,Merrimack,bp16ap26 bp18mr25
NHZ009,33001,GYX,Belknap,Belknap,bp16ap26 bp18mr25
NHZ010,33017,GYX,Strafford,Strafford,bp16ap26 bp18mr25
NHZ011,33005,BOX,Cheshire,Cheshire,bp16ap26 bp18mr25
NHZ012,33011,BOX,Eastern Hillsborough,Hillsborough,bp16ap26 bp18mr25
NHZ013,33015,GYX,Interior Rockingham,Rockingham,bp16ap26 bp18mr25
NHZ014,33015,GYX,Coastal Rockingham,Rockingham,bp16ap26 bp18mr25
NHZ015,33011,BOX,Western And Central Hillsborough,Hillsborough,bp16ap26 bp18mr25
NJZ001,34037,PHI,Sussex,Sussex,bp16ap26 bp18mr25
NJZ002,34031,OKX,Western Passaic,Passaic,bp16ap26 bp18mr25
NJZ004,34031,OKX,Eastern Passaic,Passaic,bp16ap26 bp18mr25
NJZ006,34017,OKX,Hudson,Hudson,bp16ap26 bp18mr25
NJZ007,34041,PHI,Warren,Warren,bp16ap26 bp18mr25
NJZ008,34027,PHI,Morris,Morris,bp16ap26 bp18mr25
NJZ009,34019,PHI,Hunterdon,Hunterdon,bp16ap26 bp18mr25
NJZ010,34035,PHI,Somerset,Somerset,bp16ap26 bp18mr25
NJZ012,34023,PHI,Middlesex,Middlesex,bp16ap26 bp18mr25
NJZ013,34025,PHI,Western Monmouth,Monmouth,bp16ap26 bp18mr25
NJZ014,34025,PHI,Eastern Monmouth,Monmouth,bp16ap26 bp18mr25
NJZ015,34021,PHI,Mercer,Mercer,bp16ap26 bp18mr25
NJZ016,34033,PHI,Salem,Salem,bp16ap26 bp18mr25
NJZ017,34015,PHI,Gloucester,Gloucester,bp16ap26 bp18mr25
NJZ018,34007,PHI,Camden,Camden,bp16ap26 bp18mr25
NJZ019,34005,PHI,Northwestern Burlington,Burlington,bp16ap26 bp18mr25
NJZ020,34029,PHI,Ocean,Ocean,bp16ap26 bp18mr25
NJZ021,34011,PHI,Cumberland,Cumberland,bp16ap26 bp18mr25
NJZ022,34001,PHI,Atlantic,Atlantic,bp16ap26 bp18mr25
NJZ023,34009,PHI,Cape May,Cape May,bp16ap26 bp18mr25
NJZ024,34009,PHI,Atlantic Coastal Cape May,Cape May,bp16ap26 bp18mr25
NJZ025,34001,PHI,Coastal Atlantic,Atlantic,bp16ap26 bp18mr25
NJZ026,34029,PHI,Coastal Ocean,Ocean,bp16ap26 bp18mr25
NJZ027,34005,PHI,Southeastern Burlington,Burlington,bp16ap26 bp18mr25
NJZ103,34003,OKX,Western Bergen,Bergen,bp16ap26 bp18mr25
NJZ104,34003,OKX,Eastern Bergen,Bergen,bp16ap26 bp18mr25
NJZ105,34013,OKX,Western Essex,Essex,bp16ap26 bp18mr25
NJZ106,34013,OKX,Eastern Essex,Essex,bp16ap26 bp18mr25
NJZ107,34039,OKX,Western Union,Eastern Union,bp16ap26 bp18mr25
NJZ108,34039,OKX,Eastern Union,Eastern Union,bp16ap26 bp18mr25
NMZ027,35015,MAF,Guadalupe Mountains of Eddy County,Eddy,bp16ap26 bp18mr25
NMZ028,35015,MAF,Eddy County Plains,Eddy,bp16ap26 bp18mr25
NMZ029,35025,MAF,Northern Lea County,Lea,bp16ap26 bp18mr25
NMZ033,35025,MAF,Central Lea County,Lea,bp16ap26 bp18mr25
NMZ034,35025,MAF,Southern Lea County,Lea,bp16ap26 bp18mr25
NMZ201,35031,ABQ,Northwest Plateau,McKinley,bp16ap26 bp18mr25
NMZ201,35045,ABQ,Northwest Plateau,San Juan,bp16ap26 bp18mr25
NMZ202,35031,ABQ,Chuska Mountains,McKinley,bp16ap26 bp18mr25
NMZ202,35045,ABQ,Chuska Mountains,San Juan,bp16ap26 bp18mr25
NMZ203,35039,ABQ,Far Northwest Highlands,Rio Arriba,bp16ap26 bp18mr25
NMZ203,35043,ABQ,Far Northwest Highlands,Sandoval,bp16ap26 bp18mr25
NMZ203,35045,ABQ,Far Northwest Highlands,San Juan,bp16ap26 bp18mr25
NMZ204,35031,ABQ,Northwest Highlands,McKinley,bp16ap26 bp18mr25
NMZ204,35039,ABQ,Northwest Highlands,Rio Arriba,bp16ap26 bp18mr25
NMZ204,35043,ABQ,Northwest Highlands,Sandoval,bp16ap26 bp18mr25
NMZ204,35045,ABQ,Northwest Highlands,San Juan,bp16ap26 bp18mr25
NMZ205,35003,ABQ,West Central Plateau,Catron,bp16ap26 bp18mr25
NMZ205,35006,ABQ,West Central Plateau,Cibola,bp16ap26 bp18mr25
NMZ205,35031,ABQ,West Central Plateau,McKinley,bp16ap26 bp18mr25
NMZ206,35003,ABQ,West Central Mountains,Catron,bp16ap26 bp18mr25
NMZ206,35006,ABQ,West Central Mountains,Cibola,bp16ap26 bp18mr25
NMZ206,35031,ABQ,West Central Mountains,McKinley,bp16ap26 bp18mr25
NMZ206,35043,ABQ,West Central Mountains,Sandoval,bp16ap26 bp18mr25
NMZ206,35053,ABQ,West Central Mountains,Socorro,bp16ap26 bp18mr25
NMZ207,35001,ABQ,West Central Highlands,Bernalillo,bp16ap26 bp18mr25
NMZ207,35006,ABQ,West Central Highlands,Cibola,bp16ap26 bp18mr25
NMZ207,35031,ABQ,West Central Highlands,McKinley,bp16ap26 bp18mr25
NMZ207,35043,ABQ,West Central Highlands,Sandoval,bp16ap26 bp18mr25
NMZ207,35053,ABQ,West Central Highlands,Socorro,bp16ap26 bp18mr25
NMZ207,35061,ABQ,West Central Highlands,Valencia,bp16ap26 bp18mr25
NMZ208,35003,ABQ,Southwest Mountains,Catron,bp16ap26 bp18mr25
NMZ208,35053,ABQ,Southwest Mountains,Socorro,bp16ap26 bp18mr25
NMZ209,35003,ABQ,San Francisco River Valley,Catron,bp16ap26 bp18mr25
NMZ210,35039,ABQ,Tusas Mountains Including Chama,Rio Arriba,bp16ap26 bp18mr25
NMZ210,35055,ABQ,Tusas Mountains Including Chama,Taos,bp16ap26 bp18mr25
NMZ211,35028,ABQ,Jemez Mountains,Los Alamos,bp16ap26 bp18mr25
NMZ211,35039,ABQ,Jemez Mountains,Rio Arriba,bp16ap26 bp18mr25
NMZ211,35043,ABQ,Jemez Mountains,Sandoval,bp16ap26 bp18mr25
NMZ212,35047,ABQ,Glorieta Mesa Including Glorieta Pass,San Miguel,bp16ap26 bp18mr25
NMZ212,35049,ABQ,Glorieta Mesa Including Glorieta Pass,Santa Fe,bp16ap26 bp18mr25
NMZ213,35007,ABQ,Northern Sangre de Cristo Mountains,Colfax,bp16ap26 bp18mr25
NMZ213,35055,ABQ,Northern Sangre de Cristo Mountains,Taos,bp16ap26 bp18mr25
NMZ214,35007,ABQ,Southern Sangre de Cristo Mountains,Colfax,bp16ap26 bp18mr25
NMZ214,35033,ABQ,Southern Sangre de Cristo Mountains,Mora,bp16ap26 bp18mr25
NMZ214,35039,ABQ,Southern Sangre de Cristo Mountains,Rio Arriba,bp16ap26 bp18mr25
NMZ214,35047,ABQ,Southern Sangre de Cristo Mountains,San Miguel,bp16ap26 bp18mr25
NMZ214,35049,ABQ,Southern Sangre de Cristo Mountains,Santa Fe,bp16ap26 bp18mr25
NMZ214,35055,ABQ,Southern Sangre de Cristo Mountains,Taos,bp16ap26 bp18mr25
NMZ215,35007,ABQ,East Slopes Sangre de Cristo Mountains,Colfax,bp16ap26 bp18mr25
NMZ215,35033,ABQ,East Slopes Sangre de Cristo Mountains,Mora,bp16ap26 bp18mr25
NMZ215,35047,ABQ,East Slopes Sangre de Cristo Mountains,San Miguel,bp16ap26 bp18mr25
NMZ216,35039,ABQ,Upper Rio Grande Valley,Rio Arriba,bp16ap26 bp18mr25
NMZ216,35055,ABQ,Upper Rio Grande Valley,Taos,bp16ap26 bp18mr25
NMZ217,35039,ABQ,Espanola Valley,Rio Arriba,bp16ap26 bp18mr25
NMZ217,35049,ABQ,Espanola Valley,Santa Fe,bp16ap26 bp18mr25
NMZ217,35055,ABQ,Espanola Valley,Taos,bp16ap26 bp18mr25
NMZ218,35001,ABQ,Santa Fe Metro Area,Bernalillo,bp16ap26 bp18mr25
NMZ218,35043,ABQ,Santa Fe Metro Area,Sandoval,bp16ap26 bp18mr25
NMZ218,35049,ABQ,Santa Fe Metro Area,Santa Fe,bp16ap26 bp18mr25
NMZ219,35001,ABQ,Middle Rio Grande Valley/Albuquerque Metro Area,Bernalillo,bp16ap26 bp18mr25
NMZ219,35006,ABQ,Middle Rio Grande Valley/Albuquerque Metro Area,Cibola,bp16ap26 bp18mr25
NMZ219,35043,ABQ,Middle Rio Grande Valley/Albuquerque Metro Area,Sandoval,bp16ap26 bp18mr25
NMZ219,35057,ABQ,Middle Rio Grande Valley/Albuquerque Metro Area,Torrance,bp16ap26 bp18mr25
NMZ219,35061,ABQ,Middle Rio Grande Valley/Albuquerque Metro Area,Valencia,bp16ap26 bp18mr25
NMZ220,35053,ABQ,Lower Rio Grande Valley,Socorro,bp16ap26 bp18mr25
NMZ221,35001,ABQ,Sandia/Manzano Mountains Including Edgewood,Bernalillo,bp16ap26 bp18mr25
NMZ221,35043,ABQ,Sandia/Manzano Mountains Including Edgewood,Sandoval,bp16ap26 bp18mr25
NMZ221,35049,ABQ,Sandia/Manzano Mountains Including Edgewood,Santa Fe,bp16ap26 bp18mr25
NMZ221,35057,ABQ,Sandia/Manzano Mountains Including Edgewood,Torrance,bp16ap26 bp18mr25
NMZ221,35061,ABQ,Sandia/Manzano Mountains Including Edgewood,Valencia,bp16ap26 bp18mr25
NMZ222,35001,ABQ,Estancia Valley,Bernalillo,bp16ap26 bp18mr25
NMZ222,35049,ABQ,Estancia Valley,Santa Fe,bp16ap26 bp18mr25
NMZ222,35057,ABQ,Estancia Valley,Torrance,bp16ap26 bp18mr25
NMZ223,35047,ABQ,Central Highlands,San Miguel,bp16ap26 bp18mr25
NMZ223,35049,ABQ,Central Highlands,Santa Fe,bp16ap26 bp18mr25
NMZ223,35057,ABQ,Central Highlands,Torrance,bp16ap26 bp18mr25
NMZ224,35027,ABQ,South Central Highlands,Lincoln,bp16ap26 bp18mr25
NMZ224,35053,ABQ,South Central Highlands,Socorro,bp16ap26 bp18mr25
NMZ224,35057,ABQ,South Central Highlands,Torrance,bp16ap26 bp18mr25
NMZ224,35061,ABQ,South Central Highlands,Valencia,bp16ap26 bp18mr25
NMZ225,35027,ABQ,Upper Tularosa Valley,Lincoln,bp16ap26 bp18mr25
NMZ225,35053,ABQ,Upper Tularosa Valley,Socorro,bp16ap26 bp18mr25
NMZ226,35027,ABQ,South Central Mountains,Lincoln,bp16ap26 bp18mr25
NMZ227,35007,ABQ,Johnson and Bartlett Mesas Including Raton Pass,Colfax,bp16ap26 bp18mr25
NMZ227,35059,ABQ,Johnson and Bartlett Mesas Including Raton Pass,Union,bp16ap26 bp18mr25
NMZ228,35007,ABQ,Far Northeast Highlands,Colfax,bp16ap26 bp18mr25
NMZ228,35033,ABQ,Far Northeast Highlands,Mora,bp16ap26 bp18mr25
NMZ229,35047,ABQ,Northeast Highlands,San Miguel,bp16ap26 bp18mr25
NMZ230,35059,ABQ,Union County,Union,bp16ap26 bp18mr25
NMZ231,35021,ABQ,Harding County,Harding,bp16ap26 bp18mr25
NMZ232,35047,ABQ,Eastern San Miguel County,San Miguel,bp16ap26 bp18mr25
NMZ233,35019,ABQ,Guadalupe County,Guadalupe,bp16ap26 bp18mr25
NMZ234,35037,ABQ,Quay County,Quay,bp16ap26 bp18mr25
NMZ235,35009,ABQ,Curry County,Curry,bp16ap26 bp18mr25
NMZ236,35041,ABQ,Roosevelt County,Roosevelt,bp16ap26 bp18mr25
NMZ237,35011,ABQ,De Baca County,De Baca,bp16ap26 bp18mr25
NMZ238,35005,ABQ,Chaves County Plains,Chaves,bp16ap26 bp18mr25
NMZ239,35027,ABQ,Eastern Lincoln County,Lincoln,bp16ap26 bp18mr25
NMZ240,35005,ABQ,Southwest Chaves County,Chaves,bp16ap26 bp18mr25
NMZ241,35003,ABQ,San Agustin Plains and Adjacent Lowlands,Catron,bp16ap26 bp18mr25
NMZ241,35053,ABQ,San Agustin Plains and Adjacent Lowlands,Socorro,bp16ap26 bp18mr25
NMZ401,35017,EPZ,Upper Gila River Valley,Grant,bp16ap26 bp18mr25
NMZ401,35023,EPZ,Upper Gila River Valley,Hidalgo,bp16ap26 bp18mr25
NMZ403,35017,EPZ,Southern Gila Foothills/Mimbres Valley,Grant,bp16ap26 bp18mr25
NMZ403,35029,EPZ,Southern Gila Foothills/Mimbres Valley,Luna,bp16ap26 bp18mr25
NMZ404,35017,EPZ,Southwest Desert/Lower Gila River Valley,Grant,bp16ap26 bp18mr25
NMZ404,35023,EPZ,Southwest Desert/Lower Gila River Valley,Hidalgo,bp16ap26 bp18mr25
NMZ405,35017,EPZ,Lowlands of the Bootheel,Grant,bp16ap26 bp18mr25
NMZ405,35023,EPZ,Lowlands of the Bootheel,Hidalgo,bp16ap26 bp18mr25
NMZ406,35023,EPZ,Uplands of the Bootheel,Hidalgo,bp16ap26 bp18mr25
NMZ407,35017,EPZ,Southwest Desert/Mimbres Basin,Grant,bp16ap26 bp18mr25
NMZ407,35029,EPZ,Southwest Desert/Mimbres Basin,Luna,bp16ap26 bp18mr25
NMZ408,35017,EPZ,Eastern Black Range Foothills,Grant,bp16ap26 bp18mr25
NMZ408,35029,EPZ,Eastern Black Range Foothills,Luna,bp16ap26 bp18mr25
NMZ408,35051,EPZ,Eastern Black Range Foothills,Sierra,bp16ap26 bp18mr25
NMZ409,35051,EPZ,Sierra County Lakes,Sierra,bp16ap26 bp18mr25
NMZ410,35013,EPZ,Northern Dona Ana County,Dona Ana,bp16ap26 bp18mr25
NMZ411,35013,EPZ,Southern Dona Ana County/Mesilla Valley,Dona Ana,bp16ap26 bp18mr25
NMZ414,35035,EPZ,West Slopes Sacramento Mountains Below 7500 Feet,Otero,bp16ap26 bp18mr25
NMZ415,35035,EPZ,Sacramento Mountains Above 7500 Feet,Otero,bp16ap26 bp18mr25
NMZ416,35035,EPZ,East Slopes Sacramento Mountains Below 7500 Feet,Otero,bp16ap26 bp18mr25
NMZ417,35035,EPZ,Otero Mesa,Otero,bp16ap26 bp18mr25
NMZ425,35017,EPZ,Central Grant County/Silver City Area ,Grant,bp16ap26 bp18mr25
NMZ426,35017,EPZ,Southern Gila Region Highlands/Black Range ,Grant,bp16ap26 bp18mr25
NMZ426,35051,EPZ,Southern Gila Region Highlands/Black Range ,Sierra,bp16ap26 bp18mr25
NMZ427,35013,EPZ,West Central Tularosa Basin/White Sands ,Dona Ana,bp16ap26 bp18mr25
NMZ427,35035,EPZ,West Central Tularosa Basin/White Sands ,Otero,bp16ap26 bp18mr25
NMZ427,35051,EPZ,West Central Tularosa Basin/White Sands ,Sierra,bp16ap26 bp18mr25
NMZ428,35035,EPZ,East Central Tularosa Basin/Alamogordo ,Otero,bp16ap26 bp18mr25
NMZ429,35035,EPZ,Southeast Tularosa Basin ,Otero,bp16ap26 bp18mr25
NVZ001,32019,REV,Mineral and Southern Lyon Counties,Lyon,bp16ap26 bp18mr25
NVZ001,32021,REV,Mineral and Southern Lyon Counties,Mineral,bp16ap26 bp18mr25
NVZ002,32005,REV,Greater Lake Tahoe Area,Douglas,bp16ap26 bp18mr25
NVZ002,32031,REV,Greater Lake Tahoe Area,Washoe,bp16ap26 bp18mr25
NVZ002,32510,REV,Greater Lake Tahoe Area,Carson City,bp16ap26 bp18mr25
NVZ003,32005,REV,Greater Reno-Carson City-Minden Area,Douglas,bp16ap26 bp18mr25
NVZ003,32019,REV,Greater Reno-Carson City-Minden Area,Lyon,bp16ap26 bp18mr25
NVZ003,32029,REV,Greater Reno-Carson City-Minden Area,Storey,bp16ap26 bp18mr25
NVZ003,32031,REV,Greater Reno-Carson City-Minden Area,Washoe,bp16ap26 bp18mr25
NVZ003,32510,REV,Greater Reno-Carson City-Minden Area,Carson City,bp16ap26 bp18mr25
NVZ004,32001,REV,Western Nevada Basin and Range including Pyramid Lake,Churchill,bp16ap26 bp18mr25
NVZ004,32019,REV,Western Nevada Basin and Range including Pyramid Lake,Lyon,bp16ap26 bp18mr25
NVZ004,32027,REV,Western Nevada Basin and Range including Pyramid Lake,Pershing,bp16ap26 bp18mr25
NVZ004,32031,REV,Western Nevada Basin and Range including Pyramid Lake,Washoe,bp16ap26 bp18mr25
NVZ005,32031,REV,Northern Washoe County,Washoe,bp16ap26 bp18mr25
NVZ014,32009,VEF,Esmeralda and Central Nye County,Esmeralda,bp16ap26 bp18mr25
NVZ014,32023,VEF,Esmeralda and Central Nye County,Nye,bp16ap26 bp18mr25
NVZ015,32017,VEF,Lincoln County,Lincoln,bp16ap26 bp18mr25
NVZ016,32003,VEF,Northeast Clark County,Clark,bp16ap26 bp18mr25
NVZ017,32003,VEF,Western Clark and Southern Nye County,Clark,bp16ap26 bp18mr25
NVZ017,32023,VEF,Western Clark and Southern Nye County,Nye,bp16ap26 bp18mr25
NVZ018,32003,VEF,Sheep Range,Clark,bp16ap26 bp18mr25
NVZ018,32017,VEF,Sheep Range,Lincoln,bp16ap26 bp18mr25
NVZ019,32003,VEF,Spring Mountains-Red Rock Canyon,Clark,bp16ap26 bp18mr25
NVZ019,32023,VEF,Spring Mountains-Red Rock Canyon,Nye,bp16ap26 bp18mr25
NVZ020,32003,VEF,Las Vegas Valley,Clark,bp16ap26 bp18mr25
NVZ021,32003,VEF,Lake Mead National Recreation Area,Clark,bp18mr25
NVZ022,32003,VEF,Southern Clark County,Clark,bp16ap26 bp18mr25
NVZ025,32003,VEF,Lake Mead - NV side,Clark,bp16ap26
NVZ026,32003,VEF,Lake Mohave - NV side,Clark,bp16ap26
NVZ030,32013,LKN,Humboldt County,Humboldt,bp16ap26 bp18mr25
NVZ031,32007,LKN,Northern Elko County,Elko,bp16ap26 bp18mr25
NVZ033,32007,LKN,Extreme Eastern Elko County,Elko,bp16ap26 bp18mr25
NVZ034,32007,LKN,Ruby Mountains/East Humboldt Range,Elko,bp16ap26 bp18mr25
NVZ034,32033,LKN,Ruby Mountains/East Humboldt Range,White Pine,bp16ap26 bp18mr25
NVZ035,32033,LKN,White Pine County,White Pine,bp16ap26 bp18mr25
NVZ036,32011,LKN,Northern Lander County and Northern Eureka County,Eureka,bp16ap26 bp18mr25
NVZ036,32015,LKN,Northern Lander County and Northern Eureka County,Lander,bp16ap26 bp18mr25
NVZ037,32011,LKN,Southern Lander County and Southern Eureka County,Eureka,bp16ap26 bp18mr25
NVZ037,32015,LKN,Southern Lander County and Southern Eureka County,Lander,bp16ap26 bp18mr25
NVZ038,32007,LKN,Southwest Elko County,Elko,bp16ap26 bp18mr25
NVZ039,32007,LKN,South Central Elko County,Elko,bp16ap26 bp18mr25
NVZ040,32023,LKN,Northwestern Nye County,Nye,bp16ap26 bp18mr25
NVZ041,32023,LKN,Northeastern Nye County,Nye,bp16ap26 bp18mr25
NYZ001,36063,BUF,Niagara,Niagara,bp16ap26 bp18mr25
NYZ002,36073,BUF,Orleans,Orleans,bp16ap26 bp18mr25
NYZ003,36055,BUF,Monroe,Monroe,bp16ap26 bp18mr25
NYZ004,36117,BUF,Wayne,Wayne,bp16ap26 bp18mr25
NYZ005,36011,BUF,Northern Cayuga,Cayuga,bp16ap26 bp18mr25
NYZ006,36075,BUF,Oswego,Oswego,bp16ap26 bp18mr25
NYZ007,36045,BUF,Jefferson,Jefferson,bp16ap26 bp18mr25
NYZ008,36049,BUF,Lewis,Lewis,bp16ap26 bp18mr25
NYZ009,36065,BGM,Northern Oneida,Oneida,bp16ap26 bp18mr25
NYZ010,36029,BUF,Northern Erie,Erie,bp16ap26 bp18mr25
NYZ011,36037,BUF,Genesee,Genesee,bp16ap26 bp18mr25
NYZ012,36121,BUF,Wyoming,Wyoming,bp16ap26 bp18mr25
NYZ013,36051,BUF,Livingston,Livingston,bp16ap26 bp18mr25
NYZ014,36069,BUF,Ontario,Ontario,bp16ap26 bp18mr25
NYZ015,36123,BGM,Yates,Yates,bp16ap26 bp18mr25
NYZ016,36099,BGM,Seneca,Seneca,bp16ap26 bp18mr25
NYZ017,36011,BGM,Southern Cayuga,Cayuga,bp16ap26 bp18mr25
NYZ018,36067,BGM,Onondaga,Onondaga,bp16ap26 bp18mr25
NYZ019,36013,BUF,Chautauqua,Chautauqua,bp16ap26 bp18mr25
NYZ020,36009,BUF,Cattaraugus,Cattaraugus,bp16ap26 bp18mr25
NYZ021,36003,BUF,Allegany,Allegany,bp16ap26 bp18mr25
NYZ022,36101,BGM,Steuben,Steuben,bp16ap26 bp18mr25
NYZ023,36097,BGM,Schuyler,Schuyler,bp16ap26 bp18mr25
NYZ024,36015,BGM,Chemung,Chemung,bp16ap26 bp18mr25
NYZ025,36109,BGM,Tompkins,Tompkins,bp16ap26 bp18mr25
NYZ026,36089,BTV,Northern St. Lawrence,St. Lawrence,bp16ap26 bp18mr25
NYZ027,36033,BTV,Northern Franklin,Franklin,bp16ap26 bp18mr25
NYZ028,36019,BTV,Eastern Clinton,Clinton,bp16ap26 bp18mr25
NYZ029,36089,BTV,Southeastern St. Lawrence,St. Lawrence,bp16ap26 bp18mr25
NYZ030,36033,BTV,Southern Franklin,Franklin,bp16ap26 bp18mr25
NYZ031,36019,BTV,Western Clinton,Clinton,bp16ap26 bp18mr25
NYZ032,36043,ALY,Northern Herkimer,Herkimer,bp16ap26 bp18mr25
NYZ033,36041,ALY,Hamilton,Hamilton,bp16ap26 bp18mr25
NYZ034,36031,BTV,Western Essex,Essex,bp16ap26 bp18mr25
NYZ035,36031,BTV,Eastern Essex,Essex,bp16ap26 bp18mr25
NYZ036,36053,BGM,Madison,Madison,bp16ap26 bp18mr25
NYZ037,36065,BGM,Southern Oneida,Oneida,bp16ap26 bp18mr25
NYZ038,36043,ALY,Southern Herkimer,Herkimer,bp16ap26 bp18mr25
NYZ039,36035,ALY,Southern Fulton,Fulton,bp16ap26 bp18mr25
NYZ040,36057,ALY,Montgomery,Montgomery,bp16ap26 bp18mr25
NYZ041,36091,ALY,Northern Saratoga,Saratoga,bp16ap26 bp18mr25
NYZ042,36113,ALY,Northern Warren,Warren,bp16ap26 bp18mr25
NYZ043,36115,ALY,Northern Washington,Washington,bp16ap26 bp18mr25
NYZ044,36023,BGM,Cortland,Cortland,bp16ap26 bp18mr25
NYZ045,36017,BGM,Chenango,Chenango,bp16ap26 bp18mr25
NYZ046,36077,BGM,Otsego,Otsego,bp16ap26 bp18mr25
NYZ047,36095,ALY,Schoharie,Schoharie,bp16ap26 bp18mr25
NYZ048,36093,ALY,Western Schenectady,Schenectady,bp16ap26 bp18mr25
NYZ049,36093,ALY,Eastern Schenectady,Schenectady,bp16ap26 bp18mr25
NYZ050,36091,ALY,Southern Saratoga,Saratoga,bp16ap26 bp18mr25
NYZ051,36001,ALY,Western Albany,Albany,bp16ap26 bp18mr25
NYZ052,36001,ALY,Eastern Albany,Albany,bp16ap26 bp18mr25
NYZ053,36083,ALY,Western Rensselaer,Rensselaer,bp16ap26 bp18mr25
NYZ054,36083,ALY,Eastern Rensselaer,Rensselaer,bp16ap26 bp18mr25
NYZ055,36107,BGM,Tioga,Tioga,bp16ap26 bp18mr25
NYZ056,36007,BGM,Broome,Broome,bp16ap26 bp18mr25
NYZ057,36025,BGM,Delaware,Delaware,bp16ap26 bp18mr25
NYZ058,36039,ALY,Western Greene,Greene,bp16ap26 bp18mr25
NYZ059,36039,ALY,Eastern Greene,Greene,bp16ap26 bp18mr25
NYZ060,36021,ALY,Western Columbia,Columbia,bp16ap26 bp18mr25
NYZ061,36021,ALY,Eastern Columbia,Columbia,bp16ap26 bp18mr25
NYZ062,36105,BGM,Sullivan,Sullivan,bp16ap26 bp18mr25
NYZ063,36111,ALY,Western Ulster,Ulster,bp16ap26 bp18mr25
NYZ064,36111,ALY,Eastern Ulster,Ulster,bp16ap26 bp18mr25
NYZ065,36027,ALY,Western Dutchess,Dutchess,bp16ap26 bp18mr25
NYZ066,36027,ALY,Eastern Dutchess,Dutchess,bp16ap26 bp18mr25
NYZ067,36071,OKX,Orange,Orange,bp16ap26 bp18mr25
NYZ068,36079,OKX,Putnam,Putnam,bp16ap26 bp18mr25
NYZ069,36087,OKX,Rockland,Rockland,bp16ap26 bp18mr25
NYZ070,36119,OKX,Northern Westchester,Westchester,bp16ap26 bp18mr25
NYZ071,36119,OKX,Southern Westchester,Westchester,bp16ap26 bp18mr25
NYZ072,36061,OKX,New York (Manhattan),New York,bp16ap26 bp18mr25
NYZ073,36005,OKX,Bronx,Bronx,bp16ap26 bp18mr25
NYZ074,36085,OKX,Richmond (Staten Is.),Richmond,bp16ap26 bp18mr25
NYZ075,36047,OKX,Kings (Brooklyn),Kings,bp16ap26 bp18mr25
NYZ078,36103,OKX,Northwest Suffolk,Suffolk,bp16ap26 bp18mr25
NYZ079,36103,OKX,Northeast Suffolk,Suffolk,bp16ap26 bp18mr25
NYZ080,36103,OKX,Southwest Suffolk,Suffolk,bp16ap26 bp18mr25
NYZ081,36103,OKX,Southeast Suffolk,Suffolk,bp16ap26 bp18mr25
NYZ082,36035,ALY,Northern Fulton,Fulton,bp16ap26 bp18mr25
NYZ083,36113,ALY,Southeast Warren,Warren,bp16ap26 bp18mr25
NYZ084,36115,ALY,Southern Washington,Washington,bp16ap26 bp18mr25
NYZ085,36029,BUF,Southern Erie,Erie,bp16ap26 bp18mr25
NYZ087,36089,BTV,Southwestern St. Lawrence,St. Lawrence,bp16ap26 bp18mr25
NYZ176,36081,OKX,Northern Queens,Queens,bp16ap26 bp18mr25
NYZ177,36059,OKX,Northern Nassau,Nassau,bp16ap26 bp18mr25
NYZ178,36081,OKX,Southern Queens,Queens,bp16ap26 bp18mr25
NYZ179,36059,OKX,Southern Nassau,Nassau,bp16ap26 bp18mr25
OHZ001,39171,IWX,Williams,Williams,bp16ap26 bp18mr25
OHZ002,39051,IWX,Fulton,Fulton,bp16ap26 bp18mr25
OHZ003,39095,CLE,Lucas,Lucas,bp16ap26 bp18mr25
OHZ004,39039,IWX,Defiance,Defiance,bp16ap26 bp18mr25
OHZ005,39069,IWX,Henry,Henry,bp16ap26 bp18mr25
OHZ006,39173,CLE,Wood,Wood,bp16ap26 bp18mr25
OHZ007,39123,CLE,Ottawa,Ottawa,bp16ap26 bp18mr25
OHZ008,39143,CLE,Sandusky,Sandusky,bp16ap26 bp18mr25
OHZ009,39043,CLE,Erie,Erie,bp16ap26 bp18mr25
OHZ010,39093,CLE,Lorain,Lorain,bp16ap26 bp18mr25
OHZ011,39035,CLE,Cuyahoga,Cuyahoga,bp16ap26 bp18mr25
OHZ012,39085,CLE,Lake,Lake,bp16ap26 bp18mr25
OHZ013,39055,CLE,Geauga,Geauga,bp16ap26 bp18mr25
OHZ014,39007,CLE,Ashtabula Inland,Ashtabula,bp16ap26 bp18mr25
OHZ015,39125,IWX,Paulding,Paulding,bp16ap26 bp18mr25
OHZ016,39137,IWX,Putnam,Putnam,bp16ap26 bp18mr25
OHZ017,39063,CLE,Hancock,Hancock,bp16ap26 bp18mr25
OHZ018,39147,CLE,Seneca,Seneca,bp16ap26 bp18mr25
OHZ019,39077,CLE,Huron,Huron,bp16ap26 bp18mr25
OHZ020,39103,CLE,Medina,Medina,bp16ap26 bp18mr25
OHZ021,39153,CLE,Summit,Summit,bp16ap26 bp18mr25
OHZ022,39133,CLE,Portage,Portage,bp16ap26 bp18mr25
OHZ023,39155,CLE,Trumbull,Trumbull,bp16ap26 bp18mr25
OHZ024,39161,IWX,Van Wert,Van Wert,bp16ap26 bp18mr25
OHZ025,39003,IWX,Allen,Allen,bp16ap26 bp18mr25
OHZ026,39065,ILN,Hardin,Hardin,bp16ap26 bp18mr25
OHZ027,39175,CLE,Wyandot,Wyandot,bp16ap26 bp18mr25
OHZ028,39033,CLE,Crawford,Crawford,bp16ap26 bp18mr25
OHZ029,39139,CLE,Richland,Richland,bp16ap26 bp18mr25
OHZ030,39005,CLE,Ashland,Ashland,bp16ap26 bp18mr25
OHZ031,39169,CLE,Wayne,Wayne,bp16ap26 bp18mr25
OHZ032,39151,CLE,Stark,Stark,bp16ap26 bp18mr25
OHZ033,39099,CLE,Mahoning,Mahoning,bp16ap26 bp18mr25
OHZ034,39107,ILN,Mercer,Mercer,bp16ap26 bp18mr25
OHZ035,39011,ILN,Auglaize,Auglaize,bp16ap26 bp18mr25
OHZ036,39101,CLE,Marion,Marion,bp16ap26 bp18mr25
OHZ037,39117,CLE,Morrow,Morrow,bp16ap26 bp18mr25
OHZ038,39075,CLE,Holmes,Holmes,bp16ap26 bp18mr25
OHZ039,39157,PBZ,Tuscarawas,Tuscarawas,bp16ap26 bp18mr25
OHZ040,39019,PBZ,Carroll,Carroll,bp16ap26 bp18mr25
OHZ041,39029,PBZ,Columbiana,Columbiana,bp16ap26 bp18mr25
OHZ042,39037,ILN,Darke,Darke,bp16ap26 bp18mr25
OHZ043,39149,ILN,Shelby,Shelby,bp16ap26 bp18mr25
OHZ044,39091,ILN,Logan,Logan,bp16ap26 bp18mr25
OHZ045,39159,ILN,Union,Union,bp16ap26 bp18mr25
OHZ046,39041,ILN,Delaware,Delaware,bp16ap26 bp18mr25
OHZ047,39083,CLE,Knox,Knox,bp16ap26 bp18mr25
OHZ048,39031,PBZ,Coshocton,Coshocton,bp16ap26 bp18mr25
OHZ049,39067,PBZ,Harrison,Harrison,bp16ap26 bp18mr25
OHZ050,39081,PBZ,Jefferson,Jefferson,bp16ap26 bp18mr25
OHZ051,39109,ILN,Miami,Miami,bp16ap26 bp18mr25
OHZ052,39021,ILN,Champaign,Champaign,bp16ap26 bp18mr25
OHZ053,39023,ILN,Clark,Clark,bp16ap26 bp18mr25
OHZ054,39097,ILN,Madison,Madison,bp16ap26 bp18mr25
OHZ055,39049,ILN,Franklin,Franklin,bp16ap26 bp18mr25
OHZ056,39089,ILN,Licking,Licking,bp16ap26 bp18mr25
OHZ057,39119,PBZ,Muskingum,Muskingum,bp16ap26 bp18mr25
OHZ058,39059,PBZ,Guernsey,Guernsey,bp16ap26 bp18mr25
OHZ059,39013,PBZ,Belmont,Belmont,bp16ap26 bp18mr25
OHZ060,39135,ILN,Preble,Preble,bp16ap26 bp18mr25
OHZ061,39113,ILN,Montgomery,Montgomery,bp16ap26 bp18mr25
OHZ062,39057,ILN,Greene,Greene,bp16ap26 bp18mr25
OHZ063,39047,ILN,Fayette,Fayette,bp16ap26 bp18mr25
OHZ064,39129,ILN,Pickaway,Pickaway,bp16ap26 bp18mr25
OHZ065,39045,ILN,Fairfield,Fairfield,bp16ap26 bp18mr25
OHZ066,39127,RLX,Perry,Perry,bp16ap26 bp18mr25
OHZ067,39115,RLX,Morgan,Morgan,bp16ap26 bp18mr25
OHZ068,39121,PBZ,Noble,Noble,bp16ap26 bp18mr25
OHZ069,39111,PBZ,Monroe,Monroe,bp16ap26 bp18mr25
OHZ070,39017,ILN,Butler,Butler,bp16ap26 bp18mr25
OHZ071,39165,ILN,Warren,Warren,bp16ap26 bp18mr25
OHZ072,39027,ILN,Clinton,Clinton,bp16ap26 bp18mr25
OHZ073,39141,ILN,Ross,Ross,bp16ap26 bp18mr25
OHZ074,39073,ILN,Hocking,Hocking,bp16ap26 bp18mr25
OHZ075,39009,RLX,Athens,Athens,bp16ap26 bp18mr25
OHZ076,39167,RLX,Washington,Washington,bp16ap26 bp18mr25
OHZ077,39061,ILN,Hamilton,Hamilton,bp16ap26 bp18mr25
OHZ078,39025,ILN,Clermont,Clermont,bp16ap26 bp18mr25
OHZ079,39015,ILN,Brown,Brown,bp16ap26 bp18mr25
OHZ080,39071,ILN,Highland,Highland,bp16ap26 bp18mr25
OHZ081,39001,ILN,Adams,Adams,bp16ap26 bp18mr25
OHZ082,39131,ILN,Pike,Pike,bp16ap26 bp18mr25
OHZ083,39079,RLX,Jackson,Jackson,bp16ap26 bp18mr25
OHZ084,39163,RLX,Vinton,Vinton,bp16ap26 bp18mr25
OHZ085,39105,RLX,Meigs,Meigs,bp16ap26 bp18mr25
OHZ086,39053,RLX,Gallia,Gallia,bp16ap26 bp18mr25
OHZ087,39087,RLX,Lawrence,Lawrence,bp16ap26 bp18mr25
OHZ088,39145,ILN,Scioto,Scioto,bp16ap26 bp18mr25
OHZ089,39007,CLE,Ashtabula Lakeshore,Ashtabula,bp16ap26 bp18mr25
OKZ001,40025,AMA,Cimarron,Cimarron,bp16ap26 bp18mr25
OKZ002,40139,AMA,Texas,Texas,bp16ap26 bp18mr25
OKZ003,40007,AMA,Beaver,Beaver,bp16ap26 bp18mr25
OKZ004,40059,OUN,Harper,Harper,bp16ap26 bp18mr25
OKZ005,40151,OUN,Woods,Woods,bp16ap26 bp18mr25
OKZ006,40003,OUN,Alfalfa,Alfalfa,bp16ap26 bp18mr25
OKZ007,40053,OUN,Grant,Grant,bp16ap26 bp18mr25
OKZ008,40071,OUN,Kay,Kay,bp16ap26 bp18mr25
OKZ009,40045,OUN,Ellis,Ellis,bp16ap26 bp18mr25
OKZ010,40153,OUN,Woodward,Woodward,bp16ap26 bp18mr25
OKZ011,40093,OUN,Major,Major,bp16ap26 bp18mr25
OKZ012,40047,OUN,Garfield,Garfield,bp16ap26 bp18mr25
OKZ013,40103,OUN,Noble,Noble,bp16ap26 bp18mr25
OKZ014,40129,OUN,Roger Mills,Roger Mills,bp16ap26 bp18mr25
OKZ015,40043,OUN,Dewey,Dewey,bp16ap26 bp18mr25
OKZ016,40039,OUN,Custer,Custer,bp16ap26 bp18mr25
OKZ017,40011,OUN,Blaine,Blaine,bp16ap26 bp18mr25
OKZ018,40073,OUN,Kingfisher,Kingfisher,bp16ap26 bp18mr25
OKZ019,40083,OUN,Logan,Logan,bp16ap26 bp18mr25
OKZ020,40119,OUN,Payne,Payne,bp16ap26 bp18mr25
OKZ021,40009,OUN,Beckham,Beckham,bp16ap26 bp18mr25
OKZ022,40149,OUN,Washita,Washita,bp16ap26 bp18mr25
OKZ023,40015,OUN,Caddo,Caddo,bp16ap26 bp18mr25
OKZ024,40017,OUN,Canadian,Canadian,bp16ap26 bp18mr25
OKZ025,40109,OUN,Oklahoma,Oklahoma,bp16ap26 bp18mr25
OKZ026,40081,OUN,Lincoln,Lincoln,bp16ap26 bp18mr25
OKZ027,40051,OUN,Grady,Grady,bp16ap26 bp18mr25
OKZ028,40087,OUN,McClain,McClain,bp16ap26 bp18mr25
OKZ029,40027,OUN,Cleveland,Cleveland,bp16ap26 bp18mr25
OKZ030,40125,OUN,Pottawatomie,Pottawatomie,bp16ap26 bp18mr25
OKZ031,40133,OUN,Seminole,Seminole,bp16ap26 bp18mr25
OKZ032,40063,OUN,Hughes,Hughes,bp16ap26 bp18mr25
OKZ033,40057,OUN,Harmon,Harmon,bp16ap26 bp18mr25
OKZ034,40055,OUN,Greer,Greer,bp16ap26 bp18mr25
OKZ035,40075,OUN,Kiowa,Kiowa,bp16ap26 bp18mr25
OKZ036,40065,OUN,Jackson,Jackson,bp16ap26 bp18mr25
OKZ037,40141,OUN,Tillman,Tillman,bp16ap26 bp18mr25
OKZ038,40031,OUN,Comanche,Comanche,bp16ap26 bp18mr25
OKZ039,40137,OUN,Stephens,Stephens,bp16ap26 bp18mr25
OKZ040,40049,OUN,Garvin,Garvin,bp16ap26 bp18mr25
OKZ041,40099,OUN,Murray,Murray,bp16ap26 bp18mr25
OKZ042,40123,OUN,Pontotoc,Pontotoc,bp16ap26 bp18mr25
OKZ043,40029,OUN,Coal,Coal,bp16ap26 bp18mr25
OKZ044,40033,OUN,Cotton,Cotton,bp16ap26 bp18mr25
OKZ045,40067,OUN,Jefferson,Jefferson,bp16ap26 bp18mr25
OKZ046,40019,OUN,Carter,Carter,bp16ap26 bp18mr25
OKZ047,40069,OUN,Johnston,Johnston,bp16ap26 bp18mr25
OKZ048,40005,OUN,Atoka,Atoka,bp16ap26 bp18mr25
OKZ049,40127,TSA,Pushmataha,Pushmataha,bp16ap26 bp18mr25
OKZ050,40085,OUN,Love,Love,bp16ap26 bp18mr25
OKZ051,40095,OUN,Marshall,Marshall,bp16ap26 bp18mr25
OKZ052,40013,OUN,Bryan,Bryan,bp16ap26 bp18mr25
OKZ053,40023,TSA,Choctaw,Choctaw,bp16ap26 bp18mr25
OKZ054,40113,TSA,Osage,Osage,bp18mr25
OKZ055,40147,TSA,Washington,Washington,bp16ap26 bp18mr25
OKZ056,40105,TSA,Nowata,Nowata,bp16ap26 bp18mr25
OKZ057,40035,TSA,Craig,Craig,bp16ap26 bp18mr25
OKZ058,40115,TSA,Ottawa,Ottawa,bp16ap26 bp18mr25
OKZ059,40117,TSA,Pawnee,Pawnee,bp16ap26 bp18mr25
OKZ060,40143,TSA,Tulsa,Tulsa,bp16ap26 bp18mr25
OKZ061,40131,TSA,Rogers,Rogers,bp16ap26 bp18mr25
OKZ062,40097,TSA,Mayes,Mayes,bp16ap26 bp18mr25
OKZ063,40041,TSA,Delaware,Delaware,bp16ap26 bp18mr25
OKZ064,40037,TSA,Creek,Creek,bp16ap26 bp18mr25
OKZ065,40107,TSA,Okfuskee,Okfuskee,bp16ap26 bp18mr25
OKZ066,40111,TSA,Okmulgee,Okmulgee,bp16ap26 bp18mr25
OKZ067,40145,TSA,Wagoner,Wagoner,bp16ap26 bp18mr25
OKZ068,40021,TSA,Cherokee,Cherokee,bp16ap26 bp18mr25
OKZ069,40001,TSA,Adair,Adair,bp16ap26 bp18mr25
OKZ070,40101,TSA,Muskogee,Muskogee,bp16ap26 bp18mr25
OKZ071,40091,TSA,McIntosh,McIntosh,bp16ap26 bp18mr25
OKZ072,40135,TSA,Sequoyah,Sequoyah,bp18mr25
OKZ073,40121,TSA,Pittsburg,Pittsburg,bp16ap26 bp18mr25
OKZ074,40061,TSA,Haskell,Haskell,bp16ap26 bp18mr25
OKZ075,40077,TSA,Latimer,Latimer,bp16ap26 bp18mr25
OKZ076,40079,TSA,Le Flore,Le Flore,bp18mr25
OKZ077,40089,SHV,McCurtain,McCurtain,bp16ap26 bp18mr25
OKZ154,40113,TSA,Western Osage,Osage,bp16ap26
OKZ172,40135,TSA,Northern Sequoyah,Sequoyah,bp16ap26
OKZ176,40079,TSA,Northern Le Flore,Le Flore,bp16ap26
OKZ254,40113,TSA,Northeast Osage,Osage,bp16ap26
OKZ272,40135,TSA,Central and Southern Sequoyah,Sequoyah,bp16ap26
OKZ276,40079,TSA,Central Le Flore,Le Flore,bp16ap26
OKZ354,40113,TSA,Southeast Osage,Osage,bp16ap26
OKZ376,40079,TSA,Southern Le Flore,Le Flore,bp16ap26
ORZ015,41027,PDT,Western Columbia River Gorge,Hood River,bp18mr25
ORZ015,41051,PDT,Western Columbia River Gorge,Multnomah,bp18mr25
ORZ016,41031,PDT,Central Columbia River Gorge,Hood River,bp18mr25
ORZ021,41011,MFR,South Central Oregon Coast,Coos,bp16ap26 bp18mr25
ORZ021,41015,MFR,South Central Oregon Coast,Curry,bp16ap26 bp18mr25
ORZ021,41019,MFR,South Central Oregon Coast,Douglas,bp16ap26 bp18mr25
ORZ022,41015,MFR,Curry County Coast,Curry,bp16ap26 bp18mr25
ORZ023,41011,MFR,Central Douglas County,Coos,bp16ap26 bp18mr25
ORZ023,41019,MFR,Central Douglas County,Douglas,bp16ap26 bp18mr25
ORZ024,41015,MFR,Eastern Curry County and Josephine County,Curry,bp16ap26 bp18mr25
ORZ024,41033,MFR,Eastern Curry County and Josephine County,Josephine,bp16ap26 bp18mr25
ORZ025,41019,MFR,Eastern Douglas County Foothills,Douglas,bp16ap26 bp18mr25
ORZ026,41029,MFR,Jackson County,Jackson,bp16ap26 bp18mr25
ORZ027,41019,MFR,South Central Oregon Cascades,Douglas,bp16ap26 bp18mr25
ORZ027,41029,MFR,South Central Oregon Cascades,Jackson,bp16ap26 bp18mr25
ORZ027,41035,MFR,South Central Oregon Cascades,Klamath,bp16ap26 bp18mr25
ORZ028,41029,MFR,Siskiyou Mountains and Southern Oregon Cascades,Jackson,bp16ap26 bp18mr25
ORZ028,41033,MFR,Siskiyou Mountains and Southern Oregon Cascades,Josephine,bp16ap26 bp18mr25
ORZ028,41035,MFR,Siskiyou Mountains and Southern Oregon Cascades,Klamath,bp16ap26 bp18mr25
ORZ029,41035,MFR,Klamath Basin,Klamath,bp16ap26 bp18mr25
ORZ030,41035,MFR,Northern and Eastern Klamath County and Western Lake County,Klamath,bp16ap26 bp18mr25
ORZ030,41037,MFR,Northern and Eastern Klamath County and Western Lake County,Lake,bp16ap26 bp18mr25
ORZ031,41037,MFR,Central and Eastern Lake County,Lake,bp16ap26 bp18mr25
ORZ041,41021,PDT,East Columbia River Gorge,Gilliam,bp16ap26 bp18mr25
ORZ041,41055,PDT,East Columbia River Gorge,Sherman,bp16ap26 bp18mr25
ORZ041,41065,PDT,East Columbia River Gorge,Wasco,bp16ap26 bp18mr25
ORZ044,41049,PDT,Lower Columbia Basin of Oregon,Morrow,bp16ap26 bp18mr25
ORZ044,41059,PDT,Lower Columbia Basin of Oregon,Umatilla,bp16ap26 bp18mr25
ORZ049,41061,PDT,Grande Ronde Valley,Union,bp16ap26 bp18mr25
ORZ050,41061,PDT,Wallowa County,Union,bp16ap26 bp18mr25
ORZ050,41063,PDT,Wallowa County,Wallowa,bp16ap26 bp18mr25
ORZ061,41025,BOI,Harney County,Harney,bp16ap26 bp18mr25
ORZ062,41001,BOI,Baker County,Baker,bp16ap26 bp18mr25
ORZ063,41045,BOI,Malheur County,Malheur,bp16ap26 bp18mr25
ORZ064,41045,BOI,Oregon Lower Treasure Valley,Malheur,bp16ap26 bp18mr25
ORZ101,41007,PQR,Clatsop County Coast,Clatsop,bp16ap26 bp18mr25
ORZ102,41057,PQR,Tillamook County Coast,Tillamook,bp16ap26 bp18mr25
ORZ103,41039,PQR,Central Coast of Oregon,Lane,bp16ap26 bp18mr25
ORZ103,41041,PQR,Central Coast of Oregon,Lincoln,bp16ap26 bp18mr25
ORZ104,41007,PQR,North Oregon Coast Range Lowlands,Clatsop,bp16ap26 bp18mr25
ORZ104,41041,PQR,North Oregon Coast Range Lowlands,Lincoln,bp16ap26 bp18mr25
ORZ104,41057,PQR,North Oregon Coast Range Lowlands,Tillamook,bp16ap26 bp18mr25
ORZ104,41067,PQR,North Oregon Coast Range Lowlands,Washington,bp16ap26 bp18mr25
ORZ104,41071,PQR,North Oregon Coast Range Lowlands,Yamhill,bp16ap26 bp18mr25
ORZ105,41003,PQR,Central Oregon Coast Range Lowlands,Benton,bp16ap26 bp18mr25
ORZ105,41039,PQR,Central Oregon Coast Range Lowlands,Lane,bp16ap26 bp18mr25
ORZ105,41041,PQR,Central Oregon Coast Range Lowlands,Lincoln,bp16ap26 bp18mr25
ORZ105,41053,PQR,Central Oregon Coast Range Lowlands,Polk,bp16ap26 bp18mr25
ORZ106,41007,PQR,North Oregon Coast Range,Clatsop,bp16ap26 bp18mr25
ORZ106,41009,PQR,North Oregon Coast Range,Columbia,bp16ap26 bp18mr25
ORZ106,41057,PQR,North Oregon Coast Range,Tillamook,bp16ap26 bp18mr25
ORZ106,41067,PQR,North Oregon Coast Range,Washington,bp16ap26 bp18mr25
ORZ106,41071,PQR,North Oregon Coast Range,Yamhill,bp16ap26 bp18mr25
ORZ107,41003,PQR,Central Oregon Coast Range,Benton,bp16ap26 bp18mr25
ORZ107,41039,PQR,Central Oregon Coast Range,Lane,bp16ap26 bp18mr25
ORZ107,41041,PQR,Central Oregon Coast Range,Lincoln,bp16ap26 bp18mr25
ORZ107,41053,PQR,Central Oregon Coast Range,Polk,bp16ap26 bp18mr25
ORZ108,41009,PQR,Lower Columbia River,Columbia,bp16ap26 bp18mr25
ORZ109,41005,PQR,Tualatin Valley,Clackamas,bp16ap26 bp18mr25
ORZ109,41051,PQR,Tualatin Valley,Multnomah,bp16ap26 bp18mr25
ORZ109,41067,PQR,Tualatin Valley,Washington,bp16ap26 bp18mr25
ORZ110,41051,PQR,West Hills and Chehalem Mountains,Multnomah,bp16ap26 bp18mr25
ORZ110,41067,PQR,West Hills and Chehalem Mountains,Washington,bp16ap26 bp18mr25
ORZ110,41071,PQR,West Hills and Chehalem Mountains,Yamhill,bp16ap26 bp18mr25
ORZ111,41005,PQR,Inner Portland Metro,Clackamas,bp16ap26 bp18mr25
ORZ111,41051,PQR,Inner Portland Metro,Multnomah,bp16ap26 bp18mr25
ORZ112,41051,PQR,East Portland Metro,Multnomah,bp16ap26 bp18mr25
ORZ113,41005,PQR,Outer Southeast Portland Metro,Clackamas,bp16ap26 bp18mr25
ORZ113,41051,PQR,Outer Southeast Portland Metro,Multnomah,bp16ap26 bp18mr25
ORZ114,41053,PQR,West Central Willamette Valley,Polk,bp16ap26 bp18mr25
ORZ114,41071,PQR,West Central Willamette Valley,Yamhill,bp16ap26 bp18mr25
ORZ115,41005,PQR,East Central Willamette Valley,Clackamas,bp16ap26 bp18mr25
ORZ115,41047,PQR,East Central Willamette Valley,Marion,bp16ap26 bp18mr25
ORZ116,41003,PQR,Benton County Lowlands,Benton,bp16ap26 bp18mr25
ORZ117,41043,PQR,Linn County Lowlands,Linn,bp16ap26 bp18mr25
ORZ118,41039,PQR,Lane County Lowlands,Lane,bp16ap26 bp18mr25
ORZ119,41027,PQR,West Columbia River Gorge of Oregon above 500 ft,Hood River,bp16ap26 bp18mr25
ORZ119,41051,PQR,West Columbia River Gorge of Oregon above 500 ft,Multnomah,bp16ap26 bp18mr25
ORZ120,41027,PQR,West Columbia River Gorge I-84 Corridor,Hood River,bp16ap26 bp18mr25
ORZ120,41051,PQR,West Columbia River Gorge I-84 Corridor,Multnomah,bp16ap26 bp18mr25
ORZ121,41027,PQR,Upper Hood River Valley,Hood River,bp16ap26 bp18mr25
ORZ122,41027,PQR,Central Columbia River Gorge I-84 Corridor,Hood River,bp16ap26 bp18mr25
ORZ123,41005,PQR,Clackamas County Cascade Foothills,Clackamas,bp16ap26 bp18mr25
ORZ124,41043,PQR,Cascade Foothills of Marion and Linn Counties,Linn,bp16ap26 bp18mr25
ORZ124,41047,PQR,Cascade Foothills of Marion and Linn Counties,Marion,bp16ap26 bp18mr25
ORZ125,41039,PQR,Lane County Cascade Foothills,Lane,bp16ap26 bp18mr25
ORZ126,41005,PQR,North Oregon Cascades,Clackamas,bp16ap26 bp18mr25
ORZ126,41027,PQR,North Oregon Cascades,Hood River,bp16ap26 bp18mr25
ORZ126,41051,PQR,North Oregon Cascades,Multnomah,bp16ap26 bp18mr25
ORZ127,41043,PQR,Cascades of Marion and Linn Counties,Linn,bp16ap26 bp18mr25
ORZ127,41047,PQR,Cascades of Marion and Linn Counties,Marion,bp16ap26 bp18mr25
ORZ128,41039,PQR,Cascades of Lane County,Lane,bp16ap26 bp18mr25
ORZ502,41059,PDT,Northern Blue Mountains of Oregon,Umatilla,bp16ap26 bp18mr25
ORZ502,41061,PDT,Northern Blue Mountains of Oregon,Union,bp16ap26 bp18mr25
ORZ502,41063,PDT,Northern Blue Mountains of Oregon,Wallowa,bp16ap26 bp18mr25
ORZ503,41021,PDT,Southern Blue Mountains of Oregon,Gilliam,bp16ap26 bp18mr25
ORZ503,41023,PDT,Southern Blue Mountains of Oregon,Grant,bp16ap26 bp18mr25
ORZ503,41049,PDT,Southern Blue Mountains of Oregon,Morrow,bp16ap26 bp18mr25
ORZ503,41059,PDT,Southern Blue Mountains of Oregon,Umatilla,bp16ap26 bp18mr25
ORZ503,41061,PDT,Southern Blue Mountains of Oregon,Union,bp16ap26 bp18mr25
ORZ503,41069,PDT,Southern Blue Mountains of Oregon,Wheeler,bp16ap26 bp18mr25
ORZ505,41023,PDT,John Day Basin,Grant,bp16ap26 bp18mr25
ORZ505,41031,PDT,John Day Basin,Jefferson,bp16ap26 bp18mr25
ORZ505,41049,PDT,John Day Basin,Morrow,bp16ap26 bp18mr25
ORZ505,41065,PDT,John Day Basin,Wasco,bp16ap26 bp18mr25
ORZ505,41069,PDT,John Day Basin,Wheeler,bp16ap26 bp18mr25
ORZ506,41013,PDT,Ochoco-John Day Highlands,Crook,bp16ap26 bp18mr25
ORZ506,41017,PDT,Ochoco-John Day Highlands,Deschutes,bp16ap26 bp18mr25
ORZ506,41023,PDT,Ochoco-John Day Highlands,Grant,bp16ap26 bp18mr25
ORZ506,41031,PDT,Ochoco-John Day Highlands,Jefferson,bp16ap26 bp18mr25
ORZ506,41069,PDT,Ochoco-John Day Highlands,Wheeler,bp16ap26 bp18mr25
ORZ507,41059,PDT,Foothills of the Northern Blue Mountains of Oregon,Umatilla,bp16ap26 bp18mr25
ORZ508,41021,PDT,Foothills of the Southern Blue Mountains of Oregon,Gilliam,bp16ap26 bp18mr25
ORZ508,41049,PDT,Foothills of the Southern Blue Mountains of Oregon,Morrow,bp16ap26 bp18mr25
ORZ508,41069,PDT,Foothills of the Southern Blue Mountains of Oregon,Wheeler,bp16ap26 bp18mr25
ORZ509,41017,PDT,East Slopes of the Oregon Cascades,Deschutes,bp16ap26 bp18mr25
ORZ509,41031,PDT,East Slopes of the Oregon Cascades,Jefferson,bp16ap26 bp18mr25
ORZ509,41065,PDT,East Slopes of the Oregon Cascades,Wasco,bp16ap26 bp18mr25
ORZ510,41055,PDT,North Central Oregon,Sherman,bp16ap26 bp18mr25
ORZ510,41065,PDT,North Central Oregon,Wasco,bp16ap26 bp18mr25
ORZ511,41013,PDT,Central Oregon,Crook,bp16ap26 bp18mr25
ORZ511,41017,PDT,Central Oregon,Deschutes,bp16ap26 bp18mr25
ORZ511,41031,PDT,Central Oregon,Jefferson,bp16ap26 bp18mr25
PAZ001,42049,CLE,Northern Erie,Erie,bp16ap26 bp18mr25
PAZ002,42049,CLE,Southern Erie,Erie,bp16ap26 bp18mr25
PAZ003,42039,CLE,Crawford,Crawford,bp16ap26 bp18mr25
PAZ004,42123,CTP,Warren,Warren,bp16ap26 bp18mr25
PAZ005,42083,CTP,McKean,McKean,bp16ap26 bp18mr25
PAZ006,42105,CTP,Potter,Potter,bp16ap26 bp18mr25
PAZ007,42085,PBZ,Mercer,Mercer,bp16ap26 bp18mr25
PAZ008,42121,PBZ,Venango,Venango,bp16ap26 bp18mr25
PAZ009,42053,PBZ,Forest,Forest,bp16ap26 bp18mr25
PAZ010,42047,CTP,Elk,Elk,bp16ap26 bp18mr25
PAZ011,42023,CTP,Cameron,Cameron,bp16ap26 bp18mr25
PAZ012,42035,CTP,Northern Clinton,Clinton,bp16ap26 bp18mr25
PAZ013,42073,PBZ,Lawrence,Lawrence,bp16ap26 bp18mr25
PAZ014,42019,PBZ,Butler,Butler,bp16ap26 bp18mr25
PAZ015,42031,PBZ,Clarion,Clarion,bp16ap26 bp18mr25
PAZ016,42065,PBZ,Jefferson,Jefferson,bp16ap26 bp18mr25
PAZ017,42033,CTP,Clearfield,Clearfield,bp16ap26 bp18mr25
PAZ018,42027,CTP,Northern Centre,Centre,bp16ap26 bp18mr25
PAZ019,42027,CTP,Southern Centre,Centre,bp16ap26 bp18mr25
PAZ020,42007,PBZ,Beaver,Beaver,bp16ap26 bp18mr25
PAZ021,42003,PBZ,Allegheny,Allegheny,bp16ap26 bp18mr25
PAZ022,42005,PBZ,Armstrong,Armstrong,bp16ap26 bp18mr25
PAZ024,42021,CTP,Cambria,Cambria,bp16ap26 bp18mr25
PAZ025,42013,CTP,Blair,Blair,bp16ap26 bp18mr25
PAZ026,42061,CTP,Huntingdon,Huntingdon,bp16ap26 bp18mr25
PAZ027,42087,CTP,Mifflin,Mifflin,bp16ap26 bp18mr25
PAZ028,42067,CTP,Juniata,Juniata,bp16ap26 bp18mr25
PAZ029,42125,PBZ,Washington,Washington,bp16ap26 bp18mr25
PAZ031,42059,PBZ,Greene,Greene,bp16ap26 bp18mr25
PAZ033,42111,CTP,Somerset,Somerset,bp16ap26 bp18mr25
PAZ034,42009,CTP,Bedford,Bedford,bp16ap26 bp18mr25
PAZ035,42057,CTP,Fulton,Fulton,bp16ap26 bp18mr25
PAZ036,42055,CTP,Franklin,Franklin,bp16ap26 bp18mr25
PAZ037,42117,CTP,Tioga,Tioga,bp16ap26 bp18mr25
PAZ038,42015,BGM,Bradford,Bradford,bp16ap26 bp18mr25
PAZ039,42115,BGM,Susquehanna,Susquehanna,bp16ap26 bp18mr25
PAZ040,42127,BGM,Northern Wayne,Wayne,bp16ap26 bp18mr25
PAZ041,42081,CTP,Northern Lycoming,Lycoming,bp16ap26 bp18mr25
PAZ042,42113,CTP,Sullivan,Sullivan,bp16ap26 bp18mr25
PAZ043,42131,BGM,Wyoming,Wyoming,bp16ap26 bp18mr25
PAZ044,42069,BGM,Lackawanna,Lackawanna,bp16ap26 bp18mr25
PAZ045,42035,CTP,Southern Clinton,Clinton,bp16ap26 bp18mr25
PAZ046,42081,CTP,Southern Lycoming,Lycoming,bp16ap26 bp18mr25
PAZ047,42079,BGM,Luzerne,Luzerne,bp16ap26 bp18mr25
PAZ048,42103,BGM,Pike,Pike,bp16ap26 bp18mr25
PAZ049,42119,CTP,Union,Union,bp16ap26 bp18mr25
PAZ050,42109,CTP,Snyder,Snyder,bp16ap26 bp18mr25
PAZ051,42093,CTP,Montour,Montour,bp16ap26 bp18mr25
PAZ052,42097,CTP,Northumberland,Northumberland,bp16ap26 bp18mr25
PAZ053,42037,CTP,Columbia,Columbia,bp16ap26 bp18mr25
PAZ054,42025,PHI,Carbon,Carbon,bp16ap26 bp18mr25
PAZ055,42089,PHI,Monroe,Monroe,bp16ap26 bp18mr25
PAZ056,42099,CTP,Perry,Perry,bp16ap26 bp18mr25
PAZ057,42043,CTP,Dauphin,Dauphin,bp16ap26 bp18mr25
PAZ058,42107,CTP,Schuylkill,Schuylkill,bp16ap26 bp18mr25
PAZ059,42075,CTP,Lebanon,Lebanon,bp16ap26 bp18mr25
PAZ060,42011,PHI,Berks,Berks,bp16ap26 bp18mr25
PAZ061,42077,PHI,Lehigh,Lehigh,bp16ap26 bp18mr25
PAZ062,42095,PHI,Northampton,Northampton,bp16ap26 bp18mr25
PAZ063,42041,CTP,Cumberland,Cumberland,bp16ap26 bp18mr25
PAZ064,42001,CTP,Adams,Adams,bp16ap26 bp18mr25
PAZ065,42133,CTP,York,York,bp16ap26 bp18mr25
PAZ066,42071,CTP,Lancaster,Lancaster,bp16ap26 bp18mr25
PAZ070,42045,PHI,Delaware,Delaware,bp16ap26 bp18mr25
PAZ071,42101,PHI,Philadelphia,Philadelphia,bp16ap26 bp18mr25
PAZ072,42127,BGM,Southern Wayne,Wayne,bp16ap26 bp18mr25
PAZ073,42129,PBZ,Westmoreland,Westmoreland,bp16ap26 bp18mr25
PAZ074,42129,PBZ,Westmoreland Ridges,Westmoreland,bp16ap26 bp18mr25
PAZ075,42051,PBZ,Fayette,Fayette,bp16ap26 bp18mr25
PAZ076,42051,PBZ,Fayette Ridges,Fayette,bp16ap26 bp18mr25
PAZ077,42063,PBZ,Indiana,Indiana,bp16ap26 bp18mr25
PAZ078,42063,PBZ,Higher Elevations of Indiana,Indiana,bp16ap26 bp18mr25
PAZ101,42029,PHI,Western Chester,Chester,bp16ap26 bp18mr25
PAZ102,42029,PHI,Eastern Chester,Chester,bp16ap26 bp18mr25
PAZ103,42091,PHI,Western Montgomery,Montgomery,bp16ap26 bp18mr25
PAZ104,42091,PHI,Eastern Montgomery,Montgomery,bp16ap26 bp18mr25
PAZ105,42017,PHI,Bucks,Upper Bucks,bp16ap26 bp18mr25
PAZ106,42017,PHI,Bucks,Lower Bucks,bp16ap26 bp18mr25
PRZ001,72021,SJU,San Juan and Vicinity,Bayamon,bp16ap26 bp18mr25
PRZ001,72031,SJU,San Juan and Vicinity,Carolina,bp16ap26 bp18mr25
PRZ001,72033,SJU,San Juan and Vicinity,Catano,bp16ap26 bp18mr25
PRZ001,72061,SJU,San Juan and Vicinity,Guaynabo,bp16ap26 bp18mr25
PRZ001,72127,SJU,San Juan and Vicinity,San Juan,bp16ap26 bp18mr25
PRZ001,72135,SJU,San Juan and Vicinity,Toa Alta,bp16ap26 bp18mr25
PRZ001,72137,SJU,San Juan and Vicinity,Toa Baja,bp16ap26 bp18mr25
PRZ001,72139,SJU,San Juan and Vicinity,Trujillo Alto,bp16ap26 bp18mr25
PRZ002,72029,SJU,Northeast,Canovanas,bp16ap26 bp18mr25
PRZ002,72037,SJU,Northeast,Ceiba,bp16ap26 bp18mr25
PRZ002,72053,SJU,Northeast,Fajardo,bp16ap26 bp18mr25
PRZ002,72069,SJU,Northeast,Humacao,bp16ap26 bp18mr25
PRZ002,72087,SJU,Northeast,Loiza,bp16ap26 bp18mr25
PRZ002,72089,SJU,Northeast,Luquillo,bp16ap26 bp18mr25
PRZ002,72103,SJU,Northeast,Naguabo,bp16ap26 bp18mr25
PRZ002,72119,SJU,Northeast,Rio Grande,bp16ap26 bp18mr25
PRZ003,72015,SJU,Southeast,Arroyo,bp16ap26 bp18mr25
PRZ003,72057,SJU,Southeast,Guayama,bp16ap26 bp18mr25
PRZ003,72095,SJU,Southeast,Maunabo,bp16ap26 bp18mr25
PRZ003,72109,SJU,Southeast,Patillas,bp16ap26 bp18mr25
PRZ003,72123,SJU,Southeast,Salinas,bp16ap26 bp18mr25
PRZ003,72151,SJU,Southeast,Yabucoa,bp16ap26 bp18mr25
PRZ004,72007,SJU,Eastern Interior,Aguas Buenas,bp16ap26 bp18mr25
PRZ004,72025,SJU,Eastern Interior,Caguas,bp16ap26 bp18mr25
PRZ004,72035,SJU,Eastern Interior,Cayey,bp16ap26 bp18mr25
PRZ004,72041,SJU,Eastern Interior,Cidra,bp16ap26 bp18mr25
PRZ004,72045,SJU,Eastern Interior,Comerio,bp16ap26 bp18mr25
PRZ004,72063,SJU,Eastern Interior,Gurabo,bp16ap26 bp18mr25
PRZ004,72077,SJU,Eastern Interior,Juncos,bp16ap26 bp18mr25
PRZ004,72085,SJU,Eastern Interior,Las Piedras,bp16ap26 bp18mr25
PRZ004,72129,SJU,Eastern Interior,San Lorenzo,bp16ap26 bp18mr25
PRZ005,72013,SJU,North Central,Arecibo,bp16ap26 bp18mr25
PRZ005,72017,SJU,North Central,Barceloneta,bp16ap26 bp18mr25
PRZ005,72051,SJU,North Central,Dorado,bp16ap26 bp18mr25
PRZ005,72054,SJU,North Central,Florida,bp16ap26 bp18mr25
PRZ005,72091,SJU,North Central,Manati,bp16ap26 bp18mr25
PRZ005,72143,SJU,North Central,Vega Alta,bp16ap26 bp18mr25
PRZ005,72145,SJU,North Central,Vega Baja,bp16ap26 bp18mr25
PRZ006,72009,SJU,Central Interior,Aibonito,bp16ap26 bp18mr25
PRZ006,72019,SJU,Central Interior,Barranquitas,bp16ap26 bp18mr25
PRZ006,72039,SJU,Central Interior,Ciales,bp16ap26 bp18mr25
PRZ006,72043,SJU,Central Interior,Coamo,bp16ap26 bp18mr25
PRZ006,72047,SJU,Central Interior,Corozal,bp16ap26 bp18mr25
PRZ006,72073,SJU,Central Interior,Jayuya,bp16ap26 bp18mr25
PRZ006,72101,SJU,Central Interior,Morovis,bp16ap26 bp18mr25
PRZ006,72105,SJU,Central Interior,Naranjito,bp16ap26 bp18mr25
PRZ006,72107,SJU,Central Interior,Orocovis,bp16ap26 bp18mr25
PRZ006,72149,SJU,Central Interior,Villalba,bp16ap26 bp18mr25
PRZ007,72059,SJU,Ponce and Vicinity,Guayanilla,bp16ap26 bp18mr25
PRZ007,72075,SJU,Ponce and Vicinity,Juana Diaz,bp16ap26 bp18mr25
PRZ007,72111,SJU,Ponce and Vicinity,Penuelas,bp16ap26 bp18mr25
PRZ007,72113,SJU,Ponce and Vicinity,Ponce,bp16ap26 bp18mr25
PRZ007,72133,SJU,Ponce and Vicinity,Santa Isabel,bp16ap26 bp18mr25
PRZ007,72153,SJU,Ponce and Vicinity,Yauco,bp16ap26 bp18mr25
PRZ008,72005,SJU,Northwest,Aguadilla,bp16ap26 bp18mr25
PRZ008,72027,SJU,Northwest,Camuy,bp16ap26 bp18mr25
PRZ008,72065,SJU,Northwest,Hatillo,bp16ap26 bp18mr25
PRZ008,72071,SJU,Northwest,Isabela,bp16ap26 bp18mr25
PRZ008,72115,SJU,Northwest,Quebradillas,bp16ap26 bp18mr25
PRZ009,72001,SJU,Western Interior,Adjuntas,bp16ap26 bp18mr25
PRZ009,72081,SJU,Western Interior,Lares,bp16ap26 bp18mr25
PRZ009,72083,SJU,Western Interior,Las Marias,bp16ap26 bp18mr25
PRZ009,72093,SJU,Western Interior,Maricao,bp16ap26 bp18mr25
PRZ009,72121,SJU,Western Interior,Sabana Grande,bp16ap26 bp18mr25
PRZ009,72131,SJU,Western Interior,San Sebastian,bp16ap26 bp18mr25
PRZ009,72141,SJU,Western Interior,Utuado,bp16ap26 bp18mr25
PRZ010,72003,SJU,Mayaguez and Vicinity,Aguada,bp16ap26 bp18mr25
PRZ010,72011,SJU,Mayaguez and Vicinity,Anasco,bp16ap26 bp18mr25
PRZ010,72067,SJU,Mayaguez and Vicinity,Hormigueros,bp16ap26 bp18mr25
PRZ010,72097,SJU,Mayaguez and Vicinity,Mayaguez,bp16ap26 bp18mr25
PRZ010,72099,SJU,Mayaguez and Vicinity,Moca,bp16ap26 bp18mr25
PRZ010,72117,SJU,Mayaguez and Vicinity,Rincon,bp16ap26 bp18mr25
PRZ010,72125,SJU,Mayaguez and Vicinity,San German,bp16ap26 bp18mr25
PRZ011,72023,SJU,Southwest,Cabo Rojo,bp16ap26 bp18mr25
PRZ011,72055,SJU,Southwest,Guanica,bp16ap26 bp18mr25
PRZ011,72079,SJU,Southwest,Lajas,bp16ap26 bp18mr25
PRZ012,72049,SJU,Culebra,Culebra,bp16ap26 bp18mr25
PRZ013,72147,SJU,Vieques,Vieques,bp16ap26 bp18mr25
PWZ001,70100,PQW,Kayangel,Kayangel,bp16ap26 bp18mr25
PWZ002,70212,PQW,Melekeok,Melekeok,bp16ap26 bp18mr25
PWZ003,70004,PQW,Airai,Airai,bp16ap26 bp18mr25
PWZ004,70150,PQW,Koror,Koror,bp16ap26 bp18mr25
PWZ005,70350,PQW,Peleliu,Peleliu,bp16ap26 bp18mr25
PWZ006,70010,PQW,Angaur,Angaur,bp16ap26 bp18mr25
PWZ007,70370,PQW,Sonsorol,Sonsorol,bp16ap26 bp18mr25
PWZ008,70050,PQW,Tobi,Tobi,bp16ap26 bp18mr25
RIZ001,44007,BOX,Northwest Providence,Providence,bp16ap26 bp18mr25
RIZ002,44007,BOX,Southeast Providence,Providence,bp16ap26 bp18mr25
RIZ003,44003,BOX,Western Kent,Kent,bp16ap26 bp18mr25
RIZ004,44003,BOX,Eastern Kent,Kent,bp16ap26 bp18mr25
RIZ005,44001,BOX,Bristol,Bristol,bp16ap26 bp18mr25
RIZ006,44009,BOX,Washington,Washington,bp16ap26 bp18mr25
RIZ007,44005,BOX,Newport,Newport,bp16ap26 bp18mr25
RIZ008,44009,BOX,Block Island,Washington,bp16ap26 bp18mr25
SCZ008,45021,GSP,Cherokee,Cherokee,bp16ap26 bp18mr25
SCZ009,45091,GSP,York,York,bp16ap26 bp18mr25
SCZ010,45007,GSP,Anderson,Anderson,bp16ap26 bp18mr25
SCZ011,45001,GSP,Abbeville,Abbeville,bp16ap26 bp18mr25
SCZ012,45059,GSP,Laurens,Laurens,bp16ap26 bp18mr25
SCZ013,45087,GSP,Union,Union,bp16ap26 bp18mr25
SCZ014,45023,GSP,Chester,Chester,bp16ap26 bp18mr25
SCZ016,45025,CAE,Chesterfield,Chesterfield,bp16ap26 bp18mr25
SCZ017,45069,ILM,Marlboro,Marlboro,bp16ap26 bp18mr25
SCZ018,45065,CAE,McCormick,McCormick,bp16ap26 bp18mr25
SCZ019,45047,GSP,Greenwood,Greenwood,bp16ap26 bp18mr25
SCZ020,45071,CAE,Newberry,Newberry,bp16ap26 bp18mr25
SCZ021,45039,CAE,Fairfield,Fairfield,bp16ap26 bp18mr25
SCZ022,45055,CAE,Kershaw,Kershaw,bp16ap26 bp18mr25
SCZ023,45031,ILM,Darlington,Darlington,bp16ap26 bp18mr25
SCZ024,45033,ILM,Dillon,Dillon,bp16ap26 bp18mr25
SCZ025,45037,CAE,Edgefield,Edgefield,bp16ap26 bp18mr25
SCZ026,45081,CAE,Saluda,Saluda,bp16ap26 bp18mr25
SCZ027,45063,CAE,Lexington,Lexington,bp16ap26 bp18mr25
SCZ028,45079,CAE,Richland,Richland,bp16ap26 bp18mr25
SCZ029,45061,CAE,Lee,Lee,bp16ap26 bp18mr25
SCZ030,45003,CAE,Aiken,Aiken,bp16ap26 bp18mr25
SCZ031,45085,CAE,Sumter,Sumter,bp16ap26 bp18mr25
SCZ032,45041,ILM,Florence,Florence,bp16ap26 bp18mr25
SCZ033,45067,ILM,Marion,Marion,bp16ap26 bp18mr25
SCZ035,45011,CAE,Barnwell,Barnwell,bp16ap26 bp18mr25
SCZ037,45017,CAE,Calhoun,Calhoun,bp16ap26 bp18mr25
SCZ038,45027,CAE,Clarendon,Clarendon,bp16ap26 bp18mr25
SCZ039,45089,ILM,Williamsburg,Williamsburg,bp16ap26 bp18mr25
SCZ040,45005,CHS,Allendale,Allendale,bp16ap26 bp18mr25
SCZ041,45009,CAE,Bamberg,Bamberg,bp16ap26 bp18mr25
SCZ042,45049,CHS,Hampton,Hampton,bp16ap26 bp18mr25
SCZ043,45029,CHS,Inland Colleton,Colleton,bp16ap26 bp18mr25
SCZ044,45035,CHS,Dorchester,Dorchester,bp16ap26 bp18mr25
SCZ045,45015,CHS,Inland Berkeley,Berkeley,bp16ap26 bp18mr25
SCZ047,45053,CHS,Inland Jasper,Jasper,bp18mr25
SCZ048,45013,CHS,Beaufort,Beaufort,bp18mr25
SCZ049,45029,CHS,Coastal Colleton,Colleton,bp18mr25
SCZ050,45019,CHS,Charleston,Charleston,bp18mr25
SCZ051,45053,CHS,Coastal Jasper,Jasper,bp18mr25
SCZ052,45015,CHS,Tidal Berkeley,Berkeley,bp18mr25
SCZ054,45051,ILM,Coastal Horry,Horry,bp16ap26 bp18mr25
SCZ055,45043,ILM,Inland Georgetown,Georgetown,bp16ap26 bp18mr25
SCZ056,45043,ILM,Coastal Georgetown,Georgetown,bp16ap26 bp18mr25
SCZ058,45051,ILM,Central Horry,Horry,bp16ap26 bp18mr25
SCZ059,45051,ILM,Northern Horry,Horry,bp16ap26 bp18mr25
SCZ101,45073,GSP,Oconee Mountains,Oconee,bp16ap26 bp18mr25
SCZ102,45077,GSP,Pickens Mountains,Pickens,bp16ap26 bp18mr25
SCZ103,45045,GSP,Greenville Mountains,Greenville,bp16ap26 bp18mr25
SCZ104,45073,GSP,Greater Oconee,Oconee,bp16ap26 bp18mr25
SCZ105,45077,GSP,Greater Pickens,Pickens,bp16ap26 bp18mr25
SCZ106,45045,GSP,Central Greenville,Greenville,bp16ap26 bp18mr25
SCZ107,45045,GSP,Southern Greenville,Greenville,bp16ap26 bp18mr25
SCZ108,45083,GSP,Northern Spartanburg,Spartanburg,bp16ap26 bp18mr25
SCZ109,45083,GSP,Southern Spartanburg,Spartanburg,bp16ap26 bp18mr25
SCZ115,45057,CAE,Northern Lancaster ,Lancaster,bp16ap26 bp18mr25
SCZ116,45057,CAE,Southern Lancaster ,Lancaster,bp16ap26 bp18mr25
SCZ135,45075,CAE,Northwestern Orangeburg,Orangeburg,bp16ap26 bp18mr25
SCZ136,45075,CAE,Central Orangeburg,Orangeburg,bp16ap26 bp18mr25
SCZ137,45075,CAE,Southeastern Orangeburg,Orangeburg,bp16ap26 bp18mr25
SCZ147,45053,CHS,Inland Jasper,Jasper,bp16ap26
SCZ148,45013,CHS,Beaufort,Beaufort,bp16ap26
SCZ149,45029,CHS,Coastal Colleton,Colleton,bp16ap26
SCZ150,45019,CHS,Charleston,Charleston,bp16ap26
SCZ151,45053,CHS,Coastal Jasper,Jasper,bp16ap26
SCZ152,45015,CHS,Tidal Berkeley,Berkeley,bp16ap26
SDZ001,46063,UNR,Harding,Harding,bp16ap26 bp18mr25
SDZ002,46105,UNR,Northern Perkins ,Perkins,bp16ap26 bp18mr25
SDZ003,46031,ABR,Corson,Corson,bp16ap26 bp18mr25
SDZ004,46021,ABR,Campbell,Campbell,bp16ap26 bp18mr25
SDZ005,46089,ABR,McPherson,McPherson,bp16ap26 bp18mr25
SDZ006,46013,ABR,Brown,Brown,bp16ap26 bp18mr25
SDZ007,46091,ABR,Marshall,Marshall,bp16ap26 bp18mr25
SDZ008,46109,ABR,Roberts,Roberts,bp16ap26 bp18mr25
SDZ009,46129,ABR,Walworth,Walworth,bp16ap26 bp18mr25
SDZ010,46045,ABR,Edmunds,Edmunds,bp16ap26 bp18mr25
SDZ011,46037,ABR,Day,Day,bp16ap26 bp18mr25
SDZ012,46019,UNR,Butte,Butte,bp16ap26 bp18mr25
SDZ013,46093,UNR,Northern Meade Co Plains,Meade,bp16ap26 bp18mr25
SDZ014,46137,UNR,Ziebach,Ziebach,bp16ap26 bp18mr25
SDZ015,46041,ABR,Dewey,Dewey,bp16ap26 bp18mr25
SDZ016,46107,ABR,Potter,Potter,bp16ap26 bp18mr25
SDZ017,46049,ABR,Faulk,Faulk,bp16ap26 bp18mr25
SDZ018,46115,ABR,Spink,Spink,bp16ap26 bp18mr25
SDZ019,46025,ABR,Clark,Clark,bp16ap26 bp18mr25
SDZ020,46029,ABR,Codington,Codington,bp16ap26 bp18mr25
SDZ021,46051,ABR,Grant,Grant,bp16ap26 bp18mr25
SDZ022,46057,ABR,Hamlin,Hamlin,bp16ap26 bp18mr25
SDZ023,46039,ABR,Deuel,Deuel,bp16ap26 bp18mr25
SDZ024,46081,UNR,Northern Black Hills ,Lawrence,bp16ap26 bp18mr25
SDZ024,46093,UNR,Northern Black Hills ,Meade,bp16ap26 bp18mr25
SDZ024,46103,UNR,Northern Black Hills ,Pennington,bp16ap26 bp18mr25
SDZ025,46081,UNR,Northern Foothills ,Lawrence,bp16ap26 bp18mr25
SDZ026,46103,UNR,Rapid City,Pennington,bp16ap26 bp18mr25
SDZ027,46047,UNR,Southern Foothills ,Fall River,bp16ap26 bp18mr25
SDZ028,46033,UNR,Central Black Hills ,Custer,bp16ap26 bp18mr25
SDZ028,46103,UNR,Central Black Hills ,Pennington,bp16ap26 bp18mr25
SDZ029,46033,UNR,Southern Black Hills ,Custer,bp16ap26 bp18mr25
SDZ030,46033,UNR,Custer Co Plains,Custer,bp16ap26 bp18mr25
SDZ031,46103,UNR,Pennington Co Plains,Pennington,bp16ap26 bp18mr25
SDZ032,46055,UNR,Haakon,Haakon,bp16ap26 bp18mr25
SDZ033,46117,ABR,Stanley,Stanley,bp16ap26 bp18mr25
SDZ034,46119,ABR,Sully,Sully,bp16ap26 bp18mr25
SDZ035,46065,ABR,Hughes,Hughes,bp16ap26 bp18mr25
SDZ036,46069,ABR,Hyde,Hyde,bp16ap26 bp18mr25
SDZ037,46059,ABR,Hand,Hand,bp16ap26 bp18mr25
SDZ038,46005,FSD,Beadle,Beadle,bp16ap26 bp18mr25
SDZ039,46077,FSD,Kingsbury,Kingsbury,bp16ap26 bp18mr25
SDZ040,46011,FSD,Brookings,Brookings,bp16ap26 bp18mr25
SDZ041,46047,UNR,Western Fall River ,Fall River,bp16ap26 bp18mr25
SDZ042,46102,UNR,Northern Oglala Lakota ,Oglala Lakota,bp16ap26 bp18mr25
SDZ043,46071,UNR,Northern Jackson ,Jackson,bp16ap26 bp18mr25
SDZ044,46007,UNR,Bennett,Bennett,bp16ap26 bp18mr25
SDZ045,46075,ABR,Jones,Jones,bp16ap26 bp18mr25
SDZ046,46095,UNR,Mellette,Mellette,bp16ap26 bp18mr25
SDZ047,46121,UNR,Todd,Todd,bp16ap26 bp18mr25
SDZ048,46085,ABR,Lyman,Lyman,bp16ap26 bp18mr25
SDZ049,46123,UNR,Tripp,Tripp,bp16ap26 bp18mr25
SDZ050,46053,FSD,Gregory,Gregory,bp16ap26 bp18mr25
SDZ051,46017,ABR,Buffalo,Buffalo,bp16ap26 bp18mr25
SDZ052,46073,FSD,Jerauld,Jerauld,bp16ap26 bp18mr25
SDZ053,46111,FSD,Sanborn,Sanborn,bp16ap26 bp18mr25
SDZ054,46097,FSD,Miner,Miner,bp16ap26 bp18mr25
SDZ055,46079,FSD,Lake,Lake,bp16ap26 bp18mr25
SDZ056,46101,FSD,Moody,Moody,bp16ap26 bp18mr25
SDZ057,46015,FSD,Brule,Brule,bp16ap26 bp18mr25
SDZ058,46003,FSD,Aurora,Aurora,bp16ap26 bp18mr25
SDZ059,46035,FSD,Davison,Davison,bp16ap26 bp18mr25
SDZ060,46061,FSD,Hanson,Hanson,bp16ap26 bp18mr25
SDZ061,46087,FSD,McCook,McCook,bp16ap26 bp18mr25
SDZ062,46099,FSD,Minnehaha,Minnehaha,bp16ap26 bp18mr25
SDZ063,46023,FSD,Charles Mix,Charles Mix,bp16ap26 bp18mr25
SDZ064,46043,FSD,Douglas,Douglas,bp16ap26 bp18mr25
SDZ065,46067,FSD,Hutchinson,Hutchinson,bp16ap26 bp18mr25
SDZ066,46125,FSD,Turner,Turner,bp16ap26 bp18mr25
SDZ067,46083,FSD,Lincoln,Lincoln,bp16ap26 bp18mr25
SDZ068,46009,FSD,Bon Homme,Bon Homme,bp16ap26 bp18mr25
SDZ069,46135,FSD,Yankton,Yankton,bp16ap26 bp18mr25
SDZ070,46027,FSD,Clay,Clay,bp16ap26 bp18mr25
SDZ071,46127,FSD,Union,Union,bp16ap26 bp18mr25
SDZ072,46093,UNR,Sturgis-Piedmont Foothills ,Meade,bp16ap26 bp18mr25
SDZ073,46093,UNR,Southern Meade Co Plains,Meade,bp16ap26 bp18mr25
SDZ074,46033,UNR,Hermosa Foot Hills,Custer,bp16ap26 bp18mr25
SDZ075,46047,UNR,Eastern Fall River ,Fall River,bp16ap26 bp18mr25
SDZ076,46102,UNR,Southern Oglala Lakota ,Oglala Lakota,bp16ap26 bp18mr25
SDZ077,46071,UNR,Southern Jackson ,Jackson,bp16ap26 bp18mr25
SDZ078,46105,UNR,Southern Perkins ,Perkins,bp16ap26 bp18mr25
TNZ001,47095,MEG,Lake,Lake,bp16ap26 bp18mr25
TNZ002,47131,MEG,Obion,Obion,bp16ap26 bp18mr25
TNZ003,47183,MEG,Weakley,Weakley,bp16ap26 bp18mr25
TNZ004,47079,MEG,Henry,Henry,bp16ap26 bp18mr25
TNZ005,47161,OHX,Stewart,Stewart,bp16ap26 bp18mr25
TNZ006,47125,OHX,Montgomery,Montgomery,bp16ap26 bp18mr25
TNZ007,47147,OHX,Robertson,Robertson,bp16ap26 bp18mr25
TNZ008,47165,OHX,Sumner,Sumner,bp16ap26 bp18mr25
TNZ009,47111,OHX,Macon,Macon,bp16ap26 bp18mr25
TNZ010,47027,OHX,Clay,Clay,bp16ap26 bp18mr25
TNZ011,47137,OHX,Pickett,Pickett,bp16ap26 bp18mr25
TNZ012,47151,MRX,Scott,Scott,bp16ap26 bp18mr25
TNZ013,47013,MRX,Campbell,Campbell,bp16ap26 bp18mr25
TNZ014,47025,MRX,Claiborne,Claiborne,bp16ap26 bp18mr25
TNZ015,47067,MRX,Hancock,Hancock,bp16ap26 bp18mr25
TNZ016,47073,MRX,Hawkins,Hawkins,bp16ap26 bp18mr25
TNZ017,47163,MRX,Sullivan,Sullivan,bp16ap26 bp18mr25
TNZ018,47091,MRX,Johnson,Johnson,bp16ap26 bp18mr25
TNZ019,47045,MEG,Dyer,Dyer,bp16ap26 bp18mr25
TNZ020,47053,MEG,Gibson,Gibson,bp16ap26 bp18mr25
TNZ021,47017,MEG,Carroll,Carroll,bp16ap26 bp18mr25
TNZ022,47005,OHX,Benton,Benton,bp16ap26 bp18mr25
TNZ023,47083,OHX,Houston,Houston,bp16ap26 bp18mr25
TNZ024,47085,OHX,Humphreys,Humphreys,bp16ap26 bp18mr25
TNZ025,47043,OHX,Dickson,Dickson,bp16ap26 bp18mr25
TNZ026,47021,OHX,Cheatham,Cheatham,bp16ap26 bp18mr25
TNZ027,47037,OHX,Davidson,Davidson,bp16ap26 bp18mr25
TNZ028,47189,OHX,Wilson,Wilson,bp16ap26 bp18mr25
TNZ029,47169,OHX,Trousdale,Trousdale,bp16ap26 bp18mr25
TNZ030,47159,OHX,Smith,Smith,bp16ap26 bp18mr25
TNZ031,47087,OHX,Jackson,Jackson,bp16ap26 bp18mr25
TNZ032,47141,OHX,Putnam,Putnam,bp16ap26 bp18mr25
TNZ033,47133,OHX,Overton,Overton,bp16ap26 bp18mr25
TNZ034,47049,OHX,Fentress,Fentress,bp16ap26 bp18mr25
TNZ035,47129,MRX,Morgan,Morgan,bp16ap26 bp18mr25
TNZ036,47001,MRX,Anderson,Anderson,bp16ap26 bp18mr25
TNZ037,47173,MRX,Union,Union,bp16ap26 bp18mr25
TNZ038,47057,MRX,Grainger,Grainger,bp16ap26 bp18mr25
TNZ039,47063,MRX,Hamblen,Hamblen,bp16ap26 bp18mr25
TNZ040,47029,MRX,Northwest Cocke,Cocke,bp16ap26 bp18mr25
TNZ041,47029,MRX,Cocke Smoky Mountains,Cocke,bp16ap26 bp18mr25
TNZ042,47059,MRX,Northwest Greene,Greene,bp16ap26 bp18mr25
TNZ043,47059,MRX,Southeast Greene,Greene,bp16ap26 bp18mr25
TNZ044,47179,MRX,Washington,Washington,bp16ap26 bp18mr25
TNZ045,47171,MRX,Unicoi,Unicoi,bp16ap26 bp18mr25
TNZ046,47019,MRX,Northwest Carter,Carter,bp16ap26 bp18mr25
TNZ047,47019,MRX,Southeast Carter,Carter,bp16ap26 bp18mr25
TNZ048,47097,MEG,Lauderdale,Lauderdale,bp16ap26 bp18mr25
TNZ049,47167,MEG,Tipton,Tipton,bp16ap26 bp18mr25
TNZ050,47075,MEG,Haywood,Haywood,bp16ap26 bp18mr25
TNZ051,47033,MEG,Crockett,Crockett,bp16ap26 bp18mr25
TNZ052,47113,MEG,Madison,Madison,bp16ap26 bp18mr25
TNZ053,47023,MEG,Chester,Chester,bp16ap26 bp18mr25
TNZ054,47077,MEG,Henderson,Henderson,bp16ap26 bp18mr25
TNZ055,47039,MEG,Decatur,Decatur,bp16ap26 bp18mr25
TNZ056,47135,OHX,Perry,Perry,bp16ap26 bp18mr25
TNZ057,47081,OHX,Hickman,Hickman,bp16ap26 bp18mr25
TNZ058,47101,OHX,Lewis,Lewis,bp16ap26 bp18mr25
TNZ059,47187,OHX,Williamson,Williamson,bp16ap26 bp18mr25
TNZ060,47119,OHX,Maury,Maury,bp16ap26 bp18mr25
TNZ061,47117,OHX,Marshall,Marshall,bp16ap26 bp18mr25
TNZ062,47149,OHX,Rutherford,Rutherford,bp16ap26 bp18mr25
TNZ063,47015,OHX,Cannon,Cannon,bp16ap26 bp18mr25
TNZ064,47041,OHX,De Kalb,De Kalb,bp16ap26 bp18mr25
TNZ065,47185,OHX,White,White,bp16ap26 bp18mr25
TNZ066,47035,OHX,Cumberland,Cumberland,bp16ap26 bp18mr25
TNZ067,47145,MRX,Roane,Roane,bp16ap26 bp18mr25
TNZ068,47105,MRX,Loudon,Loudon,bp16ap26 bp18mr25
TNZ069,47093,MRX,Knox,Knox,bp16ap26 bp18mr25
TNZ070,47089,MRX,Jefferson,Jefferson,bp16ap26 bp18mr25
TNZ071,47009,MRX,NW Blount,Blount,bp16ap26 bp18mr25
TNZ072,47009,MRX,Blount Smoky Mountains,Blount,bp16ap26 bp18mr25
TNZ073,47155,MRX,North Sevier,Sevier,bp16ap26 bp18mr25
TNZ074,47155,MRX,Sevier Smoky Mountains,Sevier,bp16ap26 bp18mr25
TNZ075,47003,OHX,Bedford,Bedford,bp16ap26 bp18mr25
TNZ076,47127,HUN,Moore,Moore,bp16ap26 bp18mr25
TNZ077,47031,OHX,Coffee,Coffee,bp16ap26 bp18mr25
TNZ078,47177,OHX,Warren,Warren,bp16ap26 bp18mr25
TNZ079,47061,OHX,Grundy,Grundy,bp16ap26 bp18mr25
TNZ080,47175,OHX,Van Buren,Van Buren,bp16ap26 bp18mr25
TNZ081,47153,MRX,Sequatchie,Sequatchie,bp16ap26 bp18mr25
TNZ082,47007,MRX,Bledsoe,Bledsoe,bp16ap26 bp18mr25
TNZ083,47143,MRX,Rhea,Rhea,bp16ap26 bp18mr25
TNZ084,47121,MRX,Meigs,Meigs,bp16ap26 bp18mr25
TNZ085,47107,MRX,McMinn,McMinn,bp16ap26 bp18mr25
TNZ086,47123,MRX,Northwest Monroe,Monroe,bp16ap26 bp18mr25
TNZ087,47123,MRX,Southeast Monroe,Monroe,bp16ap26 bp18mr25
TNZ088,47157,MEG,Shelby,Shelby,bp16ap26 bp18mr25
TNZ089,47047,MEG,Fayette,Fayette,bp16ap26 bp18mr25
TNZ090,47069,MEG,Hardeman,Hardeman,bp16ap26 bp18mr25
TNZ091,47109,MEG,McNairy,McNairy,bp16ap26 bp18mr25
TNZ092,47071,MEG,Hardin,Hardin,bp16ap26 bp18mr25
TNZ093,47181,OHX,Wayne,Wayne,bp16ap26 bp18mr25
TNZ094,47099,OHX,Lawrence,Lawrence,bp16ap26 bp18mr25
TNZ095,47055,OHX,Giles,Giles,bp16ap26 bp18mr25
TNZ096,47103,HUN,Lincoln,Lincoln,bp16ap26 bp18mr25
TNZ097,47051,HUN,Franklin,Franklin,bp16ap26 bp18mr25
TNZ098,47115,MRX,Marion,Marion,bp16ap26 bp18mr25
TNZ099,47065,MRX,Hamilton,Hamilton,bp16ap26 bp18mr25
TNZ100,47011,MRX,Bradley,Bradley,bp16ap26 bp18mr25
TNZ101,47139,MRX,West Polk,Polk,bp16ap26 bp18mr25
TNZ102,47139,MRX,East Polk,Polk,bp16ap26 bp18mr25
TXZ001,48111,AMA,Dallam,Dallam,bp16ap26 bp18mr25
TXZ002,48421,AMA,Sherman,Sherman,bp16ap26 bp18mr25
TXZ003,48195,AMA,Hansford,Hansford,bp16ap26 bp18mr25
TXZ004,48357,AMA,Ochiltree,Ochiltree,bp16ap26 bp18mr25
TXZ005,48295,AMA,Lipscomb,Lipscomb,bp16ap26 bp18mr25
TXZ006,48205,AMA,Hartley,Hartley,bp16ap26 bp18mr25
TXZ007,48341,AMA,Moore,Moore,bp16ap26 bp18mr25
TXZ008,48233,AMA,Hutchinson,Hutchinson,bp16ap26 bp18mr25
TXZ009,48393,AMA,Roberts,Roberts,bp16ap26 bp18mr25
TXZ010,48211,AMA,Hemphill,Hemphill,bp16ap26 bp18mr25
TXZ011,48359,AMA,Oldham,Oldham,bp16ap26 bp18mr25
TXZ012,48375,AMA,Potter,Potter,bp16ap26 bp18mr25
TXZ013,48065,AMA,Carson,Carson,bp16ap26 bp18mr25
TXZ014,48179,AMA,Gray,Gray,bp16ap26 bp18mr25
TXZ015,48483,AMA,Wheeler,Wheeler,bp16ap26 bp18mr25
TXZ016,48117,AMA,Deaf Smith,Deaf Smith,bp16ap26 bp18mr25
TXZ017,48381,AMA,Randall,Randall,bp16ap26 bp18mr25
TXZ018,48011,AMA,Armstrong,Armstrong,bp16ap26 bp18mr25
TXZ019,48129,AMA,Donley,Donley,bp16ap26 bp18mr25
TXZ020,48087,AMA,Collingsworth,Collingsworth,bp16ap26 bp18mr25
TXZ021,48369,LUB,Parmer,Parmer,bp16ap26 bp18mr25
TXZ022,48069,LUB,Castro,Castro,bp16ap26 bp18mr25
TXZ023,48437,LUB,Swisher,Swisher,bp16ap26 bp18mr25
TXZ024,48045,LUB,Briscoe,Briscoe,bp16ap26 bp18mr25
TXZ025,48191,LUB,Hall,Hall,bp16ap26 bp18mr25
TXZ026,48075,LUB,Childress,Childress,bp16ap26 bp18mr25
TXZ027,48017,LUB,Bailey,Bailey,bp16ap26 bp18mr25
TXZ028,48279,LUB,Lamb,Lamb,bp16ap26 bp18mr25
TXZ029,48189,LUB,Hale,Hale,bp16ap26 bp18mr25
TXZ030,48153,LUB,Floyd,Floyd,bp16ap26 bp18mr25
TXZ031,48345,LUB,Motley,Motley,bp16ap26 bp18mr25
TXZ032,48101,LUB,Cottle,Cottle,bp16ap26 bp18mr25
TXZ033,48079,LUB,Cochran,Cochran,bp16ap26 bp18mr25
TXZ034,48219,LUB,Hockley,Hockley,bp16ap26 bp18mr25
TXZ035,48303,LUB,Lubbock,Lubbock,bp16ap26 bp18mr25
TXZ036,48107,LUB,Crosby,Crosby,bp16ap26 bp18mr25
TXZ037,48125,LUB,Dickens,Dickens,bp16ap26 bp18mr25
TXZ038,48269,LUB,King,King,bp16ap26 bp18mr25
TXZ039,48501,LUB,Yoakum,Yoakum,bp16ap26 bp18mr25
TXZ040,48445,LUB,Terry,Terry,bp16ap26 bp18mr25
TXZ041,48305,LUB,Lynn,Lynn,bp16ap26 bp18mr25
TXZ042,48169,LUB,Garza,Garza,bp16ap26 bp18mr25
TXZ043,48263,LUB,Kent,Kent,bp16ap26 bp18mr25
TXZ044,48433,LUB,Stonewall,Stonewall,bp16ap26 bp18mr25
TXZ045,48165,MAF,Gaines,Gaines,bp16ap26 bp18mr25
TXZ046,48115,MAF,Dawson,Dawson,bp16ap26 bp18mr25
TXZ047,48033,MAF,Borden,Borden,bp16ap26 bp18mr25
TXZ048,48415,MAF,Scurry,Scurry,bp16ap26 bp18mr25
TXZ049,48151,SJT,Fisher,Fisher,bp16ap26 bp18mr25
TXZ050,48003,MAF,Andrews,Andrews,bp16ap26 bp18mr25
TXZ051,48317,MAF,Martin,Martin,bp16ap26 bp18mr25
TXZ052,48227,MAF,Howard,Howard,bp16ap26 bp18mr25
TXZ053,48335,MAF,Mitchell,Mitchell,bp16ap26 bp18mr25
TXZ054,48353,SJT,Nolan,Nolan,bp16ap26 bp18mr25
TXZ059,48301,MAF,Loving,Loving,bp16ap26 bp18mr25
TXZ060,48495,MAF,Winkler,Winkler,bp16ap26 bp18mr25
TXZ061,48135,MAF,Ector,Ector,bp16ap26 bp18mr25
TXZ062,48329,MAF,Midland,Midland,bp16ap26 bp18mr25
TXZ063,48173,MAF,Glasscock,Glasscock,bp16ap26 bp18mr25
TXZ064,48431,SJT,Sterling,Sterling,bp16ap26 bp18mr25
TXZ065,48081,SJT,Coke,Coke,bp16ap26 bp18mr25
TXZ066,48399,SJT,Runnels,Runnels,bp16ap26 bp18mr25
TXZ067,48475,MAF,Ward,Ward,bp16ap26 bp18mr25
TXZ068,48103,MAF,Crane,Crane,bp16ap26 bp18mr25
TXZ069,48461,MAF,Upton,Upton,bp16ap26 bp18mr25
TXZ070,48383,MAF,Reagan,Reagan,bp16ap26 bp18mr25
TXZ071,48235,SJT,Irion,Irion,bp16ap26 bp18mr25
TXZ072,48451,SJT,Tom Green,Tom Green,bp16ap26 bp18mr25
TXZ073,48095,SJT,Concho,Concho,bp16ap26 bp18mr25
TXZ075,48371,MAF,Pecos,Pecos,bp16ap26 bp18mr25
TXZ076,48105,SJT,Crockett,Crockett,bp16ap26 bp18mr25
TXZ077,48413,SJT,Schleicher,Schleicher,bp16ap26 bp18mr25
TXZ078,48435,SJT,Sutton,Sutton,bp16ap26 bp18mr25
TXZ082,48443,MAF,Terrell,Terrell,bp16ap26 bp18mr25
TXZ083,48197,OUN,Hardeman,Hardeman,bp16ap26 bp18mr25
TXZ084,48155,OUN,Foard,Foard,bp16ap26 bp18mr25
TXZ085,48487,OUN,Wilbarger,Wilbarger,bp16ap26 bp18mr25
TXZ086,48485,OUN,Wichita,Wichita,bp16ap26 bp18mr25
TXZ087,48275,OUN,Knox,Knox,bp16ap26 bp18mr25
TXZ088,48023,OUN,Baylor,Baylor,bp16ap26 bp18mr25
TXZ089,48009,OUN,Archer,Archer,bp16ap26 bp18mr25
TXZ090,48077,OUN,Clay,Clay,bp16ap26 bp18mr25
TXZ091,48337,FWD,Montague,Montague,bp16ap26 bp18mr25
TXZ092,48097,FWD,Cooke,Cooke,bp16ap26 bp18mr25
TXZ093,48181,FWD,Grayson,Grayson,bp16ap26 bp18mr25
TXZ094,48147,FWD,Fannin,Fannin,bp16ap26 bp18mr25
TXZ095,48277,FWD,Lamar,Lamar,bp16ap26 bp18mr25
TXZ096,48387,SHV,Red River,Red River,bp16ap26 bp18mr25
TXZ097,48037,SHV,Bowie,Bowie,bp16ap26 bp18mr25
TXZ098,48207,SJT,Haskell,Haskell,bp16ap26 bp18mr25
TXZ099,48447,SJT,Throckmorton,Throckmorton,bp16ap26 bp18mr25
TXZ100,48503,FWD,Young,Young,bp16ap26 bp18mr25
TXZ101,48237,FWD,Jack,Jack,bp16ap26 bp18mr25
TXZ102,48497,FWD,Wise,Wise,bp16ap26 bp18mr25
TXZ103,48121,FWD,Denton,Denton,bp16ap26 bp18mr25
TXZ104,48085,FWD,Collin,Collin,bp16ap26 bp18mr25
TXZ105,48231,FWD,Hunt,Hunt,bp16ap26 bp18mr25
TXZ106,48119,FWD,Delta,Delta,bp16ap26 bp18mr25
TXZ107,48223,FWD,Hopkins,Hopkins,bp16ap26 bp18mr25
TXZ108,48159,SHV,Franklin,Franklin,bp16ap26 bp18mr25
TXZ109,48449,SHV,Titus,Titus,bp16ap26 bp18mr25
TXZ110,48063,SHV,Camp,Camp,bp16ap26 bp18mr25
TXZ111,48343,SHV,Morris,Morris,bp16ap26 bp18mr25
TXZ112,48067,SHV,Cass,Cass,bp16ap26 bp18mr25
TXZ113,48253,SJT,Jones,Jones,bp16ap26 bp18mr25
TXZ114,48417,SJT,Shackelford,Shackelford,bp16ap26 bp18mr25
TXZ115,48429,FWD,Stephens,Stephens,bp16ap26 bp18mr25
TXZ116,48363,FWD,Palo Pinto,Palo Pinto,bp16ap26 bp18mr25
TXZ117,48367,FWD,Parker,Parker,bp16ap26 bp18mr25
TXZ118,48439,FWD,Tarrant,Tarrant,bp16ap26 bp18mr25
TXZ119,48113,FWD,Dallas,Dallas,bp16ap26 bp18mr25
TXZ120,48397,FWD,Rockwall,Rockwall,bp16ap26 bp18mr25
TXZ121,48257,FWD,Kaufman,Kaufman,bp16ap26 bp18mr25
TXZ122,48467,FWD,Van Zandt,Van Zandt,bp16ap26 bp18mr25
TXZ123,48379,FWD,Rains,Rains,bp16ap26 bp18mr25
TXZ124,48499,SHV,Wood,Wood,bp16ap26 bp18mr25
TXZ125,48459,SHV,Upshur,Upshur,bp16ap26 bp18mr25
TXZ126,48315,SHV,Marion,Marion,bp16ap26 bp18mr25
TXZ127,48441,SJT,Taylor,Taylor,bp16ap26 bp18mr25
TXZ128,48059,SJT,Callahan,Callahan,bp16ap26 bp18mr25
TXZ129,48133,FWD,Eastland,Eastland,bp16ap26 bp18mr25
TXZ130,48143,FWD,Erath,Erath,bp16ap26 bp18mr25
TXZ131,48221,FWD,Hood,Hood,bp16ap26 bp18mr25
TXZ132,48425,FWD,Somervell,Somervell,bp16ap26 bp18mr25
TXZ133,48251,FWD,Johnson,Johnson,bp16ap26 bp18mr25
TXZ134,48139,FWD,Ellis,Ellis,bp16ap26 bp18mr25
TXZ135,48213,FWD,Henderson,Henderson,bp16ap26 bp18mr25
TXZ136,48423,SHV,Smith,Smith,bp16ap26 bp18mr25
TXZ137,48183,SHV,Gregg,Gregg,bp16ap26 bp18mr25
TXZ138,48203,SHV,Harrison,Harrison,bp16ap26 bp18mr25
TXZ139,48083,SJT,Coleman,Coleman,bp16ap26 bp18mr25
TXZ140,48049,SJT,Brown,Brown,bp16ap26 bp18mr25
TXZ141,48093,FWD,Comanche,Comanche,bp16ap26 bp18mr25
TXZ142,48333,FWD,Mills,Mills,bp16ap26 bp18mr25
TXZ143,48193,FWD,Hamilton,Hamilton,bp16ap26 bp18mr25
TXZ144,48035,FWD,Bosque,Bosque,bp16ap26 bp18mr25
TXZ145,48217,FWD,Hill,Hill,bp16ap26 bp18mr25
TXZ146,48349,FWD,Navarro,Navarro,bp16ap26 bp18mr25
TXZ147,48161,FWD,Freestone,Freestone,bp16ap26 bp18mr25
TXZ148,48001,FWD,Anderson,Anderson,bp16ap26 bp18mr25
TXZ149,48073,SHV,Cherokee,Cherokee,bp16ap26 bp18mr25
TXZ150,48401,SHV,Rusk,Rusk,bp16ap26 bp18mr25
TXZ151,48365,SHV,Panola,Panola,bp16ap26 bp18mr25
TXZ152,48347,SHV,Nacogdoches,Nacogdoches,bp16ap26 bp18mr25
TXZ153,48419,SHV,Shelby,Shelby,bp16ap26 bp18mr25
TXZ154,48307,SJT,McCulloch,McCulloch,bp16ap26 bp18mr25
TXZ155,48411,SJT,San Saba,San Saba,bp16ap26 bp18mr25
TXZ156,48281,FWD,Lampasas,Lampasas,bp16ap26 bp18mr25
TXZ157,48099,FWD,Coryell,Coryell,bp16ap26 bp18mr25
TXZ158,48027,FWD,Bell,Bell,bp16ap26 bp18mr25
TXZ159,48309,FWD,McLennan,McLennan,bp16ap26 bp18mr25
TXZ160,48145,FWD,Falls,Falls,bp16ap26 bp18mr25
TXZ161,48293,FWD,Limestone,Limestone,bp16ap26 bp18mr25
TXZ162,48289,FWD,Leon,Leon,bp16ap26 bp18mr25
TXZ163,48225,HGX,Houston,Houston,bp16ap26 bp18mr25
TXZ164,48455,HGX,Trinity,Trinity,bp16ap26 bp18mr25
TXZ165,48005,SHV,Angelina,Angelina,bp16ap26 bp18mr25
TXZ166,48405,SHV,San Augustine,San Augustine,bp16ap26 bp18mr25
TXZ167,48403,SHV,Sabine,Sabine,bp16ap26 bp18mr25
TXZ168,48327,SJT,Menard,Menard,bp16ap26 bp18mr25
TXZ169,48267,SJT,Kimble,Kimble,bp16ap26 bp18mr25
TXZ170,48319,SJT,Mason,Mason,bp16ap26 bp18mr25
TXZ171,48299,EWX,Llano,Llano,bp16ap26 bp18mr25
TXZ172,48053,EWX,Burnet,Burnet,bp16ap26 bp18mr25
TXZ173,48491,EWX,Williamson,Williamson,bp16ap26 bp18mr25
TXZ174,48331,FWD,Milam,Milam,bp16ap26 bp18mr25
TXZ175,48395,FWD,Robertson,Robertson,bp16ap26 bp18mr25
TXZ176,48313,HGX,Madison,Madison,bp16ap26 bp18mr25
TXZ177,48471,HGX,Walker,Walker,bp16ap26 bp18mr25
TXZ178,48407,HGX,San Jancinto,San Jacinto,bp16ap26 bp18mr25
TXZ179,48373,HGX,Polk,Polk,bp16ap26 bp18mr25
TXZ180,48457,LCH,Tyler,Tyler,bp16ap26 bp18mr25
TXZ183,48465,EWX,Val Verde,Val Verde,bp16ap26 bp18mr25
TXZ184,48137,EWX,Edwards,Edwards,bp16ap26 bp18mr25
TXZ185,48385,EWX,Real,Real,bp16ap26 bp18mr25
TXZ186,48265,EWX,Kerr,Kerr,bp16ap26 bp18mr25
TXZ187,48019,EWX,Bandera,Bandera,bp16ap26 bp18mr25
TXZ188,48171,EWX,Gillespie,Gillespie,bp16ap26 bp18mr25
TXZ189,48259,EWX,Kendall,Kendall,bp16ap26 bp18mr25
TXZ190,48031,EWX,Blanco,Blanco,bp16ap26 bp18mr25
TXZ191,48209,EWX,Hays,Hays,bp16ap26 bp18mr25
TXZ192,48453,EWX,Travis,Travis,bp16ap26 bp18mr25
TXZ193,48021,EWX,Bastrop,Bastrop,bp16ap26 bp18mr25
TXZ194,48287,EWX,Lee,Lee,bp16ap26 bp18mr25
TXZ195,48051,HGX,Burleson,Burleson,bp16ap26 bp18mr25
TXZ196,48041,HGX,Brazos,Brazos,bp16ap26 bp18mr25
TXZ197,48477,HGX,Washington,Washington,bp16ap26 bp18mr25
TXZ198,48185,HGX,Grimes,Grimes,bp16ap26 bp18mr25
TXZ199,48339,HGX,Montgomery,Montgomery,bp16ap26 bp18mr25
TXZ200,48291,HGX,Northern Liberty,Liberty,bp16ap26 bp18mr25
TXZ201,48199,LCH,Hardin,Hardin,bp16ap26 bp18mr25
TXZ202,48271,EWX,Kinney,Kinney,bp16ap26 bp18mr25
TXZ203,48463,EWX,Uvalde,Uvalde,bp16ap26 bp18mr25
TXZ204,48325,EWX,Medina,Medina,bp16ap26 bp18mr25
TXZ205,48029,EWX,Bexar,Bexar,bp16ap26 bp18mr25
TXZ206,48091,EWX,Comal,Comal,bp16ap26 bp18mr25
TXZ207,48187,EWX,Guadalupe,Guadalupe,bp16ap26 bp18mr25
TXZ208,48055,EWX,Caldwell,Caldwell,bp16ap26 bp18mr25
TXZ209,48149,EWX,Fayette,Fayette,bp16ap26 bp18mr25
TXZ210,48089,HGX,Colorado,Colorado,bp16ap26 bp18mr25
TXZ211,48015,HGX,Austin,Austin,bp16ap26 bp18mr25
TXZ212,48473,HGX,Waller,Waller,bp16ap26 bp18mr25
TXZ213,48201,HGX,Inland Harris,Harris,bp16ap26 bp18mr25
TXZ214,48071,HGX,Chambers,Chambers,bp16ap26 bp18mr25
TXZ217,48323,EWX,Maverick,Maverick,bp16ap26 bp18mr25
TXZ218,48507,EWX,Zavala,Zavala,bp16ap26 bp18mr25
TXZ219,48163,EWX,Frio,Frio,bp16ap26 bp18mr25
TXZ220,48013,EWX,Atascosa,Atascosa,bp16ap26 bp18mr25
TXZ221,48493,EWX,Wilson,Wilson,bp16ap26 bp18mr25
TXZ222,48255,EWX,Karnes,Karnes,bp16ap26 bp18mr25
TXZ223,48177,EWX,Gonzales,Gonzales,bp16ap26 bp18mr25
TXZ224,48123,EWX,De Witt,DeWitt,bp16ap26 bp18mr25
TXZ225,48285,EWX,Lavaca,Lavaca,bp16ap26 bp18mr25
TXZ226,48481,HGX,Wharton,Wharton,bp16ap26 bp18mr25
TXZ227,48157,HGX,Fort Bend,Fort Bend,bp16ap26 bp18mr25
TXZ228,48127,EWX,Dimmit,Dimmit,bp16ap26 bp18mr25
TXZ229,48283,CRP,La Salle,La Salle,bp16ap26 bp18mr25
TXZ230,48311,CRP,McMullen,McMullen,bp16ap26 bp18mr25
TXZ231,48297,CRP,Live Oak,Live Oak,bp16ap26 bp18mr25
TXZ232,48025,CRP,Bee,Bee,bp16ap26 bp18mr25
TXZ233,48175,CRP,Goliad,Goliad,bp16ap26 bp18mr25
TXZ234,48469,CRP,Victoria,Victoria,bp16ap26 bp18mr25
TXZ235,48239,HGX,Inland Jackson,Jackson,bp16ap26 bp18mr25
TXZ236,48321,HGX,Inland Matagorda,Matagorda,bp16ap26 bp18mr25
TXZ237,48039,HGX,Inland Brazoria,Brazoria,bp16ap26 bp18mr25
TXZ238,48167,HGX,Inland Galveston,Galveston,bp16ap26 bp18mr25
TXZ239,48479,CRP,Webb,Webb,bp16ap26 bp18mr25
TXZ240,48131,CRP,Duval,Duval,bp16ap26 bp18mr25
TXZ241,48249,CRP,Jim Wells,Jim Wells,bp16ap26 bp18mr25
TXZ242,48273,CRP,Inland Kleberg,Kleberg,bp16ap26 bp18mr25
TXZ243,48355,CRP,Inland Nueces,Nueces,bp16ap26 bp18mr25
TXZ244,48409,CRP,Inland San Patricio,San Patricio,bp16ap26 bp18mr25
TXZ245,48007,CRP,Aransas,Aransas,bp16ap26 bp18mr25
TXZ246,48391,CRP,Inland Refugio,Refugio,bp16ap26 bp18mr25
TXZ247,48057,CRP,Inland Calhoun,Calhoun,bp16ap26 bp18mr25
TXZ248,48505,BRO,Zapata,Zapata,bp16ap26 bp18mr25
TXZ249,48247,BRO,Jim Hogg,Jim Hogg,bp16ap26 bp18mr25
TXZ250,48047,BRO,Brooks,Brooks,bp16ap26 bp18mr25
TXZ251,48261,BRO,Inland Kenedy,Kenedy,bp16ap26 bp18mr25
TXZ252,48427,BRO,Starr,Starr,bp16ap26 bp18mr25
TXZ253,48215,BRO,Southern Hidalgo,Hidalgo,bp16ap26 bp18mr25
TXZ254,48489,BRO,Inland Willacy,Willacy,bp16ap26 bp18mr25
TXZ255,48061,BRO,Inland Cameron,Cameron,bp16ap26 bp18mr25
TXZ259,48241,LCH,Northern Jasper,Jasper,bp16ap26 bp18mr25
TXZ260,48351,LCH,Northern Newton,Newton,bp16ap26 bp18mr25
TXZ261,48241,LCH,Southern Jasper,Jasper,bp16ap26 bp18mr25
TXZ262,48351,LCH,Southern Newton,Newton,bp16ap26 bp18mr25
TXZ270,48109,MAF,Guadalupe Mountains Above 7000 Feet ,Culberson,bp16ap26 bp18mr25
TXZ271,48109,MAF,Guadalupe and Delaware Mountains ,Culberson,bp16ap26 bp18mr25
TXZ272,48109,MAF,Van Horn and Highway 54 Corridor ,Culberson,bp16ap26 bp18mr25
TXZ273,48109,MAF,Eastern Culberson County ,Culberson,bp16ap26 bp18mr25
TXZ274,48389,MAF,Reeves County Plains ,Reeves,bp16ap26 bp18mr25
TXZ275,48377,MAF,Chinati Mountains ,Presidio,bp16ap26 bp18mr25
TXZ276,48243,MAF,Marfa Plateau ,Jeff Davis,bp16ap26 bp18mr25
TXZ276,48377,MAF,Marfa Plateau ,Presidio,bp16ap26 bp18mr25
TXZ277,48043,MAF,Davis Mountains ,Brewster,bp16ap26 bp18mr25
TXZ277,48243,MAF,Davis Mountains ,Jeff Davis,bp16ap26 bp18mr25
TXZ277,48377,MAF,Davis Mountains ,Presidio,bp16ap26 bp18mr25
TXZ278,48043,MAF,Davis Mountains Foothills ,Brewster,bp16ap26 bp18mr25
TXZ278,48109,MAF,Davis Mountains Foothills ,Culberson,bp16ap26 bp18mr25
TXZ278,48243,MAF,Davis Mountains Foothills ,Jeff Davis,bp16ap26 bp18mr25
TXZ278,48389,MAF,Davis Mountains Foothills ,Reeves,bp16ap26 bp18mr25
TXZ279,48043,MAF,Central Brewster County ,Brewster,bp16ap26 bp18mr25
TXZ280,48043,MAF,Chisos Basin ,Brewster,bp16ap26 bp18mr25
TXZ281,48109,MAF,Presidio Valley ,Culberson,bp16ap26 bp18mr25
TXZ281,48243,MAF,Presidio Valley ,Jeff Davis,bp16ap26 bp18mr25
TXZ281,48377,MAF,Presidio Valley ,Presidio,bp16ap26 bp18mr25
TXZ282,48043,MAF,Lower Brewster County ,Brewster,bp16ap26 bp18mr25
TXZ300,48291,HGX,Southern Liberty,Liberty,bp16ap26 bp18mr25
TXZ313,48201,HGX,Coastal Harris,Harris,bp16ap26 bp18mr25
TXZ317,48381,AMA,Palo Duro Canyon,Randall,bp16ap26 bp18mr25
TXZ335,48239,HGX,Coastal Jackson,Jackson,bp16ap26 bp18mr25
TXZ336,48321,HGX,Coastal Matagorda,Matagorda,bp16ap26 bp18mr25
TXZ337,48039,HGX,Coastal Brazoria,Brazoria,bp16ap26 bp18mr25
TXZ338,48167,HGX,Coastal Galveston,Galveston,bp16ap26 bp18mr25
TXZ342,48273,CRP,Coastal Kleberg,Kleberg,bp16ap26 bp18mr25
TXZ343,48355,CRP,Coastal Nueces,Nueces,bp16ap26 bp18mr25
TXZ344,48409,CRP,Coastal San Patricio,San Patricio,bp16ap26 bp18mr25
TXZ345,48007,CRP,Aransas County Islands,Aransas,bp16ap26 bp18mr25
TXZ346,48391,CRP,Coastal Refugio,Refugio,bp16ap26 bp18mr25
TXZ347,48057,CRP,Coastal Calhoun,Calhoun,bp16ap26 bp18mr25
TXZ351,48261,BRO,Coastal Kenedy,Kenedy,bp16ap26 bp18mr25
TXZ353,48215,BRO,Northern Hidalgo ,Hidalgo,bp16ap26 bp18mr25
TXZ354,48489,BRO,Coastal Willacy,Willacy,bp16ap26 bp18mr25
TXZ355,48061,BRO,Coastal Cameron,Cameron,bp16ap26 bp18mr25
TXZ418,48141,EPZ,Western El Paso County,El Paso,bp16ap26 bp18mr25
TXZ419,48141,EPZ,Eastern/Central El Paso County,El Paso,bp16ap26 bp18mr25
TXZ420,48141,EPZ,Northern Hudspeth Highlands/Hueco Mountains,El Paso,bp16ap26 bp18mr25
TXZ420,48229,EPZ,Northern Hudspeth Highlands/Hueco Mountains,Hudspeth,bp16ap26 bp18mr25
TXZ421,48229,EPZ,Salt Basin,Hudspeth,bp16ap26 bp18mr25
TXZ422,48229,EPZ,Southern Hudspeth Highlands,Hudspeth,bp16ap26 bp18mr25
TXZ423,48141,EPZ,Rio Grande Valley of Eastern El Paso/Western Hudspeth Counties,El Paso,bp16ap26 bp18mr25
TXZ423,48229,EPZ,Rio Grande Valley of Eastern El Paso/Western Hudspeth Counties,Hudspeth,bp16ap26 bp18mr25
TXZ424,48229,EPZ,Rio Grande Valley of Eastern Hudspeth County,Hudspeth,bp16ap26 bp18mr25
TXZ436,48321,HGX,Matagorda Islands,Matagorda,bp16ap26 bp18mr25
TXZ437,48039,HGX,Brazoria Islands,Brazoria,bp16ap26 bp18mr25
TXZ438,48167,HGX,Galveston Island,Galveston,bp16ap26 bp18mr25
TXZ439,48167,HGX,Bolivar Peninsula,Galveston,bp16ap26 bp18mr25
TXZ442,48273,CRP,Kleberg County Island,Kleberg,bp16ap26 bp18mr25
TXZ443,48355,CRP,Nueces County Islands,Nueces,bp16ap26 bp18mr25
TXZ447,48057,CRP,Calhoun County Island,Calhoun,bp16ap26 bp18mr25
TXZ451,48261,BRO,Kenedy Island,Kenedy,bp16ap26 bp18mr25
TXZ454,48489,BRO,Willacy Island,Willacy,bp16ap26 bp18mr25
TXZ455,48061,BRO,Cameron Island,Cameron,bp16ap26 bp18mr25
TXZ515,48245,LCH,Upper Jefferson,Jefferson,bp16ap26 bp18mr25
TXZ516,48361,LCH,Northern Orange,Orange,bp16ap26 bp18mr25
TXZ615,48245,LCH,Lower Jefferson,Jefferson,bp16ap26 bp18mr25
TXZ616,48361,LCH,Southern Orange,Orange,bp16ap26 bp18mr25
UTZ022,49037,GJT,Southeast Utah,San Juan,bp16ap26 bp18mr25
UTZ023,49009,GJT,Eastern Unita Mountains,Daggett,bp16ap26 bp18mr25
UTZ023,49047,GJT,Eastern Unita Mountains,Uintah,bp16ap26 bp18mr25
UTZ024,49047,GJT,Eastern Uinta Basin,Uintah,bp16ap26 bp18mr25
UTZ025,49019,GJT,Tavaputs Plateau,Grand,bp16ap26 bp18mr25
UTZ025,49047,GJT,Tavaputs Plateau,Uintah,bp16ap26 bp18mr25
UTZ027,49019,GJT,Arches/Grand Flat,Grand,bp16ap26 bp18mr25
UTZ028,49019,GJT,La Sal and Abajo Mountains,Grand,bp16ap26 bp18mr25
UTZ028,49037,GJT,La Sal and Abajo Mountains,San Juan,bp16ap26 bp18mr25
UTZ029,49037,GJT,Canyonlands/Natural Bridges,San Juan,bp16ap26 bp18mr25
UTZ101,49003,SLC,Great Salt Lake Desert and Mountains,Box Elder,bp16ap26 bp18mr25
UTZ101,49035,SLC,Great Salt Lake Desert and Mountains,Salt Lake,bp16ap26 bp18mr25
UTZ101,49045,SLC,Great Salt Lake Desert and Mountains,Tooele,bp16ap26 bp18mr25
UTZ101,49049,SLC,Great Salt Lake Desert and Mountains,Utah,bp16ap26 bp18mr25
UTZ102,49045,SLC,Tooele and Rush Valleys,Tooele,bp16ap26 bp18mr25
UTZ103,49003,SLC,Eastern Box Elder County,Box Elder,bp16ap26 bp18mr25
UTZ104,49011,SLC,Northern Wasatch Front,Davis,bp16ap26 bp18mr25
UTZ104,49057,SLC,Northern Wasatch Front,Weber,bp16ap26 bp18mr25
UTZ105,49035,SLC,Salt Lake Valley,Salt Lake,bp16ap26 bp18mr25
UTZ106,49049,SLC,Utah Valley,Utah,bp16ap26 bp18mr25
UTZ107,49005,SLC,Cache Valley/Utah Portion,Cache,bp16ap26 bp18mr25
UTZ108,49029,SLC,Wasatch Back,Morgan,bp16ap26 bp18mr25
UTZ108,49043,SLC,Wasatch Back,Summit,bp16ap26 bp18mr25
UTZ108,49051,SLC,Wasatch Back,Wasatch,bp16ap26 bp18mr25
UTZ108,49057,SLC,Wasatch Back,Weber,bp16ap26 bp18mr25
UTZ109,49033,SLC,Bear Lake and Bear River Valley,Rich,bp16ap26 bp18mr25
UTZ110,49003,SLC,Wasatch Mountains I-80 North,Box Elder,bp16ap26 bp18mr25
UTZ110,49005,SLC,Wasatch Mountains I-80 North,Cache,bp16ap26 bp18mr25
UTZ110,49011,SLC,Wasatch Mountains I-80 North,Davis,bp16ap26 bp18mr25
UTZ110,49029,SLC,Wasatch Mountains I-80 North,Morgan,bp16ap26 bp18mr25
UTZ110,49033,SLC,Wasatch Mountains I-80 North,Rich,bp16ap26 bp18mr25
UTZ110,49035,SLC,Wasatch Mountains I-80 North,Salt Lake,bp16ap26 bp18mr25
UTZ110,49043,SLC,Wasatch Mountains I-80 North,Summit,bp16ap26 bp18mr25
UTZ110,49057,SLC,Wasatch Mountains I-80 North,Weber,bp16ap26 bp18mr25
UTZ111,49023,SLC,Wasatch Mountains South of I-80,Juab,bp16ap26 bp18mr25
UTZ111,49035,SLC,Wasatch Mountains South of I-80,Salt Lake,bp16ap26 bp18mr25
UTZ111,49043,SLC,Wasatch Mountains South of I-80,Summit,bp16ap26 bp18mr25
UTZ111,49049,SLC,Wasatch Mountains South of I-80,Utah,bp16ap26 bp18mr25
UTZ111,49051,SLC,Wasatch Mountains South of I-80,Wasatch,bp16ap26 bp18mr25
UTZ112,49013,SLC,Western Uinta Mountains,Duchesne,bp16ap26 bp18mr25
UTZ112,49043,SLC,Western Uinta Mountains,Summit,bp16ap26 bp18mr25
UTZ112,49051,SLC,Western Uinta Mountains,Wasatch,bp16ap26 bp18mr25
UTZ113,49007,SLC,Wasatch Plateau/Book Cliffs,Carbon,bp16ap26 bp18mr25
UTZ113,49013,SLC,Wasatch Plateau/Book Cliffs,Duchesne,bp16ap26 bp18mr25
UTZ113,49015,SLC,Wasatch Plateau/Book Cliffs,Emery,bp16ap26 bp18mr25
UTZ113,49039,SLC,Wasatch Plateau/Book Cliffs,Sanpete,bp16ap26 bp18mr25
UTZ113,49049,SLC,Wasatch Plateau/Book Cliffs,Utah,bp16ap26 bp18mr25
UTZ113,49051,SLC,Wasatch Plateau/Book Cliffs,Wasatch,bp16ap26 bp18mr25
UTZ114,49013,SLC,Western Uinta Basin,Duchesne,bp16ap26 bp18mr25
UTZ115,49023,SLC,Western Millard and Juab Counties,Juab,bp16ap26 bp18mr25
UTZ115,49027,SLC,Western Millard and Juab Counties,Millard,bp16ap26 bp18mr25
UTZ116,49023,SLC,Eastern Juab/Millard Counties,Juab,bp16ap26 bp18mr25
UTZ116,49027,SLC,Eastern Juab/Millard Counties,Millard,bp16ap26 bp18mr25
UTZ117,49015,SLC,Central Mountains,Emery,bp16ap26 bp18mr25
UTZ117,49023,SLC,Central Mountains,Juab,bp16ap26 bp18mr25
UTZ117,49027,SLC,Central Mountains,Millard,bp16ap26 bp18mr25
UTZ117,49039,SLC,Central Mountains,Sanpete,bp16ap26 bp18mr25
UTZ117,49041,SLC,Central Mountains,Sevier,bp16ap26 bp18mr25
UTZ118,49039,SLC,Sanpete Valley,Sanpete,bp16ap26 bp18mr25
UTZ119,49041,SLC,Sevier Valley,Sevier,bp16ap26 bp18mr25
UTZ120,49007,SLC,Castle Country,Carbon,bp16ap26 bp18mr25
UTZ120,49015,SLC,Castle Country,Emery,bp16ap26 bp18mr25
UTZ120,49041,SLC,Castle Country,Sevier,bp16ap26 bp18mr25
UTZ121,49015,SLC,San Rafael Swell,Emery,bp16ap26 bp18mr25
UTZ121,49041,SLC,San Rafael Swell,Sevier,bp16ap26 bp18mr25
UTZ122,49001,SLC,Southwest Utah,Beaver,bp16ap26 bp18mr25
UTZ122,49021,SLC,Southwest Utah,Iron,bp16ap26 bp18mr25
UTZ122,49053,SLC,Southwest Utah,Washington,bp16ap26 bp18mr25
UTZ123,49053,SLC,Lower Washington County,Washington,bp16ap26 bp18mr25
UTZ124,49021,SLC,Zion National Park,Iron,bp16ap26 bp18mr25
UTZ124,49025,SLC,Zion National Park,Kane,bp16ap26 bp18mr25
UTZ124,49053,SLC,Zion National Park,Washington,bp16ap26 bp18mr25
UTZ125,49001,SLC,Southern Mountains,Beaver,bp16ap26 bp18mr25
UTZ125,49017,SLC,Southern Mountains,Garfield,bp16ap26 bp18mr25
UTZ125,49021,SLC,Southern Mountains,Iron,bp16ap26 bp18mr25
UTZ125,49025,SLC,Southern Mountains,Kane,bp16ap26 bp18mr25
UTZ125,49031,SLC,Southern Mountains,Piute,bp16ap26 bp18mr25
UTZ125,49053,SLC,Southern Mountains,Washington,bp16ap26 bp18mr25
UTZ125,49055,SLC,Southern Mountains,Wayne,bp16ap26 bp18mr25
UTZ126,49017,SLC,Upper Sevier River Valleys,Garfield,bp16ap26 bp18mr25
UTZ126,49031,SLC,Upper Sevier River Valleys,Piute,bp16ap26 bp18mr25
UTZ126,49041,SLC,Upper Sevier River Valleys,Sevier,bp16ap26 bp18mr25
UTZ127,49017,SLC,Bryce Canyon Country,Garfield,bp16ap26 bp18mr25
UTZ127,49025,SLC,Bryce Canyon Country,Kane,bp16ap26 bp18mr25
UTZ128,49017,SLC,South Central Utah,Garfield,bp16ap26 bp18mr25
UTZ128,49025,SLC,South Central Utah,Kane,bp16ap26 bp18mr25
UTZ128,49053,SLC,South Central Utah,Washington,bp16ap26 bp18mr25
UTZ129,49015,SLC,Capitol Reef National Park and Vicinity,Emery,bp16ap26 bp18mr25
UTZ129,49017,SLC,Capitol Reef National Park and Vicinity,Garfield,bp16ap26 bp18mr25
UTZ129,49041,SLC,Capitol Reef National Park and Vicinity,Sevier,bp16ap26 bp18mr25
UTZ129,49055,SLC,Capitol Reef National Park and Vicinity,Wayne,bp16ap26 bp18mr25
UTZ130,49017,SLC,Western Canyonlands,Garfield,bp16ap26 bp18mr25
UTZ130,49055,SLC,Western Canyonlands,Wayne,bp16ap26 bp18mr25
UTZ131,49017,SLC,Glen Canyon Recreation Area/Lake Powell,Garfield,bp16ap26 bp18mr25
UTZ131,49025,SLC,Glen Canyon Recreation Area/Lake Powell,Kane,bp16ap26 bp18mr25
UTZ131,49037,SLC,Glen Canyon Recreation Area/Lake Powell,San Juan,bp16ap26 bp18mr25
VAZ001,51105,MRX,Lee,Lee,bp16ap26 bp18mr25
VAZ002,51195,MRX,Wise,Wise,bp16ap26 bp18mr25
VAZ002,51720,MRX,Wise,City of Norton,bp16ap26 bp18mr25
VAZ003,51051,RLX,Dickenson,Dickenson,bp16ap26 bp18mr25
VAZ004,51027,RLX,Buchanan,Buchanan,bp16ap26 bp18mr25
VAZ005,51169,MRX,Scott,Scott,bp16ap26 bp18mr25
VAZ006,51167,MRX,Russell,Russell,bp16ap26 bp18mr25
VAZ007,51185,RNK,Tazewell,Tazewell,bp16ap26 bp18mr25
VAZ008,51191,MRX,Washington,Washington,bp16ap26 bp18mr25
VAZ008,51520,MRX,Washington,City of Bristol,bp16ap26 bp18mr25
VAZ009,51173,RNK,Smyth,Smyth,bp16ap26 bp18mr25
VAZ010,51021,RNK,Bland,Bland,bp16ap26 bp18mr25
VAZ011,51071,RNK,Giles,Giles,bp16ap26 bp18mr25
VAZ012,51197,RNK,Wythe,Wythe,bp16ap26 bp18mr25
VAZ013,51155,RNK,Pulaski,Pulaski,bp16ap26 bp18mr25
VAZ013,51750,RNK,Pulaski,City of Radford,bp16ap26 bp18mr25
VAZ014,51121,RNK,Montgomery,Montgomery,bp16ap26 bp18mr25
VAZ015,51077,RNK,Grayson,Grayson,bp16ap26 bp18mr25
VAZ016,51035,RNK,Carroll,Carroll,bp16ap26 bp18mr25
VAZ016,51640,RNK,Carroll,City of Galax,bp16ap26 bp18mr25
VAZ017,51063,RNK,Floyd,Floyd,bp16ap26 bp18mr25
VAZ018,51045,RNK,Craig,Craig,bp16ap26 bp18mr25
VAZ019,51005,RNK,Alleghany,Alleghany,bp16ap26 bp18mr25
VAZ019,51580,RNK,Alleghany,City of Covington,bp16ap26 bp18mr25
VAZ020,51017,RNK,Bath,Bath,bp16ap26 bp18mr25
VAZ022,51161,RNK,Roanoke,Roanoke,bp16ap26 bp18mr25
VAZ022,51770,RNK,Roanoke,City of Roanoke,bp16ap26 bp18mr25
VAZ022,51775,RNK,Roanoke,City of Salem,bp16ap26 bp18mr25
VAZ023,51023,RNK,Botetourt,Botetourt,bp16ap26 bp18mr25
VAZ024,51163,RNK,Rockbridge,Rockbridge,bp16ap26 bp18mr25
VAZ024,51530,RNK,Rockbridge,City of Buena Vista,bp16ap26 bp18mr25
VAZ024,51678,RNK,Rockbridge,City of Lexington,bp16ap26 bp18mr25
VAZ025,51790,LWX,Augusta,City of Staunton,bp16ap26 bp18mr25
VAZ025,51820,LWX,Augusta,City of Waynesboro,bp16ap26 bp18mr25
VAZ026,51165,LWX,Rockingham,Rockingham,bp16ap26 bp18mr25
VAZ026,51660,LWX,Rockingham,City of Harrisonburg,bp16ap26 bp18mr25
VAZ027,51171,LWX,Shenandoah,Shenandoah,bp16ap26 bp18mr25
VAZ028,51069,LWX,Frederick,Frederick,bp16ap26 bp18mr25
VAZ028,51840,LWX,Frederick,City of Winchester,bp16ap26 bp18mr25
VAZ029,51139,LWX,Page,Page,bp16ap26 bp18mr25
VAZ030,51187,LWX,Warren,Warren,bp16ap26 bp18mr25
VAZ031,51043,LWX,Clarke,Clarke,bp16ap26 bp18mr25
VAZ032,51141,RNK,Patrick,Patrick,bp16ap26 bp18mr25
VAZ033,51067,RNK,Franklin,Franklin,bp16ap26 bp18mr25
VAZ034,51019,RNK,Bedford,Bedford,bp16ap26 bp18mr25
VAZ035,51009,RNK,Amherst,Amherst,bp16ap26 bp18mr25
VAZ036,51125,LWX,Nelson,Nelson,bp16ap26 bp18mr25
VAZ037,51540,LWX,Albemarle,City of Charlottesville,bp16ap26 bp18mr25
VAZ038,51079,LWX,Greene,Greene,bp16ap26 bp18mr25
VAZ039,51113,LWX,Madison,Madison,bp16ap26 bp18mr25
VAZ040,51157,LWX,Rappahannock,Rappahannock,bp16ap26 bp18mr25
VAZ043,51089,RNK,Henry,Henry,bp16ap26 bp18mr25
VAZ043,51690,RNK,Henry,City of Martinsville,bp16ap26 bp18mr25
VAZ044,51143,RNK,Pittsylvania,Pittsylvania,bp16ap26 bp18mr25
VAZ044,51590,RNK,Pittsylvania,City of Danville,bp16ap26 bp18mr25
VAZ045,51031,RNK,Campbell,Campbell,bp16ap26 bp18mr25
VAZ045,51680,RNK,Campbell,City of Lynchburg,bp16ap26 bp18mr25
VAZ046,51011,RNK,Appomattox,Appomattox,bp16ap26 bp18mr25
VAZ047,51029,RNK,Buckingham,Buckingham,bp16ap26 bp18mr25
VAZ048,51065,AKQ,Fluvanna,Fluvanna,bp16ap26 bp18mr25
VAZ050,51137,LWX,Orange,Orange,bp16ap26 bp18mr25
VAZ051,51047,LWX,Culpeper,Culpeper,bp16ap26 bp18mr25
VAZ053,51059,LWX,Fairfax,Fairfax,bp16ap26 bp18mr25
VAZ053,51600,LWX,Fairfax,City of Fairfax,bp16ap26 bp18mr25
VAZ054,51013,LWX,Arlington/Falls Church/Alexandria,Arlington,bp16ap26 bp18mr25
VAZ054,51510,LWX,Arlington/Falls Church/Alexandria,City of Alexandria,bp16ap26 bp18mr25
VAZ054,51610,LWX,Arlington/Falls Church/Alexandria,City of Falls Church,bp16ap26 bp18mr25
VAZ055,51179,LWX,Stafford,Stafford,bp16ap26 bp18mr25
VAZ056,51177,LWX,Spotsylvania,Spotsylvania,bp16ap26 bp18mr25
VAZ056,51630,LWX,Spotsylvania,City of Fredericksburg,bp16ap26 bp18mr25
VAZ057,51099,LWX,King George,King George,bp16ap26 bp18mr25
VAZ058,51083,RNK,Halifax,Halifax,bp16ap26 bp18mr25
VAZ059,51037,RNK,Charlotte,Charlotte,bp16ap26 bp18mr25
VAZ060,51147,AKQ,Prince Edward,Prince Edward,bp16ap26 bp18mr25
VAZ061,51049,AKQ,Cumberland,Cumberland,bp16ap26 bp18mr25
VAZ062,51075,AKQ,Goochland,Goochland,bp16ap26 bp18mr25
VAZ064,51033,AKQ,Caroline,Caroline,bp16ap26 bp18mr25
VAZ065,51117,AKQ,Mecklenburg,Mecklenburg,bp16ap26 bp18mr25
VAZ066,51111,AKQ,Lunenburg,Lunenburg,bp16ap26 bp18mr25
VAZ067,51135,AKQ,Nottoway,Nottoway,bp16ap26 bp18mr25
VAZ068,51007,AKQ,Amelia,Amelia,bp16ap26 bp18mr25
VAZ069,51145,AKQ,Powhatan,Powhatan,bp16ap26 bp18mr25
VAZ075,51193,AKQ,Westmoreland,Westmoreland,bp16ap26 bp18mr25
VAZ076,51159,AKQ,Richmond,Richmond,bp16ap26 bp18mr25
VAZ077,51133,AKQ,Northumberland,Northumberland,bp16ap26 bp18mr25
VAZ078,51103,AKQ,Lancaster,Lancaster,bp16ap26 bp18mr25
VAZ079,51025,AKQ,Brunswick,Brunswick,bp16ap26 bp18mr25
VAZ080,51053,AKQ,Dinwiddie,Dinwiddie,bp16ap26 bp18mr25
VAZ081,51149,AKQ,Prince George,Prince George,bp16ap26 bp18mr25
VAZ081,51670,AKQ,Prince George,City of Hopewell,bp16ap26 bp18mr25
VAZ081,51730,AKQ,Prince George,City of Petersburg,bp16ap26 bp18mr25
VAZ082,51036,AKQ,Charles City,Charles City,bp16ap26 bp18mr25
VAZ083,51127,AKQ,New Kent,New Kent,bp16ap26 bp18mr25
VAZ084,51073,AKQ,Gloucester,Gloucester,bp16ap26 bp18mr25
VAZ085,51119,AKQ,Middlesex,Middlesex,bp16ap26 bp18mr25
VAZ086,51115,AKQ,Mathews,Mathews,bp16ap26 bp18mr25
VAZ087,51081,AKQ,Greensville,Greensville,bp16ap26 bp18mr25
VAZ087,51595,AKQ,Greensville,City of Emporia,bp16ap26 bp18mr25
VAZ088,51183,AKQ,Sussex,Sussex,bp16ap26 bp18mr25
VAZ089,51181,AKQ,Surry,Surry,bp16ap26 bp18mr25
VAZ090,51095,AKQ,James City,James City,bp16ap26 bp18mr25
VAZ090,51830,AKQ,James City,City of Williamsburg,bp16ap26 bp18mr25
VAZ092,51175,AKQ,Southampton,Southampton,bp16ap26 bp18mr25
VAZ092,51620,AKQ,Southampton,City of Franklin,bp16ap26 bp18mr25
VAZ093,51093,AKQ,Isle of Wight,Isle of Wight,bp18mr25
VAZ095,51710,AKQ,Norfolk/Portsmouth,City of Norfolk,bp18mr25
VAZ095,51740,AKQ,Norfolk/Portsmouth,City of Portsmouth,bp18mr25
VAZ096,51800,AKQ,Suffolk,City of Suffolk,bp18mr25
VAZ097,51550,AKQ,Chesapeake,City of Chesapeake,bp16ap26 bp18mr25
VAZ098,51810,AKQ,Virginia Beach,City of Virginia Beach,bp16ap26 bp18mr25
VAZ099,51001,AKQ,Accomack,Accomack,bp16ap26 bp18mr25
VAZ100,51131,AKQ,Northampton,Northampton,bp16ap26 bp18mr25
VAZ501,51061,LWX,Northern Fauquier,Fauquier,bp16ap26 bp18mr25
VAZ502,51061,LWX,Southern Fauquier,Fauquier,bp16ap26 bp18mr25
VAZ503,51091,LWX,Western Highland,Highland,bp16ap26 bp18mr25
VAZ504,51091,LWX,Eastern Highland,Highland,bp16ap26 bp18mr25
VAZ505,51107,LWX,Western Loudoun,Loudoun,bp16ap26 bp18mr25
VAZ506,51107,LWX,Eastern Loudoun,Loudoun,bp16ap26 bp18mr25
VAZ507,51079,LWX,Northern Virginia Blue Ridge,Greene,bp16ap26 bp18mr25
VAZ507,51113,LWX,Northern Virginia Blue Ridge,Madison,bp16ap26 bp18mr25
VAZ507,51139,LWX,Northern Virginia Blue Ridge,Page,bp16ap26 bp18mr25
VAZ507,51157,LWX,Northern Virginia Blue Ridge,Rappahannock,bp16ap26 bp18mr25
VAZ507,51165,LWX,Northern Virginia Blue Ridge,Rockingham,bp16ap26 bp18mr25
VAZ507,51187,LWX,Northern Virginia Blue Ridge,Warren,bp16ap26 bp18mr25
VAZ508,51003,LWX,Central Virginia Blue Ridge,Albemarle,bp16ap26 bp18mr25
VAZ508,51009,RNK,Central Virginia Blue Ridge,Amherst,bp16ap26 bp18mr25
VAZ508,51015,LWX,Central Virginia Blue Ridge,Augusta,bp16ap26 bp18mr25
VAZ508,51125,RNK,Central Virginia Blue Ridge,Nelson,bp16ap26 bp18mr25
VAZ508,51163,RNK,Central Virginia Blue Ridge,Rockbridge,bp16ap26 bp18mr25
VAZ509,51109,AKQ,Western Louisa,Louisa,bp16ap26 bp18mr25
VAZ510,51109,AKQ,Eastern Louisa,Louisa,bp16ap26 bp18mr25
VAZ511,51085,AKQ,Western Hanover,Hanover,bp16ap26 bp18mr25
VAZ512,51085,AKQ,Eastern Hanover,Hanover,bp16ap26 bp18mr25
VAZ513,51041,AKQ,Western Chesterfield,Chesterfield,bp16ap26 bp18mr25
VAZ514,51570,AKQ,Eastern Chesterfield (Including Col. Heights),City of Colonial Heights,bp16ap26 bp18mr25
VAZ515,51087,AKQ,Western Henrico (Including the City of Richmond),Henrico,bp16ap26 bp18mr25
VAZ515,51760,AKQ,Western Henrico (Including the City of Richmond),City of Richmond,bp16ap26 bp18mr25
VAZ516,51087,AKQ,Eastern Henrico,Henrico,bp16ap26 bp18mr25
VAZ517,51101,AKQ,Western King William,King William,bp16ap26 bp18mr25
VAZ518,51101,AKQ,Eastern King William,King William,bp16ap26 bp18mr25
VAZ519,51097,AKQ,Western King and Queen,King and Queen,bp16ap26 bp18mr25
VAZ520,51097,AKQ,Eastern King and Queen,King and Queen,bp16ap26 bp18mr25
VAZ521,51057,AKQ,Western Essex,Essex,bp16ap26 bp18mr25
VAZ522,51057,AKQ,Eastern Essex,Essex,bp16ap26 bp18mr25
VAZ523,51199,AKQ,York,York,bp16ap26 bp18mr25
VAZ523,51735,AKQ,York,City of Poquoson,bp16ap26 bp18mr25
VAZ524,51700,AKQ,Newport News/Hampton,City of Newport News,bp16ap26 bp18mr25
VAZ525,51650,AKQ,Hampton/Poquoson,City of Hampton,bp16ap26 bp18mr25
VAZ526,51153,LWX,Northwest Prince William,Prince William,bp16ap26 bp18mr25
VAZ527,51153,LWX,Central and Southeast Prince William/Manassas/Manassas Park,Prince William,bp16ap26 bp18mr25
VAZ527,51683,LWX,Central and Southeast Prince William/Manassas/Manassas Park,City of Manassas,bp16ap26 bp18mr25
VAZ527,51685,LWX,Central and Southeast Prince William/Manassas/Manassas Park,City of Manassas Park,bp16ap26 bp18mr25
VAZ528,51093,AKQ,Isle of Wight,Isle of Wight,bp16ap26
VAZ529,51800,AKQ,Suffolk,City of Suffolk,bp16ap26
VAZ530,51710,AKQ,Norfolk,City of Norfolk,bp16ap26
VAZ531,51740,AKQ,Portsmouth,City of Portsmouth,bp16ap26
VIZ001,78020,SJU,St.Thomas...St. John.. and Adjacent Islands,Saint John,bp16ap26 bp18mr25
VIZ001,78030,SJU,St.Thomas...St. John.. and Adjacent Islands,Saint Thomas,bp16ap26 bp18mr25
VIZ002,78010,SJU,St Croix,Saint Croix,bp16ap26 bp18mr25
VTZ001,50013,BTV,Grand Isle,Grand Isle,bp16ap26 bp18mr25
VTZ002,50011,BTV,Western Franklin,Franklin,bp16ap26 bp18mr25
VTZ003,50019,BTV,Orleans,Orleans,bp16ap26 bp18mr25
VTZ004,50009,BTV,Essex,Essex,bp16ap26 bp18mr25
VTZ005,50007,BTV,Western Chittenden,Chittenden,bp16ap26 bp18mr25
VTZ006,50015,BTV,Lamoille,Lamoille,bp16ap26 bp18mr25
VTZ007,50005,BTV,Caledonia,Caledonia,bp16ap26 bp18mr25
VTZ008,50023,BTV,Washington,Washington,bp16ap26 bp18mr25
VTZ009,50001,BTV,Western Addison,Addison,bp16ap26 bp18mr25
VTZ010,50017,BTV,Orange,Orange,bp16ap26 bp18mr25
VTZ011,50021,BTV,Western Rutland,Rutland,bp16ap26 bp18mr25
VTZ013,50003,ALY,Bennington,Bennington,bp16ap26 bp18mr25
VTZ014,50025,ALY,Western Windham,Windham,bp16ap26 bp18mr25
VTZ015,50025,ALY,Eastern Windham,Windham,bp16ap26 bp18mr25
VTZ016,50011,BTV,Eastern Franklin,Franklin,bp16ap26 bp18mr25
VTZ017,50007,BTV,Eastern Chittenden,Chittenden,bp16ap26 bp18mr25
VTZ018,50001,BTV,Eastern Addison,Addison,bp16ap26 bp18mr25
VTZ019,50021,BTV,Eastern Rutland,Rutland,bp16ap26 bp18mr25
VTZ020,50027,BTV,Western Windsor,Windsor,bp16ap26 bp18mr25
VTZ021,50027,BTV,Eastern Windsor,Windsor,bp16ap26 bp18mr25
WAZ001,53055,SEW,San Juan County,San Juan,bp16ap26 bp18mr25
WAZ024,53039,PDT,Eastern Columbia River Gorge of Washington,Klickitat,bp16ap26 bp18mr25
WAZ026,53037,PDT,Kittitas Valley,Kittitas,bp16ap26 bp18mr25
WAZ026,53077,PDT,Kittitas Valley,Yakima,bp16ap26 bp18mr25
WAZ027,53077,PDT,Yakima Valley,Yakima,bp16ap26 bp18mr25
WAZ028,53005,PDT,Lower Columbia Basin of Washington,Benton,bp16ap26 bp18mr25
WAZ028,53021,PDT,Lower Columbia Basin of Washington,Franklin,bp16ap26 bp18mr25
WAZ028,53039,PDT,Lower Columbia Basin of Washington,Klickitat,bp16ap26 bp18mr25
WAZ028,53071,PDT,Lower Columbia Basin of Washington,Walla Walla,bp16ap26 bp18mr25
WAZ029,53013,PDT,Foothills of the Blue Mountains of Washington,Columbia,bp16ap26 bp18mr25
WAZ029,53071,PDT,Foothills of the Blue Mountains of Washington,Walla Walla,bp16ap26 bp18mr25
WAZ030,53013,PDT,Northwest Blue Mountains,Columbia,bp16ap26 bp18mr25
WAZ030,53071,PDT,Northwest Blue Mountains,Walla Walla,bp16ap26 bp18mr25
WAZ031,53003,OTX,Northeast Blue Mountains,Asotin,bp16ap26 bp18mr25
WAZ031,53023,OTX,Northeast Blue Mountains,Garfield,bp16ap26 bp18mr25
WAZ032,53003,OTX,Lower Garfield and Asotin Counties,Asotin,bp16ap26 bp18mr25
WAZ032,53023,OTX,Lower Garfield and Asotin Counties,Garfield,bp16ap26 bp18mr25
WAZ033,53063,OTX,Washington Palouse,Spokane,bp16ap26 bp18mr25
WAZ033,53075,OTX,Washington Palouse,Whitman,bp16ap26 bp18mr25
WAZ034,53001,OTX,Moses Lake Area,Adams,bp16ap26 bp18mr25
WAZ034,53025,OTX,Moses Lake Area,Grant,bp16ap26 bp18mr25
WAZ035,53001,OTX,Upper Columbia Basin,Adams,bp16ap26 bp18mr25
WAZ035,53017,OTX,Upper Columbia Basin,Douglas,bp16ap26 bp18mr25
WAZ035,53025,OTX,Upper Columbia Basin,Grant,bp16ap26 bp18mr25
WAZ035,53043,OTX,Upper Columbia Basin,Lincoln,bp16ap26 bp18mr25
WAZ035,53047,OTX,Upper Columbia Basin,Okanogan,bp16ap26 bp18mr25
WAZ036,53043,OTX,Spokane Area,Lincoln,bp16ap26 bp18mr25
WAZ036,53063,OTX,Spokane Area,Spokane,bp16ap26 bp18mr25
WAZ037,53051,OTX,Northeast Mountains,Pend Oreille,bp16ap26 bp18mr25
WAZ037,53063,OTX,Northeast Mountains,Spokane,bp16ap26 bp18mr25
WAZ037,53065,OTX,Northeast Mountains,Stevens,bp16ap26 bp18mr25
WAZ038,53019,OTX,Okanogan Highlands,Ferry,bp16ap26 bp18mr25
WAZ038,53047,OTX,Okanogan Highlands,Okanogan,bp16ap26 bp18mr25
WAZ041,53007,OTX,Wenatchee Area,Chelan,bp16ap26 bp18mr25
WAZ041,53017,OTX,Wenatchee Area,Douglas,bp16ap26 bp18mr25
WAZ043,53017,OTX,Okanogan Valley,Douglas,bp16ap26 bp18mr25
WAZ043,53047,OTX,Okanogan Valley,Okanogan,bp16ap26 bp18mr25
WAZ044,53017,OTX,Waterville Plateau,Douglas,bp16ap26 bp18mr25
WAZ044,53025,OTX,Waterville Plateau,Grant,bp16ap26 bp18mr25
WAZ047,53007,OTX,Central Chelan County,Chelan,bp16ap26 bp18mr25
WAZ048,53007,OTX,Western Chelan County,Chelan,bp16ap26 bp18mr25
WAZ049,53047,OTX,Western Okanogan County,Okanogan,bp16ap26 bp18mr25
WAZ201,53049,PQR,South Washington Coast,Pacific,bp16ap26 bp18mr25
WAZ202,53049,PQR,Willapa and Wahkiakum Lowlands,Pacific,bp16ap26 bp18mr25
WAZ202,53069,PQR,Willapa and Wahkiakum Lowlands,Wahkiakum,bp16ap26 bp18mr25
WAZ203,53015,PQR,Willapa Hills,Cowlitz,bp16ap26 bp18mr25
WAZ203,53049,PQR,Willapa Hills,Pacific,bp16ap26 bp18mr25
WAZ203,53069,PQR,Willapa Hills,Wahkiakum,bp16ap26 bp18mr25
WAZ204,53015,PQR,Cowlitz County Lowlands,Cowlitz,bp16ap26 bp18mr25
WAZ205,53011,PQR,North Clark County Lowlands,Clark,bp16ap26 bp18mr25
WAZ206,53011,PQR,Inner Vancouver Metro,Clark,bp16ap26 bp18mr25
WAZ207,53011,PQR,East Clark County Lowlands,Clark,bp16ap26 bp18mr25
WAZ208,53011,PQR,South Washington Cascade Foothills,Clark,bp16ap26 bp18mr25
WAZ208,53015,PQR,South Washington Cascade Foothills,Cowlitz,bp16ap26 bp18mr25
WAZ208,53059,PQR,South Washington Cascade Foothills,Skamania,bp16ap26 bp18mr25
WAZ209,53059,PQR,West Columbia River Gorge - SR 14,Skamania,bp16ap26 bp18mr25
WAZ210,53059,PQR,Central Columbia River Gorge - SR 14,Skamania,bp16ap26 bp18mr25
WAZ211,53011,PQR,South Washington Cascades,Clark,bp16ap26 bp18mr25
WAZ211,53015,PQR,South Washington Cascades,Cowlitz,bp16ap26 bp18mr25
WAZ211,53059,PQR,South Washington Cascades,Skamania,bp16ap26 bp18mr25
WAZ301,53057,SEW,Cascades of Whatcom and Skagit Counties,Skagit,bp16ap26 bp18mr25
WAZ301,53073,SEW,Cascades of Whatcom and Skagit Counties,Whatcom,bp16ap26 bp18mr25
WAZ302,53033,SEW,Cascades of Snohomish and Northern King Counties,King,bp16ap26 bp18mr25
WAZ302,53061,SEW,Cascades of Snohomish and Northern King Counties,Snohomish,bp16ap26 bp18mr25
WAZ303,53033,SEW,Cascades of Southern King County,King,bp16ap26 bp18mr25
WAZ304,53041,SEW,Cascades of Pierce and Lewis Counties,Lewis,bp16ap26 bp18mr25
WAZ304,53053,SEW,Cascades of Pierce and Lewis Counties,Pierce,bp16ap26 bp18mr25
WAZ305,53057,SEW,Foothills and Valleys of the North Cascades,Skagit,bp16ap26 bp18mr25
WAZ305,53061,SEW,Foothills and Valleys of the North Cascades,Snohomish,bp16ap26 bp18mr25
WAZ305,53073,SEW,Foothills and Valleys of the North Cascades,Whatcom,bp16ap26 bp18mr25
WAZ306,53033,SEW,Foothills and Valleys of Snohomish and Northern King Counties,King,bp16ap26 bp18mr25
WAZ306,53061,SEW,Foothills and Valleys of Snohomish and Northern King Counties,Snohomish,bp16ap26 bp18mr25
WAZ307,53033,SEW,Foothills and Valleys of Central King County,King,bp16ap26 bp18mr25
WAZ308,53033,SEW,Foothills and Valleys of Pierce and Southern King Counties,King,bp16ap26 bp18mr25
WAZ308,53053,SEW,Foothills and Valleys of Pierce and Southern King Counties,Pierce,bp16ap26 bp18mr25
WAZ309,53041,SEW,Foothills and Valleys of Thurston and Lewis Counties,Lewis,bp16ap26 bp18mr25
WAZ309,53067,SEW,Foothills and Valleys of Thurston and Lewis Counties,Thurston,bp16ap26 bp18mr25
WAZ310,53073,SEW,Lowlands of Western Whatcom County,Whatcom,bp16ap26 bp18mr25
WAZ311,53057,SEW,Lowlands of Western Skagit and Northwestern Snohomish Counties,Skagit,bp16ap26 bp18mr25
WAZ311,53061,SEW,Lowlands of Western Skagit and Northwestern Snohomish Counties,Snohomish,bp16ap26 bp18mr25
WAZ312,53061,SEW,Downtown Everett / Marysville Area,Snohomish,bp16ap26 bp18mr25
WAZ313,53033,SEW,Shoreline / Lynnwood / South Everett Area,King,bp16ap26 bp18mr25
WAZ313,53061,SEW,Shoreline / Lynnwood / South Everett Area,Snohomish,bp16ap26 bp18mr25
WAZ314,53033,SEW,Eastside,King,bp16ap26 bp18mr25
WAZ315,53033,SEW,City of Seattle,King,bp16ap26 bp18mr25
WAZ316,53033,SEW,Lowlands of Pierce and Southern King Counties,King,bp16ap26 bp18mr25
WAZ316,53053,SEW,Lowlands of Pierce and Southern King Counties,Pierce,bp16ap26 bp18mr25
WAZ317,53045,SEW,Olympia and Southern Puget Sound,Mason,bp16ap26 bp18mr25
WAZ317,53067,SEW,Olympia and Southern Puget Sound,Thurston,bp16ap26 bp18mr25
WAZ318,53041,SEW,Lowlands of Lewis and Southern Thurston Counties,Lewis,bp16ap26 bp18mr25
WAZ318,53067,SEW,Lowlands of Lewis and Southern Thurston Counties,Thurston,bp16ap26 bp18mr25
WAZ319,53027,SEW,Middle Chehalis River Valley,Grays Harbor,bp16ap26 bp18mr25
WAZ319,53045,SEW,Middle Chehalis River Valley,Mason,bp16ap26 bp18mr25
WAZ320,53027,SEW,Willapa and Black Hills,Grays Harbor,bp16ap26 bp18mr25
WAZ320,53041,SEW,Willapa and Black Hills,Lewis,bp16ap26 bp18mr25
WAZ320,53045,SEW,Willapa and Black Hills,Mason,bp16ap26 bp18mr25
WAZ320,53067,SEW,Willapa and Black Hills,Thurston,bp16ap26 bp18mr25
WAZ321,53045,SEW,Southern Hood Canal,Mason,bp16ap26 bp18mr25
WAZ322,53031,SEW,Northern Hood Canal,Jefferson,bp16ap26 bp18mr25
WAZ322,53035,SEW,Northern Hood Canal,Kitsap,bp16ap26 bp18mr25
WAZ323,53035,SEW,Eastern Kitsap County,Kitsap,bp16ap26 bp18mr25
WAZ324,53031,SEW,Port Townsend Area,Jefferson,bp16ap26 bp18mr25
WAZ325,53009,SEW,Eastern Strait of Juan de Fuca,Clallam,bp16ap26 bp18mr25
WAZ326,53009,SEW,Western Strait of Juan de Fuca,Clallam,bp16ap26 bp18mr25
WAZ327,53009,SEW,Lake Crescent Area Including US 101,Clallam,bp16ap26 bp18mr25
WAZ328,53009,SEW,Olympics,Clallam,bp16ap26 bp18mr25
WAZ328,53027,SEW,Olympics,Grays Harbor,bp16ap26 bp18mr25
WAZ328,53031,SEW,Olympics,Jefferson,bp16ap26 bp18mr25
WAZ328,53045,SEW,Olympics,Mason,bp16ap26 bp18mr25
WAZ329,53009,SEW,Foothills of the Western and Southern Olympic Peninsula,Clallam,bp16ap26 bp18mr25
WAZ329,53027,SEW,Foothills of the Western and Southern Olympic Peninsula,Grays Harbor,bp16ap26 bp18mr25
WAZ329,53031,SEW,Foothills of the Western and Southern Olympic Peninsula,Jefferson,bp16ap26 bp18mr25
WAZ329,53045,SEW,Foothills of the Western and Southern Olympic Peninsula,Mason,bp16ap26 bp18mr25
WAZ330,53009,SEW,Northern Washington Coast,Clallam,bp16ap26 bp18mr25
WAZ330,53031,SEW,Northern Washington Coast,Jefferson,bp16ap26 bp18mr25
WAZ331,53027,SEW,Grays Harbor County Coast,Grays Harbor,bp16ap26 bp18mr25
WAZ332,53027,SEW,Lower Chehalis River Valley,Grays Harbor,bp16ap26 bp18mr25
WAZ333,53029,SEW,Island County,Island,bp16ap26 bp18mr25
WAZ521,53039,PDT,Simcoe Highlands,Klickitat,bp16ap26 bp18mr25
WAZ521,53077,PDT,Simcoe Highlands,Yakima,bp16ap26 bp18mr25
WAZ522,53037,PDT,Upper Slopes of the Eastern Washington Cascades Crest,Kittitas,bp16ap26 bp18mr25
WAZ522,53077,PDT,Upper Slopes of the Eastern Washington Cascades Crest,Yakima,bp16ap26 bp18mr25
WAZ523,53037,PDT,Lower Slopes of the Eastern Washington Cascades Crest,Kittitas,bp16ap26 bp18mr25
WAZ523,53039,PDT,Lower Slopes of the Eastern Washington Cascades Crest,Klickitat,bp16ap26 bp18mr25
WAZ523,53077,PDT,Lower Slopes of the Eastern Washington Cascades Crest,Yakima,bp16ap26 bp18mr25
WIZ001,55031,DLH,Douglas,Douglas,bp16ap26 bp18mr25
WIZ002,55007,DLH,Bayfield,Bayfield,bp16ap26 bp18mr25
WIZ003,55003,DLH,Ashland,Ashland,bp16ap26 bp18mr25
WIZ004,55051,DLH,Iron,Iron,bp16ap26 bp18mr25
WIZ005,55125,GRB,Vilas,Vilas,bp16ap26 bp18mr25
WIZ006,55013,DLH,Burnett,Burnett,bp16ap26 bp18mr25
WIZ007,55129,DLH,Washburn,Washburn,bp16ap26 bp18mr25
WIZ008,55113,DLH,Sawyer,Sawyer,bp16ap26 bp18mr25
WIZ009,55099,DLH,Price,Price,bp16ap26 bp18mr25
WIZ010,55085,GRB,Oneida,Oneida,bp16ap26 bp18mr25
WIZ011,55041,GRB,Forest,Forest,bp16ap26 bp18mr25
WIZ012,55037,GRB,Florence,Florence,bp16ap26 bp18mr25
WIZ013,55075,GRB,Northern Marinette County,Marinette,bp16ap26 bp18mr25
WIZ014,55095,MPX,Polk,Polk,bp16ap26 bp18mr25
WIZ015,55005,MPX,Barron,Barron,bp16ap26 bp18mr25
WIZ016,55107,MPX,Rusk,Rusk,bp16ap26 bp18mr25
WIZ017,55119,ARX,Taylor,Taylor,bp16ap26 bp18mr25
WIZ018,55069,GRB,Lincoln,Lincoln,bp16ap26 bp18mr25
WIZ019,55067,GRB,Langlade,Langlade,bp16ap26 bp18mr25
WIZ020,55078,GRB,Menominee,Menominee,bp16ap26 bp18mr25
WIZ021,55083,GRB,Northern Oconto County,Oconto,bp16ap26 bp18mr25
WIZ022,55029,GRB,Door,Door,bp16ap26 bp18mr25
WIZ023,55109,MPX,St. Croix,St. Croix,bp16ap26 bp18mr25
WIZ024,55093,MPX,Pierce,Pierce,bp16ap26 bp18mr25
WIZ025,55033,MPX,Dunn,Dunn,bp16ap26 bp18mr25
WIZ026,55091,MPX,Pepin,Pepin,bp16ap26 bp18mr25
WIZ027,55017,MPX,Chippewa,Chippewa,bp16ap26 bp18mr25
WIZ028,55035,MPX,Eau Claire,Eau Claire,bp16ap26 bp18mr25
WIZ029,55019,ARX,Clark,Clark,bp16ap26 bp18mr25
WIZ030,55073,GRB,Marathon,Marathon,bp16ap26 bp18mr25
WIZ031,55115,GRB,Shawano,Shawano,bp16ap26 bp18mr25
WIZ032,55011,ARX,Buffalo,Buffalo,bp16ap26 bp18mr25
WIZ033,55121,ARX,Trempealeau,Trempealeau,bp16ap26 bp18mr25
WIZ034,55053,ARX,Jackson,Jackson,bp16ap26 bp18mr25
WIZ035,55141,GRB,Wood,Wood,bp16ap26 bp18mr25
WIZ036,55097,GRB,Portage,Portage,bp16ap26 bp18mr25
WIZ037,55135,GRB,Waupaca,Waupaca,bp16ap26 bp18mr25
WIZ038,55087,GRB,Outagamie,Outagamie,bp16ap26 bp18mr25
WIZ039,55009,GRB,Brown,Brown,bp16ap26 bp18mr25
WIZ040,55061,GRB,Kewaunee,Kewaunee,bp16ap26 bp18mr25
WIZ041,55063,ARX,La Crosse,La Crosse,bp16ap26 bp18mr25
WIZ042,55081,ARX,Monroe,Monroe,bp16ap26 bp18mr25
WIZ043,55057,ARX,Juneau,Juneau,bp16ap26 bp18mr25
WIZ044,55001,ARX,Adams,Adams,bp16ap26 bp18mr25
WIZ045,55137,GRB,Waushara,Waushara,bp16ap26 bp18mr25
WIZ046,55077,MKX,Marquette,Marquette,bp16ap26 bp18mr25
WIZ047,55047,MKX,Green Lake,Green Lake,bp16ap26 bp18mr25
WIZ048,55139,GRB,Winnebago,Winnebago,bp16ap26 bp18mr25
WIZ049,55015,GRB,Calumet,Calumet,bp16ap26 bp18mr25
WIZ050,55071,GRB,Manitowoc,Manitowoc,bp16ap26 bp18mr25
WIZ051,55039,MKX,Fond Du Lac,Fond du Lac,bp16ap26 bp18mr25
WIZ052,55117,MKX,Sheboygan,Sheboygan,bp16ap26 bp18mr25
WIZ053,55123,ARX,Vernon,Vernon,bp16ap26 bp18mr25
WIZ054,55023,ARX,Crawford,Crawford,bp16ap26 bp18mr25
WIZ055,55103,ARX,Richland,Richland,bp16ap26 bp18mr25
WIZ056,55111,MKX,Sauk,Sauk,bp16ap26 bp18mr25
WIZ057,55021,MKX,Columbia,Columbia,bp16ap26 bp18mr25
WIZ058,55027,MKX,Dodge,Dodge,bp16ap26 bp18mr25
WIZ059,55131,MKX,Washington,Washington,bp16ap26 bp18mr25
WIZ060,55089,MKX,Ozaukee,Ozaukee,bp16ap26 bp18mr25
WIZ061,55043,ARX,Grant,Grant,bp16ap26 bp18mr25
WIZ062,55049,MKX,Iowa,Iowa,bp16ap26 bp18mr25
WIZ063,55025,MKX,Dane,Dane,bp16ap26 bp18mr25
WIZ064,55055,MKX,Jefferson,Jefferson,bp16ap26 bp18mr25
WIZ065,55133,MKX,Waukesha,Waukesha,bp16ap26 bp18mr25
WIZ066,55079,MKX,Milwaukee,Milwaukee,bp16ap26 bp18mr25
WIZ067,55065,MKX,Lafayette,Lafayette,bp16ap26 bp18mr25
WIZ068,55045,MKX,Green,Green,bp16ap26 bp18mr25
WIZ069,55105,MKX,Rock,Rock,bp16ap26 bp18mr25
WIZ070,55127,MKX,Walworth,Walworth,bp16ap26 bp18mr25
WIZ071,55101,MKX,Racine,Racine,bp16ap26 bp18mr25
WIZ072,55059,MKX,Kenosha,Kenosha,bp16ap26 bp18mr25
WIZ073,55075,GRB,Southern Marinette County,Marinette,bp16ap26 bp18mr25
WIZ074,55083,GRB,Southern Oconto County,Oconto,bp16ap26 bp18mr25
WVZ001,54029,PBZ,Hancock,Hancock,bp16ap26 bp18mr25
WVZ002,54009,PBZ,Brooke,Brooke,bp16ap26 bp18mr25
WVZ003,54069,PBZ,Ohio,Ohio,bp16ap26 bp18mr25
WVZ004,54051,PBZ,Marshall,Marshall,bp16ap26 bp18mr25
WVZ005,54099,RLX,Wayne,Wayne,bp16ap26 bp18mr25
WVZ006,54011,RLX,Cabell,Cabell,bp16ap26 bp18mr25
WVZ007,54053,RLX,Mason,Mason,bp16ap26 bp18mr25
WVZ008,54035,RLX,Jackson,Jackson,bp16ap26 bp18mr25
WVZ009,54107,RLX,Wood,Wood,bp16ap26 bp18mr25
WVZ010,54073,RLX,Pleasants,Pleasants,bp16ap26 bp18mr25
WVZ011,54095,RLX,Tyler,Tyler,bp16ap26 bp18mr25
WVZ012,54103,PBZ,Wetzel,Wetzel,bp16ap26 bp18mr25
WVZ013,54043,RLX,Lincoln,Lincoln,bp16ap26 bp18mr25
WVZ014,54079,RLX,Putnam,Putnam,bp16ap26 bp18mr25
WVZ015,54039,RLX,Kanawha,Kanawha,bp16ap26 bp18mr25
WVZ016,54087,RLX,Roane,Roane,bp16ap26 bp18mr25
WVZ017,54105,RLX,Wirt,Wirt,bp16ap26 bp18mr25
WVZ018,54013,RLX,Calhoun,Calhoun,bp16ap26 bp18mr25
WVZ019,54085,RLX,Ritchie,Ritchie,bp16ap26 bp18mr25
WVZ020,54017,RLX,Doddridge,Doddridge,bp16ap26 bp18mr25
WVZ021,54049,PBZ,Marion,Marion,bp16ap26 bp18mr25
WVZ024,54059,RLX,Mingo,Mingo,bp16ap26 bp18mr25
WVZ025,54045,RLX,Logan,Logan,bp16ap26 bp18mr25
WVZ026,54005,RLX,Boone,Boone,bp16ap26 bp18mr25
WVZ027,54015,RLX,Clay,Clay,bp16ap26 bp18mr25
WVZ028,54007,RLX,Braxton,Braxton,bp16ap26 bp18mr25
WVZ029,54021,RLX,Gilmer,Gilmer,bp16ap26 bp18mr25
WVZ030,54041,RLX,Lewis,Lewis,bp16ap26 bp18mr25
WVZ031,54033,RLX,Harrison,Harrison,bp16ap26 bp18mr25
WVZ032,54091,RLX,Taylor,Taylor,bp16ap26 bp18mr25
WVZ033,54047,RLX,McDowell,McDowell,bp16ap26 bp18mr25
WVZ034,54109,RLX,Wyoming,Wyoming,bp16ap26 bp18mr25
WVZ039,54097,RLX,Upshur,Upshur,bp16ap26 bp18mr25
WVZ040,54001,RLX,Barbour,Barbour,bp16ap26 bp18mr25
WVZ042,54055,RNK,Mercer,Mercer,bp16ap26 bp18mr25
WVZ043,54089,RNK,Summers,Summers,bp16ap26 bp18mr25
WVZ044,54063,RNK,Monroe,Monroe,bp16ap26 bp18mr25
WVZ050,54027,LWX,Hampshire,Hampshire,bp16ap26 bp18mr25
WVZ051,54065,LWX,Morgan,Morgan,bp16ap26 bp18mr25
WVZ052,54003,LWX,Berkeley,Berkeley,bp16ap26 bp18mr25
WVZ053,54037,LWX,Jefferson,Jefferson,bp16ap26 bp18mr25
WVZ055,54031,LWX,Hardy,Hardy,bp16ap26 bp18mr25
WVZ501,54023,LWX,Western Grant,Grant,bp16ap26 bp18mr25
WVZ502,54023,LWX,Eastern Grant,Grant,bp16ap26 bp18mr25
WVZ503,54057,LWX,Western Mineral,Mineral,bp16ap26 bp18mr25
WVZ504,54057,LWX,Eastern Mineral,Mineral,bp16ap26 bp18mr25
WVZ505,54071,LWX,Western Pendleton,Pendleton,bp16ap26 bp18mr25
WVZ506,54071,LWX,Eastern Pendleton,Pendleton,bp16ap26 bp18mr25
WVZ507,54025,RNK,Eastern Greenbrier,Greenbrier,bp16ap26 bp18mr25
WVZ508,54025,RNK,Western Greenbrier,Greenbrier,bp16ap26 bp18mr25
WVZ509,54061,PBZ,Monongalia,Monongalia,bp16ap26 bp18mr25
WVZ510,54061,PBZ,Ridges of Eastern Monongalia and Northwestern Preston,Monongalia,bp16ap26 bp18mr25
WVZ511,54077,PBZ,Preston,Preston,bp16ap26 bp18mr25
WVZ512,54077,PBZ,Eastern Preston,Preston,bp16ap26 bp18mr25
WVZ513,54093,PBZ,Western Tucker,Tucker,bp16ap26 bp18mr25
WVZ514,54093,PBZ,Eastern Tucker,Tucker,bp16ap26 bp18mr25
WVZ515,54081,RLX,Northwest Raleigh,Raleigh,bp16ap26 bp18mr25
WVZ516,54081,RLX,Southeast Raleigh,Raleigh,bp16ap26 bp18mr25
WVZ517,54019,RLX,Northwest Fayette,Fayette,bp16ap26 bp18mr25
WVZ518,54019,RLX,Southeast Fayette,Fayette,bp16ap26 bp18mr25
WVZ519,54067,RLX,Northwest Nicholas,Nicholas,bp16ap26 bp18mr25
WVZ520,54067,RLX,Southeast Nicholas,Nicholas,bp16ap26 bp18mr25
WVZ521,54101,RLX,Northwest Webster,Webster,bp16ap26 bp18mr25
WVZ522,54101,RLX,Southeast Webster,Webster,bp16ap26 bp18mr25
WVZ523,54075,RLX,Northwest Pocahontas,Pocahontas,bp16ap26 bp18mr25
WVZ524,54075,RLX,Southeast Pocahontas,Pocahontas,bp16ap26 bp18mr25
WVZ525,54083,RLX,Northwest Randolph,Randolph,bp16ap26 bp18mr25
WVZ526,54083,RLX,Southeast Randolph,Randolph,bp16ap26 bp18mr25
WYZ001,16043,PIH,Yellowstone National Park,Fremont,bp16ap26 bp18mr25
WYZ001,30031,TFX,Yellowstone National Park,Gallatin,bp16ap26 bp18mr25
WYZ001,56029,RIW,Yellowstone National Park,Park,bp16ap26 bp18mr25
WYZ001,56039,RIW,Yellowstone National Park,Teton,bp16ap26 bp18mr25
WYZ002,56013,RIW,Absaroka Mountains,Fremont,bp16ap26 bp18mr25
WYZ002,56017,RIW,Absaroka Mountains,Hot Springs,bp16ap26 bp18mr25
WYZ002,56029,RIW,Absaroka Mountains,Park,bp16ap26 bp18mr25
WYZ003,56029,RIW,Cody Foothills,Park,bp16ap26 bp18mr25
WYZ004,56003,RIW,North Big Horn Basin,Big Horn,bp16ap26 bp18mr25
WYZ004,56029,RIW,North Big Horn Basin,Park,bp16ap26 bp18mr25
WYZ005,56017,RIW,Southwest Big Horn Basin,Hot Springs,bp16ap26 bp18mr25
WYZ006,56043,RIW,Southeast Big Horn Basin,Washakie,bp16ap26 bp18mr25
WYZ007,56013,RIW,Owl Creek and Bridger Mountains,Fremont,bp16ap26 bp18mr25
WYZ007,56017,RIW,Owl Creek and Bridger Mountains,Hot Springs,bp16ap26 bp18mr25
WYZ007,56025,RIW,Owl Creek and Bridger Mountains,Natrona,bp16ap26 bp18mr25
WYZ008,56003,RIW,Bighorn Mountains West,Big Horn,bp16ap26 bp18mr25
WYZ008,56013,RIW,Bighorn Mountains West,Fremont,bp16ap26 bp18mr25
WYZ008,56019,RIW,Bighorn Mountains West,Johnson,bp16ap26 bp18mr25
WYZ008,56025,RIW,Bighorn Mountains West,Natrona,bp16ap26 bp18mr25
WYZ008,56043,RIW,Bighorn Mountains West,Washakie,bp16ap26 bp18mr25
WYZ009,56019,RIW,Bighorn Mountains Southeast,Johnson,bp16ap26 bp18mr25
WYZ009,56025,RIW,Bighorn Mountains Southeast,Natrona,bp16ap26 bp18mr25
WYZ009,56043,RIW,Bighorn Mountains Southeast,Washakie,bp16ap26 bp18mr25
WYZ010,56019,RIW,Northeast Johnson County,Johnson,bp16ap26 bp18mr25
WYZ011,56019,RIW,Southeast Johnson County,Johnson,bp16ap26 bp18mr25
WYZ012,56013,RIW,Teton and Gros Ventre Mountains,Fremont,bp16ap26 bp18mr25
WYZ012,56023,RIW,Teton and Gros Ventre Mountains,Lincoln,bp16ap26 bp18mr25
WYZ012,56035,RIW,Teton and Gros Ventre Mountains,Sublette,bp16ap26 bp18mr25
WYZ012,56039,RIW,Teton and Gros Ventre Mountains,Teton,bp16ap26 bp18mr25
WYZ013,56023,RIW,Jackson Hole,Lincoln,bp16ap26 bp18mr25
WYZ013,56039,RIW,Jackson Hole,Teton,bp16ap26 bp18mr25
WYZ014,56013,RIW,Wind River Mountains West,Fremont,bp16ap26 bp18mr25
WYZ014,56035,RIW,Wind River Mountains West,Sublette,bp16ap26 bp18mr25
WYZ015,56013,RIW,Wind River Mountains East,Fremont,bp16ap26 bp18mr25
WYZ015,56035,RIW,Wind River Mountains East,Sublette,bp16ap26 bp18mr25
WYZ016,56013,RIW,Upper Wind River Basin,Fremont,bp16ap26 bp18mr25
WYZ017,56013,RIW,Wind River Basin,Fremont,bp16ap26 bp18mr25
WYZ018,56013,RIW,Lander Foothills,Fremont,bp16ap26 bp18mr25
WYZ019,56013,RIW,Green Mountains and Rattlesnake Range,Fremont,bp16ap26 bp18mr25
WYZ019,56025,RIW,Green Mountains and Rattlesnake Range,Natrona,bp16ap26 bp18mr25
WYZ019,56037,RIW,Green Mountains and Rattlesnake Range,Sweetwater,bp16ap26 bp18mr25
WYZ020,56025,RIW,Natrona County Lower Elevations,Natrona,bp16ap26 bp18mr25
WYZ021,56041,SLC,Southwest Wyoming,Uinta,bp16ap26 bp18mr25
WYZ022,56025,RIW,Casper Mountain,Natrona,bp16ap26 bp18mr25
WYZ023,56023,RIW,Star Valley,Lincoln,bp16ap26 bp18mr25
WYZ024,56023,RIW,Salt River and Wyoming Ranges,Lincoln,bp16ap26 bp18mr25
WYZ024,56035,RIW,Salt River and Wyoming Ranges,Sublette,bp16ap26 bp18mr25
WYZ025,56035,RIW,Upper Green River Basin Foothills,Sublette,bp16ap26 bp18mr25
WYZ026,56013,RIW,Upper Green River Basin,Fremont,bp16ap26 bp18mr25
WYZ026,56023,RIW,Upper Green River Basin,Lincoln,bp16ap26 bp18mr25
WYZ026,56035,RIW,Upper Green River Basin,Sublette,bp16ap26 bp18mr25
WYZ026,56037,RIW,Upper Green River Basin,Sweetwater,bp16ap26 bp18mr25
WYZ027,56023,RIW,South Lincoln County,Lincoln,bp16ap26 bp18mr25
WYZ028,56037,RIW,Rock Springs and Green River,Sweetwater,bp16ap26 bp18mr25
WYZ029,56037,RIW,Flaming Gorge,Sweetwater,bp16ap26 bp18mr25
WYZ030,56037,RIW,East Sweetwater County,Sweetwater,bp16ap26 bp18mr25
WYZ054,56005,UNR,Northern Cambell,Campbell,bp16ap26 bp18mr25
WYZ055,56005,UNR,Southern Campbell,Campbell,bp16ap26 bp18mr25
WYZ056,56011,UNR,Western Crook ,Crook,bp16ap26 bp18mr25
WYZ057,56011,UNR,Wyoming Black Hills ,Crook,bp16ap26 bp18mr25
WYZ057,56045,UNR,Wyoming Black Hills ,Weston,bp16ap26 bp18mr25
WYZ058,56045,UNR,Weston,Weston,bp16ap26 bp18mr25
WYZ059,56045,UNR,Newcastle ,Weston,bp16ap26 bp18mr25
WYZ060,56011,UNR,Northeastern Crook ,Crook,bp16ap26 bp18mr25
WYZ071,56011,UNR,Northeastern Crook,Crook,bp18mr25
WYZ101,56009,CYS,Converse County Lower Elevations,Converse,bp16ap26 bp18mr25
WYZ102,56027,CYS,Niobrara County,Niobrara,bp16ap26 bp18mr25
WYZ103,56001,CYS,North Laramie Range,Albany,bp16ap26 bp18mr25
WYZ103,56009,CYS,North Laramie Range,Converse,bp16ap26 bp18mr25
WYZ103,56031,CYS,North Laramie Range,Platte,bp16ap26 bp18mr25
WYZ104,56007,CYS,Ferris/Seminoe/Shirley Mountains,Carbon,bp16ap26 bp18mr25
WYZ105,56001,CYS,Shirley Basin,Albany,bp16ap26 bp18mr25
WYZ105,56007,CYS,Shirley Basin,Carbon,bp16ap26 bp18mr25
WYZ106,56001,CYS,Central Laramie Range and Southwest Platte County,Albany,bp16ap26 bp18mr25
WYZ106,56021,CYS,Central Laramie Range and Southwest Platte County,Laramie,bp16ap26 bp18mr25
WYZ106,56031,CYS,Central Laramie Range and Southwest Platte County,Platte,bp16ap26 bp18mr25
WYZ107,56031,CYS,East Platte County,Platte,bp16ap26 bp18mr25
WYZ108,56015,CYS,Goshen County,Goshen,bp16ap26 bp18mr25
WYZ109,56007,CYS,Central Carbon County,Carbon,bp16ap26 bp18mr25
WYZ110,56001,CYS,North Snowy Range Foothills,Albany,bp16ap26 bp18mr25
WYZ110,56007,CYS,North Snowy Range Foothills,Carbon,bp16ap26 bp18mr25
WYZ111,56007,CYS,Southwest Carbon County,Carbon,bp16ap26 bp18mr25
WYZ112,56007,CYS,Sierra Madre Range,Carbon,bp16ap26 bp18mr25
WYZ113,56007,CYS,Upper North Platte River Basin,Carbon,bp16ap26 bp18mr25
WYZ114,56001,CYS,Snowy Range,Albany,bp16ap26 bp18mr25
WYZ114,56007,CYS,Snowy Range,Carbon,bp16ap26 bp18mr25
WYZ115,56001,CYS,Laramie Valley,Albany,bp16ap26 bp18mr25
WYZ116,56001,CYS,South Laramie Range,Albany,bp16ap26 bp18mr25
WYZ116,56021,CYS,South Laramie Range,Laramie,bp16ap26 bp18mr25
WYZ117,56001,CYS,South Laramie Range Foothills,Albany,bp16ap26 bp18mr25
WYZ117,56021,CYS,South Laramie Range Foothills,Laramie,bp16ap26 bp18mr25
WYZ118,56021,CYS,Central Laramie County,Laramie,bp16ap26 bp18mr25
WYZ119,56021,CYS,East Laramie County,Laramie,bp16ap26 bp18mr25
WYZ198,56033,BYZ,Northeast Big Horn Mountains,Sheridan,bp16ap26 bp18mr25
WYZ199,56033,BYZ,Sheridan Foothills,Sheridan,bp16ap26 bp18mr25
